# Blender 5.0.0
# www.blender.org
mtllib Logo_Universidade_Do_Minho.mtl
o Cube
v 1.000000 1.000000 -1.000000
v 1.000000 -1.000000 -1.000000
v 1.000000 1.000000 1.000000
v 1.000000 -1.000000 1.000000
v -1.000000 1.000000 -1.000000
v -1.000000 -1.000000 -1.000000
v -1.000000 1.000000 1.000000
v -1.000000 -1.000000 1.000000
vn -0.0000 1.0000 -0.0000
vn -0.0000 -0.0000 1.0000
vn -1.0000 -0.0000 -0.0000
vn -0.0000 -1.0000 -0.0000
vn 1.0000 -0.0000 -0.0000
vn -0.0000 -0.0000 -1.0000
vt 0.625000 0.500000
vt 0.875000 0.500000
vt 0.875000 0.750000
vt 0.625000 0.750000
vt 0.375000 0.750000
vt 0.625000 1.000000
vt 0.375000 1.000000
vt 0.375000 0.000000
vt 0.625000 0.000000
vt 0.625000 0.250000
vt 0.375000 0.250000
vt 0.125000 0.500000
vt 0.375000 0.500000
vt 0.125000 0.750000
s 0
usemtl Material
f 1/1/1 5/2/1 7/3/1 3/4/1
f 4/5/2 3/4/2 7/6/2 8/7/2
f 8/8/3 7/9/3 5/10/3 6/11/3
f 6/12/4 2/13/4 4/5/4 8/14/4
f 2/13/5 1/1/5 3/4/5 4/5/5
f 6/11/6 5/10/6 1/1/6 2/13/6
o Cube.001
v 1.000000 1.000000 -1.000000
v 1.000000 -1.000000 -1.000000
v 1.000000 1.000000 1.000000
v 1.000000 -1.000000 1.000000
v -1.000000 1.000000 -1.000000
v -1.000000 -1.000000 -1.000000
v -1.000000 1.000000 1.000000
v -1.000000 -1.000000 1.000000
vn -0.0000 1.0000 -0.0000
vn -0.0000 -0.0000 1.0000
vn -1.0000 -0.0000 -0.0000
vn -0.0000 -1.0000 -0.0000
vn 1.0000 -0.0000 -0.0000
vn -0.0000 -0.0000 -1.0000
vt 0.625000 0.500000
vt 0.875000 0.500000
vt 0.875000 0.750000
vt 0.625000 0.750000
vt 0.375000 0.750000
vt 0.625000 1.000000
vt 0.375000 1.000000
vt 0.375000 0.000000
vt 0.625000 0.000000
vt 0.625000 0.250000
vt 0.375000 0.250000
vt 0.125000 0.500000
vt 0.375000 0.500000
vt 0.125000 0.750000
s 1
usemtl Material.001
f 9/15/7 13/16/7 15/17/7 11/18/7
f 12/19/8 11/18/8 15/20/8 16/21/8
f 16/22/9 15/23/9 13/24/9 14/25/9
f 14/26/10 10/27/10 12/19/10 16/28/10
f 10/27/11 9/15/11 11/18/11 12/19/11
f 14/25/12 13/24/12 9/15/12 10/27/12
o Logo_Universidade_Do_Minho
v 35.703079 -7.994710 79.226318
v 34.503174 -5.381427 79.226318
v 35.631134 -2.768137 58.753906
v 35.416885 -2.768137 57.398438
v 35.703079 -2.768137 60.132324
v 35.703079 -2.768135 79.226318
v 34.824722 -3.872647 79.226318
v 34.824722 -3.872649 60.132324
v 34.503174 -5.381431 60.132324
v 34.503174 -5.381427 79.226318
v 34.441620 -5.381431 58.950684
v 34.760391 -3.872650 58.897522
v 34.257904 -5.381431 57.788269
v 34.568474 -3.872650 57.684448
v 33.955185 -5.381431 56.666992
v 34.252235 -3.872650 56.512451
v 33.538643 -5.381431 55.605957
v 35.063713 -2.768138 56.089966
v 33.817101 -3.872650 55.403198
v 33.015518 -5.381431 54.621033
v 34.577766 -2.768138 54.851562
v 33.270561 -3.872650 54.374817
v 32.394623 -5.381431 53.730225
v 33.967377 -2.768138 53.702515
v 32.621902 -3.872650 53.444214
v 31.882360 -3.872650 52.629456
v 0.991571 -3.872651 48.482117
v 0.991571 -6.890213 48.482117
v 0.795792 -5.381433 48.162231
v -0.156794 -6.890213 49.749512
v -2.606209 -2.768137 58.359192
v -2.330645 -2.768138 56.617493
v -1.876562 -2.768138 54.934875
v -3.179064 -3.872650 56.331421
v -3.477077 -3.872650 58.215576
v -3.795731 -5.381431 58.162476
v -2.698545 -2.768137 60.132324
v -2.698545 -2.768135 79.226318
v -2.698545 -7.994710 79.226318
v -3.898449 -5.381431 60.132324
v -3.576899 -3.872649 60.132324
v -3.576899 -3.872647 79.226318
v -3.898449 -5.381427 79.226318
v -3.576899 -6.890208 79.226318
v -3.576899 -6.890212 60.132324
v -3.477077 -6.890212 58.215576
v -2.698545 -7.994713 60.132324
v 31.686579 -5.381432 52.949341
v 16.873365 -7.994714 56.617493
v 16.597799 -7.994713 58.359192
v 16.024946 -6.890212 56.331421
v 16.505465 -7.994712 70.540527
v 16.505465 -7.994713 60.132324
v 15.727053 -6.890212 58.215576
v 15.627111 -6.890212 60.132324
v 15.627111 -6.890210 70.540527
v 15.305559 -5.381429 70.540527
v 15.305559 -5.381431 60.132324
v 15.408278 -5.381431 58.162476
v 15.627111 -3.872648 70.540527
v 15.714380 -5.381431 56.226379
v 16.505465 -2.768135 70.540527
v 15.627111 -3.872649 60.132324
v 15.727053 -3.872650 58.215576
v 16.505465 -2.768137 60.132324
v 16.024946 -3.872650 56.331421
v 16.597799 -2.768137 58.359192
v 12.482569 -5.381432 52.949341
v 12.678350 -6.890213 52.629456
v 13.190611 -5.381431 53.730225
v 13.417891 -6.890213 53.444214
v 14.066549 -6.890212 54.374817
v 13.811506 -5.381431 54.621033
v 14.763365 -7.994714 53.702515
v 14.613089 -6.890212 55.403198
v 14.334627 -5.381431 55.605957
v 15.373758 -7.994714 54.851562
v 15.048223 -6.890212 56.512451
v 14.751173 -5.381431 56.666992
v 15.859705 -7.994714 56.089966
v 15.364344 -6.890212 57.684448
v 15.053896 -5.381431 57.788269
v 16.212759 -7.994714 57.398438
v 15.556257 -6.890212 58.897522
v 15.237604 -5.381431 58.950684
v 15.620596 -6.890212 60.132324
v 15.299162 -5.381431 60.132324
v 16.427126 -7.994713 58.753906
v 16.498945 -7.994713 60.132324
v 16.873365 -2.768138 56.617493
v 17.327448 -2.768138 54.934875
v 16.515966 -3.872650 54.512390
v 17.952204 -2.768138 53.342834
v 17.191538 -3.872650 52.789978
v 18.736891 -2.768139 51.865417
v 16.218916 -5.381431 54.357910
v 18.040075 -3.872651 51.193115
v 16.515966 -6.890212 54.512390
v 16.913076 -5.381432 52.588440
v 17.191538 -6.890213 52.789978
v 17.327448 -7.994714 54.934875
v 12.482569 -5.381432 52.949341
v 12.678350 -3.872650 52.629456
v 13.190611 -5.381431 53.730225
v 13.417891 -3.872650 53.444214
v 14.066549 -3.872650 54.374817
v 13.811506 -5.381431 54.621033
v 14.763365 -2.768138 53.702515
v 14.613089 -3.872650 55.403198
v 14.334627 -5.381431 55.605957
v 15.373758 -2.768138 54.851562
v 15.859705 -2.768138 56.089966
v 15.048223 -3.872650 56.512451
v 14.751173 -5.381431 56.666992
v 15.364344 -3.872650 57.684448
v 15.053896 -5.381431 57.788269
v 15.556257 -3.872650 58.897522
v 15.237604 -5.381431 58.950684
v 15.620596 -3.872649 60.132324
v 15.299162 -5.381431 60.132324
v 16.427126 -2.768137 58.753906
v 16.212759 -2.768137 57.398438
v 17.952204 -7.994715 53.342834
v 18.736891 -7.994715 51.865417
v 18.040075 -6.890213 51.193115
v 19.047216 -6.890213 49.749512
v 17.785028 -5.381433 50.946899
v 18.819933 -5.381433 49.463440
v 19.047216 -3.872651 49.749512
v 19.999922 -5.381433 48.162231
v 20.195581 -6.890213 48.482117
v 20.195581 -3.872651 48.482117
v 16.498945 -2.768137 60.132324
v -2.606209 -7.994713 58.359192
v -2.330645 -7.994714 56.617493
v -1.876562 -7.994714 54.934875
v -3.179064 -6.890212 56.331421
v -1.251806 -7.994715 53.342834
v -0.467119 -7.994715 51.865417
v -1.163935 -6.890213 51.193115
v -2.012472 -6.890213 52.789978
v -2.688044 -6.890212 54.512390
v -2.290934 -5.381432 52.588440
v -1.418980 -5.381433 50.946899
v -0.384197 -5.381433 49.463440
v -0.156794 -3.872651 49.749512
v -1.163935 -3.872651 51.193115
v -2.985094 -5.381431 54.357910
v -2.012472 -3.872650 52.789978
v -3.489630 -5.381431 56.226379
v -2.688044 -3.872650 54.512390
v -1.251806 -2.768138 53.342834
v -0.467119 -2.768139 51.865417
v 33.967377 -7.994714 53.702515
v 32.621902 -6.890213 53.444214
v 31.882360 -6.890213 52.629456
v 32.394623 -5.381431 53.730225
v 31.686579 -5.381432 52.949341
v 33.270561 -6.890212 54.374817
v 33.015518 -5.381431 54.621033
v 33.817101 -6.890212 55.403198
v 33.538643 -5.381431 55.605957
v 34.577766 -7.994714 54.851562
v 34.252235 -6.890212 56.512451
v 33.955185 -5.381431 56.666992
v 35.063713 -7.994714 56.089966
v 34.568474 -6.890212 57.684448
v 34.257904 -5.381431 57.788269
v 35.416885 -7.994714 57.398438
v 34.760391 -6.890212 58.897522
v 34.441620 -5.381431 58.950684
v 34.824722 -6.890212 60.132324
v 34.503174 -5.381431 60.132324
v 35.631134 -7.994713 58.753906
v 35.703079 -7.994713 60.132324
v 34.824722 -6.890208 79.226318
v 35.703079 -7.994710 79.226318
v 36.902863 -8.398992 79.226318
v 38.102760 -7.994710 79.226318
v 38.102760 -7.994713 60.132324
v 38.010307 -7.994713 58.359192
v 37.280777 -7.994714 54.934875
v 36.568024 -6.890213 51.193115
v 6.575872 -6.890214 45.574402
v 6.690538 -7.994715 46.669189
v 8.100103 -7.994715 46.553284
v 8.100103 -8.398995 48.062073
v 5.305117 -7.994715 47.015564
v 6.847212 -8.398995 48.164673
v 8.100103 -7.994715 49.570862
v 7.003763 -7.994715 49.660156
v 5.077833 -6.890214 45.948608
v 5.615683 -8.398995 48.472473
v 3.631456 -6.890214 46.566589
v 2.261602 -6.890213 47.415100
v 3.967615 -7.994715 47.586487
v 2.700720 -7.994715 48.372314
v 0.991571 -6.890213 48.482117
v 4.426764 -8.398995 48.980591
v 1.526281 -7.994715 49.358398
v -0.156794 -6.890213 49.749512
v 3.300611 -8.398995 49.678284
v 4.885920 -7.994715 50.374756
v 3.900621 -7.994715 50.985474
v 5.926252 -7.994715 49.930542
v 4.339735 -6.890213 51.941467
v 2.987143 -7.994715 51.753174
v 2.256651 -8.398995 50.555786
v 5.222071 -6.890213 51.394653
v -2.698545 -7.994710 79.226318
v -2.698545 -7.994713 60.132324
v 33.142616 -6.890213 47.415100
v 34.412529 -6.890213 48.482117
v 31.772642 -6.890214 46.566589
v 32.703377 -7.994715 48.372314
v 25.779882 -6.890214 45.574402
v 27.304113 -6.890214 45.448853
v 25.894548 -7.994715 46.669189
v 27.304113 -7.994715 46.553284
v 26.051222 -8.398995 48.164673
v 27.304113 -8.398995 48.062073
v 24.281843 -6.890214 45.948608
v 27.304113 -7.994715 49.570862
v 24.509249 -7.994715 47.015564
v 26.207773 -7.994715 49.660156
v 24.819693 -8.398995 48.472473
v 22.835466 -6.890214 46.566589
v 26.322439 -6.890213 50.756165
v 25.357664 -6.890213 50.997559
v 25.130259 -7.994715 49.930542
v 24.426085 -6.890213 51.394653
v 23.543749 -6.890213 51.941467
v 24.089926 -7.994715 50.374756
v 23.630774 -8.398995 48.980591
v 23.104631 -7.994715 50.985474
v 22.725870 -6.890213 52.629456
v 22.191153 -7.994715 51.753174
v 23.171621 -7.994715 47.586487
v 22.504740 -8.398995 49.678284
v 21.460661 -8.398995 50.555786
v 21.986200 -6.890213 53.444214
v 21.365187 -7.994715 52.663269
v 20.730291 -7.994715 49.358398
v 21.904730 -7.994715 48.372314
v 21.337545 -6.890212 54.374817
v 20.640730 -7.994714 53.702515
v 20.030340 -7.994714 54.851562
v 19.688871 -8.398995 52.783936
v 19.191336 -7.994714 57.398438
v 19.544508 -7.994714 56.089966
v 18.991331 -8.398995 54.097168
v 18.435980 -8.398994 55.513062
v 18.905149 -7.994712 70.540527
v 18.976969 -7.994713 58.753906
v 18.032351 -8.398993 57.007324
v 18.905149 -7.994713 60.132324
v 17.787447 -8.398993 58.555908
v 16.873365 -7.994714 56.617493
v 17.705248 -8.398993 60.132324
v 16.597799 -7.994713 58.359192
v 17.705248 -8.398992 70.540527
v 16.505465 -7.994712 70.540527
v 16.505465 -7.994713 60.132324
v 9.624212 -6.890214 45.574402
v 9.509550 -7.994715 46.669189
v 8.100103 -7.994715 46.553284
v 9.352995 -8.398995 48.164673
v 8.100103 -8.398995 48.062073
v 8.100103 -7.994715 49.570862
v 10.894972 -7.994715 47.015564
v 9.196325 -7.994715 49.660156
v 10.584406 -8.398995 48.472473
v 8.100103 -6.890213 50.675293
v 11.122255 -6.890214 45.948608
v 12.232473 -7.994715 47.586487
v 10.273832 -7.994715 49.930542
v 11.314169 -7.994715 50.374756
v 12.568632 -6.890214 46.566589
v 10.046553 -6.890213 50.997559
v 9.081656 -6.890213 50.756165
v 10.978014 -6.890213 51.394653
v 11.860350 -6.890213 51.941467
v 12.678350 -6.890213 52.629456
v 12.299463 -7.994715 50.985474
v 13.212938 -7.994715 51.753174
v 11.773321 -8.398995 48.980591
v 12.899477 -8.398995 49.678284
v 13.943430 -8.398995 50.555786
v 13.417891 -6.890213 53.444214
v 14.039026 -7.994715 52.663269
v 13.499369 -7.994715 48.372314
v 14.673803 -7.994715 49.358398
v 14.066549 -6.890212 54.374817
v 14.763365 -7.994714 53.702515
v 15.373758 -7.994714 54.851562
v 15.715227 -8.398995 52.783936
v 16.412886 -8.398995 54.097168
v 15.859705 -7.994714 56.089966
v 16.968119 -8.398994 55.513062
v 16.212759 -7.994714 57.398438
v 16.427126 -7.994713 58.753906
v 16.498945 -7.994713 60.132324
v 17.616774 -8.398993 58.555908
v 17.698851 -8.398993 60.132324
v 17.371748 -8.398993 57.007324
v 18.806292 -7.994713 58.359192
v 17.327448 -7.994714 54.934875
v 18.076651 -7.994714 54.934875
v 17.451895 -7.994715 53.342834
v 17.364023 -6.890213 51.193115
v 17.952204 -7.994715 53.342834
v 18.736891 -7.994715 51.865417
v 18.040075 -6.890213 51.193115
v 19.668352 -7.994715 50.530457
v 20.516771 -8.398995 51.597473
v 19.047216 -6.890213 49.749512
v 20.195581 -6.890213 48.482117
v 21.465612 -6.890213 47.415100
v 18.898634 -7.994713 60.132324
v 18.530729 -7.994714 56.617493
v 16.667204 -7.994715 51.865417
v 15.735865 -7.994715 50.530457
v 14.887449 -8.398995 51.597473
v 16.356878 -6.890213 49.749512
v 15.208517 -6.890213 48.482117
v 13.938486 -6.890213 47.415100
v 6.153536 -6.890213 50.997559
v 7.118429 -6.890213 50.756165
v 3.521856 -6.890213 52.629456
v 2.782190 -6.890213 53.444214
v 2.133535 -6.890212 54.374817
v 2.161058 -7.994715 52.663269
v 1.312639 -8.398995 51.597473
v 1.436720 -7.994714 53.702515
v 0.484861 -8.398995 52.783936
v 0.464222 -7.994715 50.530457
v 0.826330 -7.994714 54.851562
v 0.340382 -7.994714 56.089966
v -0.768030 -8.398994 55.513062
v -0.212799 -8.398995 54.097168
v -0.012674 -7.994714 57.398438
v -0.227041 -7.994713 58.753906
v -0.298861 -7.994710 79.226318
v -0.298861 -7.994713 60.132324
v -1.416565 -8.398993 58.555908
v -1.498762 -8.398992 79.226318
v -1.498762 -8.398993 60.132324
v -1.171659 -8.398993 57.007324
v -2.606209 -7.994713 58.359192
v -2.330645 -7.994714 56.617493
v -1.876562 -7.994714 54.934875
v -1.251806 -7.994715 53.342834
v -0.467119 -7.994715 51.865417
v -1.163935 -6.890213 51.193115
v 30.326262 -6.890214 45.948608
v 31.436605 -7.994715 47.586487
v 28.828222 -6.890214 45.574402
v 27.304113 -6.890214 45.448853
v 28.713556 -7.994715 46.669189
v 27.304113 -7.994715 46.553284
v 30.098982 -7.994715 47.015564
v 28.557005 -8.398995 48.164673
v 27.304113 -8.398995 48.062073
v 27.304113 -7.994715 49.570862
v 28.400335 -7.994715 49.660156
v 29.788412 -8.398995 48.472473
v 30.977335 -8.398995 48.980591
v 29.477846 -7.994715 49.930542
v 30.518179 -7.994715 50.374756
v 32.103485 -8.398995 49.678284
v 29.250563 -6.890213 50.997559
v 33.877930 -7.994715 49.358398
v 31.503595 -7.994715 50.985474
v 33.147438 -8.398995 50.555786
v 35.561012 -6.890213 49.749512
v 31.064356 -6.890213 51.941467
v 34.939880 -7.994715 50.530457
v 34.091461 -8.398995 51.597473
v 35.871216 -7.994715 51.865417
v 34.919350 -8.398995 52.783936
v 33.243034 -7.994715 52.663269
v 32.417068 -7.994715 51.753174
v 33.967377 -7.994714 53.702515
v 32.621902 -6.890213 53.444214
v 31.882360 -6.890213 52.629456
v 33.270561 -6.890212 54.374817
v 30.182142 -6.890213 51.394653
v 28.285666 -6.890213 50.756165
v 34.577766 -7.994714 54.851562
v 35.616898 -8.398995 54.097168
v 35.063713 -7.994714 56.089966
v 35.416885 -7.994714 57.398438
v 36.172241 -8.398994 55.513062
v 36.656021 -7.994715 53.342834
v 35.631134 -7.994713 58.753906
v 36.575752 -8.398993 57.007324
v 37.734741 -7.994714 56.617493
v 36.820786 -8.398993 58.555908
v 36.902863 -8.398993 60.132324
v 35.703079 -7.994713 60.132324
v 6.575872 -6.890214 45.574402
v 8.100103 -6.890214 45.448853
v 8.100103 -5.381433 45.044495
v 6.690538 -7.994715 46.669189
v 8.100103 -7.994715 46.553284
v 6.533991 -5.381433 45.173645
v 5.077833 -6.890214 45.948608
v 3.631456 -6.890214 46.566589
v 6.575872 -3.872652 45.574402
v 8.100103 -3.872652 45.448853
v 4.994669 -5.381433 45.558716
v 5.077833 -3.872652 45.948608
v 6.690538 -2.768139 46.669189
v 3.631456 -3.872652 46.566589
v 3.508459 -5.381433 46.192383
v 2.261602 -3.872651 47.415100
v 2.261602 -6.890213 47.415100
v 2.100828 -5.381433 47.065063
v 0.991571 -3.872651 48.482117
v 0.991571 -6.890213 48.482117
v 0.795792 -5.381433 48.162231
v 28.870230 -5.381433 45.173645
v 28.828222 -3.872652 45.574402
v 27.304113 -5.381433 45.044495
v 27.304113 -3.872652 45.448853
v 30.326262 -3.872652 45.948608
v 31.772642 -3.872652 46.566589
v 33.142616 -3.872651 47.415100
v 34.412529 -3.872651 48.482117
v 30.409548 -5.381433 45.558716
v 31.895758 -5.381433 46.192383
v 33.303391 -5.381433 47.065063
v 34.608307 -5.381433 48.162231
v 33.142616 -6.890213 47.415100
v 34.412529 -6.890213 48.482117
v 31.772642 -6.890214 46.566589
v 25.779882 -6.890214 45.574402
v 27.304113 -6.890214 45.448853
v 27.304113 -5.381433 45.044495
v 25.894548 -7.994715 46.669189
v 27.304113 -7.994715 46.553284
v 25.737997 -5.381433 45.173645
v 24.281843 -6.890214 45.948608
v 22.835466 -6.890214 46.566589
v 9.666216 -5.381433 45.173645
v 9.624212 -3.872652 45.574402
v 8.100103 -5.381433 45.044495
v 8.100103 -3.872652 45.448853
v 9.509550 -2.768139 46.669189
v 11.122255 -3.872652 45.948608
v 9.624212 -6.890214 45.574402
v 8.100103 -6.890214 45.448853
v 9.509550 -7.994715 46.669189
v 8.100103 -7.994715 46.553284
v 11.122255 -6.890214 45.948608
v 11.205538 -5.381433 45.558716
v 12.568632 -6.890214 46.566589
v 19.999922 -5.381433 48.162231
v 20.195581 -6.890213 48.482117
v 21.465612 -6.890213 47.415100
v 21.304838 -5.381433 47.065063
v 20.195581 -3.872651 48.482117
v 22.712469 -5.381433 46.192383
v 21.465612 -3.872651 47.415100
v 24.198679 -5.381433 45.558716
v 22.835466 -3.872652 46.566589
v 24.281843 -3.872652 45.948608
v 25.779882 -3.872652 45.574402
v 27.304113 -3.872652 45.448853
v 15.208517 -6.890213 48.482117
v 13.938486 -6.890213 47.415100
v 12.691626 -5.381433 46.192383
v 14.099260 -5.381433 47.065063
v 12.568632 -3.872652 46.566589
v 13.938486 -3.872651 47.415100
v 15.404295 -5.381433 48.162231
v 15.208517 -3.872651 48.482117
v 30.326262 -6.890214 45.948608
v 28.828222 -6.890214 45.574402
v 27.304113 -6.890214 45.448853
v 38.102760 -2.768135 79.226318
v 39.302544 -5.381427 79.226318
v 38.102760 -7.994710 79.226318
v 38.102760 -7.994713 60.132324
v 38.981110 -6.890212 60.132324
v 38.010307 -7.994713 58.359192
v 38.981110 -6.890208 79.226318
v 38.881172 -6.890212 58.215576
v 39.302544 -5.381431 60.132324
v 38.583153 -6.890212 56.331421
v 39.199951 -5.381431 58.162476
v 38.981110 -3.872649 60.132324
v 38.881172 -3.872650 58.215576
v 38.981110 -3.872647 79.226318
v 38.102760 -2.768137 60.132324
v 38.010307 -2.768137 58.359192
v 38.583153 -3.872650 56.331421
v 38.893723 -5.381431 56.226379
v 38.092262 -6.890212 54.512390
v 37.280777 -7.994714 54.934875
v 37.416687 -6.890213 52.789978
v 38.389183 -5.381431 54.357910
v 38.092262 -3.872650 54.512390
v 37.695030 -5.381432 52.588440
v 36.568024 -6.890213 51.193115
v 36.823074 -5.381433 50.946899
v 37.416687 -3.872650 52.789978
v 36.568024 -3.872651 51.193115
v 35.561012 -3.872651 49.749512
v 37.280777 -2.768138 54.934875
v 37.734741 -2.768138 56.617493
v 36.656021 -2.768138 53.342834
v 35.871216 -2.768139 51.865417
v 1.448912 -5.381431 56.666992
v 1.151983 -3.872650 56.512451
v 1.865458 -5.381431 55.605957
v 1.586996 -3.872650 55.403198
v 0.835745 -3.872650 57.684448
v 0.340382 -2.768138 56.089966
v 0.826330 -2.768138 54.851562
v 1.146311 -5.381431 57.788269
v 0.643826 -3.872650 58.897522
v 0.962603 -5.381431 58.950684
v -0.012674 -2.768137 57.398438
v 0.579493 -3.872649 60.132324
v 0.900923 -5.381431 60.132324
v -0.227041 -2.768137 58.753906
v 0.900923 -5.381427 79.226318
v 0.579493 -3.872647 79.226318
v -0.298861 -2.768135 79.226318
v -0.298861 -2.768137 60.132324
v 34.412529 -3.872651 48.482117
v 34.608307 -5.381433 48.162231
v 34.412529 -6.890213 48.482117
v 22.921526 -5.381432 52.949341
v 22.725870 -6.890213 52.629456
v 22.213606 -5.381431 53.730225
v 21.986200 -6.890213 53.444214
v 21.337545 -6.890212 54.374817
v 21.592714 -5.381431 54.621033
v 20.640730 -7.994714 53.702515
v 20.791006 -6.890212 55.403198
v 21.069464 -5.381431 55.605957
v 20.030340 -7.994714 54.851562
v 20.355997 -6.890212 56.512451
v 20.653044 -5.381431 56.666992
v 20.039755 -6.890212 57.684448
v 20.350321 -5.381431 57.788269
v 19.191336 -7.994714 57.398438
v 19.847834 -6.890212 58.897522
v 20.166613 -5.381431 58.950684
v 19.544508 -7.994714 56.089966
v 19.783503 -6.890212 60.132324
v 20.105055 -5.381431 60.132324
v 20.105055 -5.381429 70.540527
v 19.783503 -6.890210 70.540527
v 18.905149 -7.994712 70.540527
v 18.976969 -7.994713 58.753906
v 18.905149 -7.994713 60.132324
v 20.105055 -5.381429 70.540527
v 18.905149 -2.768135 70.540527
v 18.806292 -7.994713 58.359192
v 19.783503 -3.872648 70.540527
v 19.783503 -3.872649 60.132324
v 20.105055 -5.381431 60.132324
v 20.166613 -5.381431 58.950684
v 18.905149 -2.768137 60.132324
v 19.847834 -3.872650 58.897522
v 20.350321 -5.381431 57.788269
v 18.976969 -2.768137 58.753906
v 20.039755 -3.872650 57.684448
v 20.653044 -5.381431 56.666992
v 19.191336 -2.768137 57.398438
v 20.355997 -3.872650 56.512451
v 21.069464 -5.381431 55.605957
v 19.544508 -2.768138 56.089966
v 20.030340 -2.768138 54.851562
v 16.356878 -3.872651 49.749512
v 17.364023 -3.872651 51.193115
v 16.667204 -2.768139 51.865417
v 17.451895 -2.768138 53.342834
v 18.212561 -3.872650 52.789978
v 18.806292 -2.768137 58.359192
v 18.530729 -2.768138 56.617493
v 19.379148 -3.872650 56.331421
v 18.076651 -2.768138 54.934875
v 18.888132 -3.872650 54.512390
v 19.689714 -5.381431 56.226379
v 19.995939 -5.381431 58.162476
v 19.379148 -6.890212 56.331421
v 19.185179 -5.381431 54.357910
v 18.888132 -6.890212 54.512390
v 18.076651 -7.994714 54.934875
v 18.212561 -6.890213 52.789978
v 17.451895 -7.994715 53.342834
v 17.364023 -6.890213 51.193115
v 18.491018 -5.381432 52.588440
v 17.619062 -5.381433 50.946899
v 22.921526 -5.381432 52.949341
v 22.725870 -3.872650 52.629456
v 22.213606 -5.381431 53.730225
v 21.986200 -3.872650 53.444214
v 20.640730 -2.768138 53.702515
v 21.337545 -3.872650 54.374817
v 21.592714 -5.381431 54.621033
v 20.791006 -3.872650 55.403198
v 18.898634 -7.994713 60.132324
v 19.776987 -6.890212 60.132324
v 18.530729 -7.994714 56.617493
v 19.677164 -6.890212 58.215576
v 20.098536 -5.381431 60.132324
v 19.677164 -3.872650 58.215576
v 19.776987 -3.872649 60.132324
v 18.898634 -2.768137 60.132324
v 16.667204 -7.994715 51.865417
v 16.356878 -6.890213 49.749512
v 15.208517 -6.890213 48.482117
v 15.404295 -5.381433 48.162231
v 16.584280 -5.381433 49.463440
v 15.208517 -3.872651 48.482117
v 3.717516 -5.381432 52.949341
v 3.521856 -6.890213 52.629456
v 3.009474 -5.381431 53.730225
v 2.782190 -6.890213 53.444214
v 2.133535 -6.890212 54.374817
v 2.388582 -5.381431 54.621033
v 1.436720 -7.994714 53.702515
v 1.586996 -6.890212 55.403198
v 1.865458 -5.381431 55.605957
v 1.151983 -6.890212 56.512451
v 1.448912 -5.381431 56.666992
v 0.826330 -7.994714 54.851562
v 0.340382 -7.994714 56.089966
v 0.835745 -6.890212 57.684448
v 1.146311 -5.381431 57.788269
v 0.643826 -6.890212 58.897522
v 0.962603 -5.381431 58.950684
v -0.012674 -7.994714 57.398438
v -0.227041 -7.994713 58.753906
v 0.579493 -6.890212 60.132324
v 0.900923 -5.381431 60.132324
v 0.579493 -6.890208 79.226318
v 0.900923 -5.381427 79.226318
v -0.298861 -7.994710 79.226318
v -0.298861 -7.994713 60.132324
v 1.436720 -2.768138 53.702515
v 2.133535 -3.872650 54.374817
v 2.782190 -3.872650 53.444214
v 3.009474 -5.381431 53.730225
v 2.388582 -5.381431 54.621033
v 3.521856 -3.872650 52.629456
v 3.717516 -5.381432 52.949341
v 35.561012 -6.890213 49.749512
v 35.788292 -5.381433 49.463440
v 35.871216 -7.994715 51.865417
v 36.656021 -7.994715 53.342834
v 37.734741 -7.994714 56.617493
v 38.102760 -2.768135 79.226318
v 38.102760 -2.768137 60.132324
v 38.010307 -2.768137 58.359192
v 36.568024 -3.872651 51.193115
v 35.561012 -3.872651 49.749512
v 37.280777 -2.768138 54.934875
v 37.734741 -2.768138 56.617493
v 36.656021 -2.768138 53.342834
v 36.820786 -2.363868 58.555908
v 36.172241 -2.363869 55.513062
v 36.575752 -2.363868 57.007324
v 36.902863 -2.363868 60.132324
v 35.631134 -2.768137 58.753906
v 35.416885 -2.768137 57.398438
v 36.902863 -2.363866 79.226318
v 35.703079 -2.768137 60.132324
v 35.703079 -2.768135 79.226318
v 35.063713 -2.768138 56.089966
v 34.577766 -2.768138 54.851562
v 35.616898 -2.363869 54.097168
v 33.270561 -3.872650 54.374817
v 35.871216 -2.768139 51.865417
v 34.919350 -2.363869 52.783936
v 34.939880 -2.768139 50.530457
v 33.877930 -2.768139 49.358398
v 34.091461 -2.363870 51.597473
v 33.147438 -2.363870 50.555786
v 33.243034 -2.768138 52.663269
v 32.417068 -2.768139 51.753174
v 33.967377 -2.768138 53.702515
v 32.621902 -3.872650 53.444214
v 31.882360 -3.872650 52.629456
v 6.575872 -3.872652 45.574402
v 8.100103 -3.872652 45.448853
v 5.077833 -3.872652 45.948608
v 6.690538 -2.768139 46.669189
v 8.100103 -2.768139 46.553284
v 8.100103 -2.363870 48.062073
v 5.305117 -2.768139 47.015564
v 6.847212 -2.363870 48.164673
v 8.100103 -2.768139 49.570862
v 3.631456 -3.872652 46.566589
v 5.615683 -2.363870 48.472473
v 3.967615 -2.768139 47.586487
v 2.261602 -3.872651 47.415100
v 2.700720 -2.768139 48.372314
v 0.991571 -3.872651 48.482117
v 0.340382 -2.768138 56.089966
v 0.826330 -2.768138 54.851562
v -0.768030 -2.363869 55.513062
v -0.012674 -2.768137 57.398438
v -0.227041 -2.768137 58.753906
v -0.298861 -2.768135 79.226318
v -0.298861 -2.768137 60.132324
v -1.416565 -2.363868 58.555908
v -1.171659 -2.363868 57.007324
v -1.498762 -2.363868 60.132324
v -2.606209 -2.768137 58.359192
v -2.330645 -2.768138 56.617493
v -1.876562 -2.768138 54.934875
v -1.498762 -2.363866 79.226318
v -2.698545 -2.768137 60.132324
v -2.698545 -2.768135 79.226318
v 28.828222 -3.872652 45.574402
v 27.304113 -3.872652 45.448853
v 28.713556 -2.768139 46.669189
v 27.304113 -2.768139 46.553284
v 30.326262 -3.872652 45.948608
v 28.557005 -2.363870 48.164673
v 27.304113 -2.363870 48.062073
v 30.098982 -2.768139 47.015564
v 27.304113 -2.768139 49.570862
v 28.400335 -2.768139 49.660156
v 27.304113 -3.872651 50.675293
v 28.285666 -3.872651 50.756165
v 29.250563 -3.872651 50.997559
v 29.788412 -2.363870 48.472473
v 29.477846 -2.768139 49.930542
v 30.182142 -3.872651 51.394653
v 30.518179 -2.768139 50.374756
v 31.064356 -3.872651 51.941467
v 30.977335 -2.363870 48.980591
v 31.503595 -2.768139 50.985474
v 32.103485 -2.363870 49.678284
v 31.436605 -2.768139 47.586487
v 32.703377 -2.768139 48.372314
v 31.772642 -3.872652 46.566589
v 33.142616 -3.872651 47.415100
v 34.412529 -3.872651 48.482117
v 16.505465 -2.768135 70.540527
v 16.505465 -2.768137 60.132324
v 16.597799 -2.768137 58.359192
v 17.705248 -2.363868 60.132324
v 18.905149 -2.768135 70.540527
v 17.705248 -2.363866 70.540527
v 9.624212 -3.872652 45.574402
v 8.100103 -3.872652 45.448853
v 9.509550 -2.768139 46.669189
v 8.100103 -2.768139 46.553284
v 8.100103 -2.363870 48.062073
v 11.122255 -3.872652 45.948608
v 9.352995 -2.363870 48.164673
v 18.905149 -2.768137 60.132324
v 18.976969 -2.768137 58.753906
v 17.787447 -2.363868 58.555908
v 19.191336 -2.768137 57.398438
v 18.032351 -2.363868 57.007324
v 16.873365 -2.768138 56.617493
v 18.435980 -2.363869 55.513062
v 19.544508 -2.768138 56.089966
v 20.030340 -2.768138 54.851562
v 17.327448 -2.768138 54.934875
v 17.952204 -2.768138 53.342834
v 18.991331 -2.363869 54.097168
v 18.736891 -2.768139 51.865417
v 19.688871 -2.363869 52.783936
v 18.040075 -3.872651 51.193115
v 11.860350 -3.872651 51.941467
v 11.314169 -2.768139 50.374756
v 12.299463 -2.768139 50.985474
v 11.773321 -2.363870 48.980591
v 12.899477 -2.363870 49.678284
v 12.678350 -3.872650 52.629456
v 13.212938 -2.768139 51.753174
v 13.943430 -2.363870 50.555786
v 14.673803 -2.768139 49.358398
v 13.417891 -3.872650 53.444214
v 14.066549 -3.872650 54.374817
v 14.039026 -2.768138 52.663269
v 14.763365 -2.768138 53.702515
v 15.373758 -2.768138 54.851562
v 14.887449 -2.363870 51.597473
v 15.715227 -2.363869 52.783936
v 15.735865 -2.768139 50.530457
v 16.356878 -3.872651 49.749512
v 17.364023 -3.872651 51.193115
v 16.667204 -2.768139 51.865417
v 17.451895 -2.768138 53.342834
v 16.412886 -2.363869 54.097168
v 16.968119 -2.363869 55.513062
v 15.859705 -2.768138 56.089966
v 16.427126 -2.768137 58.753906
v 16.212759 -2.768137 57.398438
v 17.616774 -2.363868 58.555908
v 17.371748 -2.363868 57.007324
v 18.806292 -2.768137 58.359192
v 18.530729 -2.768138 56.617493
v 18.076651 -2.768138 54.934875
v 19.047216 -3.872651 49.749512
v 20.195581 -3.872651 48.482117
v 21.465612 -3.872651 47.415100
v 20.730291 -2.768139 49.358398
v 22.835466 -3.872652 46.566589
v 21.904730 -2.768139 48.372314
v 24.281843 -3.872652 45.948608
v 23.171621 -2.768139 47.586487
v 25.779882 -3.872652 45.574402
v 27.304113 -3.872652 45.448853
v 24.509249 -2.768139 47.015564
v 25.894548 -2.768139 46.669189
v 27.304113 -2.768139 46.553284
v 26.051222 -2.363870 48.164673
v 27.304113 -2.363870 48.062073
v 27.304113 -2.768139 49.570862
v 26.207773 -2.768139 49.660156
v 27.304113 -3.872651 50.675293
v 24.819693 -2.363870 48.472473
v 23.630774 -2.363870 48.980591
v 26.322439 -3.872651 50.756165
v 25.357664 -3.872651 50.997559
v 25.130259 -2.768139 49.930542
v 24.426085 -3.872651 51.394653
v 24.089926 -2.768139 50.374756
v 23.543749 -3.872651 51.941467
v 23.104631 -2.768139 50.985474
v 22.725870 -3.872650 52.629456
v 22.191153 -2.768139 51.753174
v 22.504740 -2.363870 49.678284
v 21.460661 -2.363870 50.555786
v 21.986200 -3.872650 53.444214
v 21.365187 -2.768138 52.663269
v 20.516771 -2.363870 51.597473
v 19.668352 -2.768139 50.530457
v 20.640730 -2.768138 53.702515
v 21.337545 -3.872650 54.374817
v 18.898634 -2.768137 60.132324
v 17.698851 -2.363868 60.132324
v 16.498945 -2.768137 60.132324
v 12.568632 -3.872652 46.566589
v 13.938486 -3.872651 47.415100
v 15.208517 -3.872651 48.482117
v 13.499369 -2.768139 48.372314
v 12.232473 -2.768139 47.586487
v 10.894972 -2.768139 47.015564
v 10.584406 -2.363870 48.472473
v 10.273832 -2.768139 49.930542
v 9.196325 -2.768139 49.660156
v 8.100103 -2.768139 49.570862
v 8.100103 -3.872651 50.675293
v 10.046553 -3.872651 50.997559
v 9.081656 -3.872651 50.756165
v 10.978014 -3.872651 51.394653
v -0.156794 -3.872651 49.749512
v -1.163935 -3.872651 51.193115
v 1.526281 -2.768139 49.358398
v -1.251806 -2.768138 53.342834
v -0.467119 -2.768139 51.865417
v -0.212799 -2.363869 54.097168
v 0.484861 -2.363869 52.783936
v 0.464222 -2.768139 50.530457
v 1.312639 -2.363870 51.597473
v 1.436720 -2.768138 53.702515
v 2.256651 -2.363870 50.555786
v 2.161058 -2.768138 52.663269
v 3.300611 -2.363870 49.678284
v 2.133535 -3.872650 54.374817
v 2.987143 -2.768139 51.753174
v 2.782190 -3.872650 53.444214
v 3.521856 -3.872650 52.629456
v 4.339735 -3.872651 51.941467
v 3.900621 -2.768139 50.985474
v 5.222071 -3.872651 51.394653
v 4.885920 -2.768139 50.374756
v 4.426764 -2.363870 48.980591
v 5.926252 -2.768139 49.930542
v 6.153536 -3.872651 50.997559
v 7.003763 -2.768139 49.660156
v 7.118429 -3.872651 50.756165
v 8.100103 -3.872651 50.675293
v 35.703079 -7.994710 79.226318
v 34.503174 -5.381427 79.226318
v 38.102760 -2.768135 79.226318
v 39.302544 -5.381427 79.226318
v 36.902863 -8.398992 79.226318
v 38.102760 -7.994710 79.226318
v 38.981110 -6.890208 79.226318
v 38.981110 -3.872647 79.226318
v 36.902863 -2.363866 79.226318
v 35.703079 -2.768135 79.226318
v 34.824722 -3.872647 79.226318
v 31.882360 -3.872650 52.629456
v 8.100103 -7.994715 49.570862
v 4.339735 -6.890213 51.941467
v 5.222071 -6.890213 51.394653
v 0.900923 -5.381427 79.226318
v 0.579493 -3.872647 79.226318
v -0.298861 -2.768135 79.226318
v -1.498762 -2.363866 79.226318
v -2.698545 -2.768135 79.226318
v -2.698545 -7.994710 79.226318
v -3.576899 -3.872647 79.226318
v -3.898449 -5.381427 79.226318
v -3.576899 -6.890208 79.226318
v 28.400335 -2.768139 49.660156
v 27.304113 -3.872651 50.675293
v 28.243784 -5.381433 51.156860
v 27.304113 -5.381433 51.079651
v 28.285666 -3.872651 50.756165
v 29.167398 -5.381433 51.387451
v 29.250563 -3.872651 50.997559
v 30.059027 -5.381433 51.768860
v 30.182142 -3.872651 51.394653
v 30.903582 -5.381432 52.291504
v 31.064356 -3.872651 51.941467
v 31.686579 -5.381432 52.949341
v 27.304113 -7.994715 49.570862
v 26.207773 -7.994715 49.660156
v 27.304113 -6.890213 50.675293
v 26.364443 -5.381433 51.156860
v 27.304113 -5.381433 51.079651
v 26.322439 -6.890213 50.756165
v 25.440828 -5.381433 51.387451
v 25.357664 -6.890213 50.997559
v 24.549078 -5.381433 51.768860
v 24.426085 -6.890213 51.394653
v 23.704523 -5.381432 52.291504
v 23.543749 -6.890213 51.941467
v 22.921526 -5.381432 52.949341
v 22.725870 -6.890213 52.629456
v 19.783503 -6.890210 70.540527
v 18.905149 -7.994712 70.540527
v 20.105055 -5.381429 70.540527
v 17.705248 -8.398992 70.540527
v 16.505465 -7.994712 70.540527
v 15.627111 -6.890210 70.540527
v 15.305559 -5.381429 70.540527
v 15.627111 -3.872648 70.540527
v 16.505465 -2.768135 70.540527
v 18.905149 -2.768135 70.540527
v 17.705248 -2.363866 70.540527
v 8.100103 -7.994715 49.570862
v 9.196325 -7.994715 49.660156
v 8.100103 -6.890213 50.675293
v 10.046553 -6.890213 50.997559
v 9.081656 -6.890213 50.756165
v 9.039770 -5.381433 51.156860
v 8.100103 -5.381433 51.079651
v 9.963266 -5.381433 51.387451
v 10.855017 -5.381433 51.768860
v 10.978014 -6.890213 51.394653
v 11.699572 -5.381432 52.291504
v 11.860350 -6.890213 51.941467
v 12.482569 -5.381432 52.949341
v 12.678350 -6.890213 52.629456
v 19.783503 -3.872648 70.540527
v 11.699572 -5.381432 52.291504
v 11.860350 -3.872651 51.941467
v 12.482569 -5.381432 52.949341
v 12.678350 -3.872650 52.629456
v 26.207773 -2.768139 49.660156
v 27.304113 -3.872651 50.675293
v 26.364443 -5.381433 51.156860
v 27.304113 -5.381433 51.079651
v 26.322439 -3.872651 50.756165
v 25.440828 -5.381433 51.387451
v 25.357664 -3.872651 50.997559
v 24.549078 -5.381433 51.768860
v 24.426085 -3.872651 51.394653
v 23.704523 -5.381432 52.291504
v 23.543749 -3.872651 51.941467
v 22.921526 -5.381432 52.949341
v 22.725870 -3.872650 52.629456
v 8.100103 -3.872651 50.675293
v 10.046553 -3.872651 50.997559
v 9.081656 -3.872651 50.756165
v 9.039770 -5.381433 51.156860
v 8.100103 -5.381433 51.079651
v 9.963266 -5.381433 51.387451
v 10.855017 -5.381433 51.768860
v 10.978014 -3.872651 51.394653
v 6.153536 -6.890213 50.997559
v 7.118429 -6.890213 50.756165
v 8.100103 -6.890213 50.675293
v 7.160437 -5.381433 51.156860
v 8.100103 -5.381433 51.079651
v 6.236818 -5.381433 51.387451
v 5.345068 -5.381433 51.768860
v 4.500513 -5.381432 52.291504
v 3.717516 -5.381432 52.949341
v 3.521856 -6.890213 52.629456
v 0.579493 -6.890208 79.226318
v -0.298861 -7.994710 79.226318
v -1.498762 -8.398992 79.226318
v 3.521856 -3.872650 52.629456
v 3.717516 -5.381432 52.949341
v 4.339735 -3.872651 51.941467
v 4.500513 -5.381432 52.291504
v 5.222071 -3.872651 51.394653
v 5.345068 -5.381433 51.768860
v 6.153536 -3.872651 50.997559
v 6.236818 -5.381433 51.387451
v 7.118429 -3.872651 50.756165
v 7.160437 -5.381433 51.156860
v 8.100103 -3.872651 50.675293
v 8.100103 -5.381433 51.079651
v 27.304113 -7.994715 49.570862
v 28.400335 -7.994715 49.660156
v 27.304113 -6.890213 50.675293
v 29.250563 -6.890213 50.997559
v 31.064356 -6.890213 51.941467
v 31.882360 -6.890213 52.629456
v 31.686579 -5.381432 52.949341
v 30.903582 -5.381432 52.291504
v 30.182142 -6.890213 51.394653
v 30.059027 -5.381433 51.768860
v 29.167398 -5.381433 51.387451
v 28.285666 -6.890213 50.756165
v 28.243784 -5.381433 51.156860
v 27.304113 -5.381433 51.079651
v 34.824722 -6.890208 79.226318
v -14.463541 -6.890210 67.744995
v -15.523066 -5.381429 68.651489
v -15.109661 -6.890210 68.854309
v -14.904587 -5.381429 67.589355
v -13.994007 -6.890210 66.572998
v -14.455091 -5.381429 66.468018
v -13.709028 -6.890211 65.359924
v -14.182302 -5.381430 65.306824
v -13.613554 -6.890212 64.125183
v -14.090933 -5.381431 64.125183
v -13.613554 -6.890202 45.030029
v -14.090933 -5.381421 45.030029
v -14.090933 -5.381421 45.030029
v -13.613554 -3.872640 45.030029
v -13.613554 -3.872649 64.125183
v -14.090933 -5.381431 64.125183
v -14.182302 -5.381430 65.306824
v -13.709028 -3.872648 65.359924
v -14.455091 -5.381429 66.468018
v -13.994007 -3.872648 66.572998
v -14.904587 -5.381429 67.589355
v -14.463541 -3.872648 67.744995
v -15.523066 -5.381429 68.651489
v -15.109661 -3.872648 68.854309
v -16.299908 -5.381429 69.636475
v -15.921143 -3.872648 69.882690
v -42.597000 -5.381421 45.030029
v -42.119621 -6.890212 64.125183
v -42.119621 -6.890202 45.030029
v -41.971279 -6.890211 66.041931
v -42.597000 -5.381431 64.125183
v -41.528904 -6.890210 67.926086
v -42.444675 -5.381430 66.095032
v -42.119621 -3.872649 64.125183
v -41.971279 -3.872648 66.041931
v -42.119621 -3.872640 45.030029
v -41.528904 -3.872648 67.926086
v -41.989990 -5.381429 68.031128
v -40.799812 -6.890210 69.745056
v -39.796680 -6.890210 71.467529
v -41.240906 -5.381429 69.899597
v -40.799812 -3.872648 69.745056
v -40.210110 -5.381429 71.669067
v -38.536617 -6.890210 73.064392
v -38.915356 -5.381429 73.310608
v -39.796680 -3.872648 71.467529
v -38.536617 -3.872648 73.064392
v -15.921143 -6.890210 69.882690
v -16.299908 -5.381429 69.636475
v -14.463541 -6.890210 67.744995
v -15.109661 -6.890210 68.854309
v -13.980127 -7.994712 69.405884
v -13.994007 -6.890210 66.572998
v -12.734234 -7.994712 66.859070
v -13.709028 -6.890211 65.359924
v -13.613554 -6.890212 64.125183
v -13.258568 -7.994712 68.167480
v -13.613554 -6.890202 45.030029
v -12.415943 -7.994713 65.503601
v -12.309242 -7.994716 45.030029
v -12.437185 -8.398992 70.160278
v -11.612547 -8.398993 68.744446
v -13.472937 -8.398992 71.473511
v -12.059507 -7.994711 72.392090
v -12.309242 -7.994713 64.125183
v -10.527674 -8.398983 45.030029
v -10.527674 -8.398993 64.125183
v -8.745983 -7.994716 45.030029
v -7.441792 -6.890202 45.030029
v -8.745983 -7.994713 64.125183
v -7.441792 -6.890212 64.125183
v -7.590014 -6.890211 66.041931
v -10.649582 -8.398993 65.701538
v -8.883221 -7.994713 65.898315
v -8.032509 -6.890210 67.926086
v -11.013260 -8.398993 67.248962
v -9.292402 -7.994712 67.640015
v -9.966528 -7.994712 69.322632
v -8.761555 -6.890210 69.745056
v -37.252136 -7.994716 45.030029
v -39.033779 -8.398983 45.030029
v -40.815407 -7.994716 45.030029
v -40.815407 -7.994713 64.125183
v -42.119621 -6.890212 64.125183
v -40.678230 -7.994713 65.898315
v -42.119621 -6.890202 45.030029
v -41.971279 -6.890211 66.041931
v -41.528904 -6.890210 67.926086
v -40.799812 -6.890210 69.745056
v -39.594841 -7.994712 69.322632
v -39.796680 -6.890210 71.467529
v -38.536617 -6.890210 73.064392
v -14.225395 -6.890210 75.775391
v -12.520229 -6.890210 74.507996
v -11.024725 -6.890210 73.064392
v -16.111250 -6.890210 76.842407
v -16.763285 -7.994711 75.885193
v -18.145365 -6.890209 77.690918
v -15.019376 -7.994711 74.899048
v -13.442398 -7.994711 73.727051
v -14.702291 -8.398992 72.660034
v -16.104008 -8.398992 73.701721
v -15.962062 -7.994711 71.593018
v -20.293049 -6.890209 78.308960
v -10.894245 -7.994712 70.914673
v -9.764713 -6.890210 71.467529
v -33.450176 -6.890210 76.842407
v -35.335983 -6.890210 75.775391
v -31.416039 -6.890209 77.690918
v -32.798058 -7.994711 75.885193
v -22.517511 -6.890209 78.683105
v -24.780695 -6.890209 78.808594
v -22.687750 -7.994711 77.588379
v -24.780695 -7.994711 77.704224
v -22.920296 -8.398992 76.092834
v -24.780695 -8.398992 76.195435
v -24.780695 -7.994711 74.686646
v -20.630617 -7.994711 77.241943
v -23.152853 -7.994711 74.596069
v -24.780695 -6.890210 73.582214
v -21.091736 -8.398992 75.785034
v -23.323092 -6.890210 73.501343
v -21.890413 -6.890210 73.259949
v -21.552856 -7.994711 74.326904
v -20.507198 -6.890210 72.862793
v -19.197094 -6.890210 72.316040
v -20.008083 -7.994711 73.882751
v -19.326283 -8.398992 75.276855
v -18.544975 -7.994711 73.271973
v -17.982536 -6.890210 71.628052
v -17.188568 -7.994711 72.504333
v -18.644470 -7.994711 76.671021
v -17.654154 -8.398992 74.579224
v -16.884350 -6.890210 70.812073
v -15.921143 -6.890210 69.882690
v -14.886482 -7.994712 70.554993
v -29.268341 -6.890209 78.308960
v -30.916922 -7.994711 76.671021
v -27.043879 -6.890209 78.683105
v -24.780695 -6.890209 78.808594
v -26.873642 -7.994711 77.588379
v -24.780695 -7.994711 77.704224
v -28.930779 -7.994711 77.241943
v -26.641094 -8.398992 76.092834
v -24.780695 -8.398992 76.195435
v -24.780695 -7.994711 74.686646
v -26.408539 -7.994711 74.596069
v -28.469658 -8.398992 75.785034
v -30.235121 -8.398992 75.276855
v -28.008539 -7.994711 74.326904
v -29.553312 -7.994711 73.882751
v -31.907238 -8.398992 74.579224
v -27.670977 -6.890210 73.259949
v -34.542004 -7.994711 74.899048
v -31.016417 -7.994711 73.271973
v -33.457420 -8.398992 73.701721
v -37.041183 -6.890210 74.507996
v -30.364298 -6.890210 72.316040
v -36.118946 -7.994711 73.727051
v -34.859138 -8.398992 72.660034
v -37.501896 -7.994711 72.392090
v -36.088421 -8.398992 71.473511
v -33.599327 -7.994711 71.593018
v -32.372822 -7.994711 72.504333
v -34.674957 -7.994712 70.554993
v -32.677090 -6.890210 70.812073
v -31.578854 -6.890210 71.628052
v -33.640236 -6.890210 69.882690
v -29.054199 -6.890210 72.862793
v -26.238312 -6.890210 73.501343
v -34.451767 -6.890210 68.854309
v -35.581287 -7.994712 69.405884
v -35.097839 -6.890210 67.744995
v -37.124229 -8.398992 70.160278
v -36.302811 -7.994712 68.167480
v -35.567383 -6.890210 66.572998
v -36.827190 -7.994712 66.859070
v -37.948822 -8.398993 68.744446
v -38.667168 -7.994712 70.914673
v -35.852364 -6.890211 65.359924
v -35.947899 -6.890212 64.125183
v -37.145447 -7.994713 65.503601
v -38.548107 -8.398993 67.248962
v -40.269035 -7.994712 67.640015
v -38.911835 -8.398993 65.701538
v -39.033779 -8.398993 64.125183
v -37.252136 -7.994713 64.125183
v -35.947899 -6.890202 45.030029
v -13.613554 -6.890202 45.030029
v -12.309242 -7.994716 45.030029
v -14.090933 -5.381421 45.030029
v -10.527674 -8.398983 45.030029
v -8.745983 -7.994716 45.030029
v -12.309242 -2.768139 45.030029
v -13.613554 -3.872640 45.030029
v -10.527674 -2.363858 45.030029
v -16.299908 -5.381429 69.636475
v -8.745983 -2.768139 45.030029
v -15.921143 -3.872648 69.882690
v -17.221870 -5.381429 70.527222
v -7.441792 -3.872640 45.030029
v -6.964294 -5.381421 45.030029
v -7.441792 -6.890202 45.030029
v -37.252136 -7.994716 45.030029
v -35.470509 -5.381421 45.030029
v -40.815407 -2.768139 45.030029
v -42.597000 -5.381421 45.030029
v -39.033779 -8.398983 45.030029
v -40.815407 -7.994716 45.030029
v -42.119621 -6.890202 45.030029
v -42.119621 -3.872640 45.030029
v -39.033779 -2.363858 45.030029
v -37.252136 -2.768139 45.030029
v -35.947899 -3.872640 45.030029
v -33.261494 -5.381429 69.636475
v -33.640236 -3.872648 69.882690
v -32.339535 -5.381429 70.527222
v -32.677090 -3.872648 70.812073
v -31.578854 -3.872648 71.628052
v -20.507198 -3.872648 72.862793
v -19.435795 -5.381429 71.966003
v -19.197094 -3.872648 72.316040
v -20.689882 -5.381429 72.488647
v -23.152853 -2.768135 74.596069
v -24.780695 -3.872648 73.582214
v -21.890413 -3.872648 73.259949
v -22.013977 -5.381429 72.870056
v -23.323092 -3.872648 73.501343
v -23.385399 -5.381429 73.100586
v -24.780695 -5.381429 73.177856
v -16.884350 -3.872648 70.812073
v -17.982536 -3.872648 71.628052
v -18.273153 -5.381429 71.306946
v -26.408550 -2.768135 74.596069
v -24.780695 -3.872648 73.582214
v -26.175991 -5.381429 73.100586
v -24.780695 -5.381429 73.177856
v -26.238312 -3.872648 73.501343
v -27.547415 -5.381429 72.870056
v -27.670977 -3.872648 73.259949
v -28.871513 -5.381429 72.488647
v -29.054199 -3.872648 72.862793
v -30.125601 -5.381429 71.966003
v -30.364298 -3.872648 72.316040
v -31.288239 -5.381429 71.306946
v -23.152853 -7.994711 74.596069
v -24.780695 -6.890210 73.582214
v -23.385399 -5.381429 73.100586
v -24.780695 -5.381429 73.177856
v -23.323092 -6.890210 73.501343
v -22.013977 -5.381429 72.870056
v -21.890413 -6.890210 73.259949
v -20.689882 -5.381429 72.488647
v -20.507198 -6.890210 72.862793
v -19.435795 -5.381429 71.966003
v -19.197094 -6.890210 72.316040
v -18.273153 -5.381429 71.306946
v -17.982536 -6.890210 71.628052
v -17.221870 -5.381429 70.527222
v -16.884350 -6.890210 70.812073
v -15.921143 -6.890210 69.882690
v -16.299908 -5.381429 69.636475
v -24.780695 -7.994711 74.686646
v -26.408539 -7.994711 74.596069
v -24.780695 -6.890210 73.582214
v -27.670977 -6.890210 73.259949
v -30.364298 -6.890210 72.316040
v -32.677090 -6.890210 70.812073
v -31.578854 -6.890210 71.628052
v -32.339535 -5.381429 70.527222
v -31.288239 -5.381429 71.306946
v -30.125601 -5.381429 71.966003
v -33.640236 -6.890210 69.882690
v -33.261494 -5.381429 69.636475
v -29.054199 -6.890210 72.862793
v -28.871513 -5.381429 72.488647
v -27.547415 -5.381429 72.870056
v -26.238312 -6.890210 73.501343
v -26.175991 -5.381429 73.100586
v -24.780695 -5.381429 73.177856
v -35.947899 -6.890202 45.030029
v -7.441792 -3.872649 64.125183
v -8.032509 -3.872648 67.926086
v -7.441792 -3.872640 45.030029
v -7.590014 -3.872648 66.041931
v -6.964294 -5.381431 64.125183
v -6.964294 -5.381421 45.030029
v -7.441792 -6.890202 45.030029
v -7.441792 -6.890212 64.125183
v -7.590014 -6.890211 66.041931
v -7.116741 -5.381430 66.095032
v -8.032509 -6.890210 67.926086
v -7.571426 -5.381429 68.031128
v -8.761555 -6.890210 69.745056
v -35.470509 -5.381421 45.030029
v -35.947899 -3.872640 45.030029
v -35.947899 -3.872649 64.125183
v -35.470509 -5.381431 64.125183
v -35.470509 -5.381421 45.030029
v -35.379051 -5.381430 65.306824
v -35.852364 -3.872648 65.359924
v -35.106262 -5.381429 66.468018
v -35.567383 -3.872648 66.572998
v -34.656792 -5.381429 67.589355
v -35.097839 -3.872648 67.744995
v -34.038338 -5.381429 68.651489
v -34.451767 -3.872648 68.854309
v -33.261494 -5.381429 69.636475
v -33.640236 -3.872648 69.882690
v -11.024725 -3.872648 73.064392
v -10.646082 -5.381429 73.310608
v -9.351307 -5.381429 71.669067
v -11.024725 -6.890210 73.064392
v -9.764713 -6.890210 71.467529
v -8.320505 -5.381429 69.899597
v -8.761555 -3.872648 69.745056
v -9.764713 -3.872648 71.467529
v -33.640236 -6.890210 69.882690
v -33.261494 -5.381429 69.636475
v -34.451767 -6.890210 68.854309
v -34.038338 -5.381429 68.651489
v -35.097839 -6.890210 67.744995
v -34.656792 -5.381429 67.589355
v -35.567383 -6.890210 66.572998
v -35.106262 -5.381429 66.468018
v -35.852364 -6.890211 65.359924
v -35.379051 -5.381430 65.306824
v -35.947899 -6.890212 64.125183
v -35.470509 -5.381431 64.125183
v -35.947899 -6.890202 45.030029
v -12.309242 -2.768139 45.030029
v -13.613554 -3.872640 45.030029
v -13.613554 -3.872649 64.125183
v -12.309242 -2.768137 64.125183
v -13.709028 -3.872648 65.359924
v -12.415943 -2.768137 65.503601
v -13.994007 -3.872648 66.572998
v -12.734234 -2.768137 66.859070
v -14.463541 -3.872648 67.744995
v -10.527674 -2.363868 64.125183
v -10.527674 -2.363858 45.030029
v -15.109661 -3.872648 68.854309
v -8.745983 -2.768139 45.030029
v -13.980127 -2.768135 69.405884
v -15.921143 -3.872648 69.882690
v -8.745983 -2.768137 64.125183
v -10.649582 -2.363868 65.701538
v -11.013260 -2.363868 67.248962
v -8.883221 -2.768137 65.898315
v -9.292402 -2.768137 67.640015
v -11.612547 -2.363867 68.744446
v -7.441792 -3.872649 64.125183
v -8.032509 -3.872648 67.926086
v -7.441792 -3.872640 45.030029
v -7.590014 -3.872648 66.041931
v -40.815407 -2.768139 45.030029
v -42.119621 -3.872649 64.125183
v -41.971279 -3.872648 66.041931
v -42.119621 -3.872640 45.030029
v -40.815407 -2.768137 64.125183
v -40.678230 -2.768137 65.898315
v -41.528904 -3.872648 67.926086
v -40.799812 -3.872648 69.745056
v -39.796680 -3.872648 71.467529
v -38.536617 -3.872648 73.064392
v -37.041183 -3.872648 74.507996
v -39.594841 -2.768136 69.322632
v -40.269035 -2.768137 67.640015
v -38.667168 -2.768135 70.914673
v -38.911835 -2.363868 65.701538
v -37.948822 -2.363867 68.744446
v -38.548107 -2.363868 67.248962
v -39.033779 -2.363868 64.125183
v -37.145447 -2.768137 65.503601
v -36.827190 -2.768137 66.859070
v -39.033779 -2.363858 45.030029
v -37.252136 -2.768137 64.125183
v -37.252136 -2.768139 45.030029
v -35.947899 -3.872640 45.030029
v -35.947899 -3.872649 64.125183
v -35.852364 -3.872648 65.359924
v -35.567383 -3.872648 66.572998
v -35.097839 -3.872648 67.744995
v -36.302811 -2.768136 68.167480
v -34.451767 -3.872648 68.854309
v -35.581287 -2.768135 69.405884
v -37.124229 -2.363866 70.160278
v -33.640236 -3.872648 69.882690
v -37.501896 -2.768135 72.392090
v -36.088421 -2.363866 71.473511
v -36.118946 -2.768147 73.727051
v -34.542004 -2.768147 74.899048
v -34.859138 -2.363866 72.660034
v -33.457420 -2.363866 73.701721
v -33.599327 -2.768135 71.593018
v -32.372822 -2.768135 72.504333
v -34.674957 -2.768135 70.554993
v -32.677090 -3.872648 70.812073
v -31.578854 -3.872648 71.628052
v -20.507198 -3.872648 72.862793
v -19.197094 -3.872648 72.316040
v -14.702291 -2.363866 72.660034
v -15.019376 -2.768135 74.899048
v -16.104008 -2.363866 73.701721
v -13.442398 -2.768135 73.727051
v -20.008083 -2.768135 73.882751
v -18.544975 -2.768135 73.271973
v -17.654154 -2.363866 74.579224
v -19.326283 -2.363866 75.276855
v -12.520229 -3.872648 74.507996
v -11.024725 -3.872648 73.064392
v -16.763285 -2.768135 75.885193
v -18.644470 -2.768135 76.671021
v -14.225395 -3.872647 75.775391
v -18.145365 -3.872647 77.690918
v -20.630617 -2.768135 77.241943
v -16.111250 -3.872647 76.842407
v -20.293049 -3.872647 78.308960
v -22.517511 -3.872647 78.683105
v -24.780695 -3.872647 78.808594
v -22.687750 -2.768135 77.588379
v -24.780695 -2.768135 77.704224
v -22.920296 -2.363866 76.092834
v -24.780695 -2.363866 76.195435
v -24.780695 -2.768135 74.686646
v -21.091736 -2.363866 75.785034
v -23.152853 -2.768135 74.596069
v -24.780695 -3.872648 73.582214
v -21.552856 -2.768135 74.326904
v -21.890413 -3.872648 73.259949
v -23.323092 -3.872648 73.501343
v -8.761555 -3.872648 69.745056
v -9.764713 -3.872648 71.467529
v -9.966528 -2.768136 69.322632
v -10.894245 -2.768135 70.914673
v -12.059507 -2.768135 72.392090
v -12.437185 -2.363866 70.160278
v -13.258568 -2.768136 68.167480
v -13.472937 -2.363866 71.473511
v -14.886482 -2.768135 70.554993
v -16.884350 -3.872648 70.812073
v -15.962062 -2.768135 71.593018
v -17.982536 -3.872648 71.628052
v -17.188568 -2.768135 72.504333
v -27.043879 -3.872647 78.683105
v -24.780695 -3.872647 78.808594
v -26.873642 -2.768135 77.588379
v -24.780695 -2.768135 77.704224
v -29.268341 -3.872647 78.308960
v -26.641094 -2.363866 76.092834
v -24.780695 -2.363866 76.195435
v -28.930779 -2.768147 77.241943
v -24.780695 -2.768135 74.686646
v -26.408550 -2.768135 74.596069
v -24.780695 -3.872648 73.582214
v -26.238312 -3.872648 73.501343
v -27.670977 -3.872648 73.259949
v -28.469660 -2.363866 75.785034
v -28.008539 -2.768135 74.326904
v -29.054199 -3.872648 72.862793
v -29.553316 -2.768135 73.882751
v -30.364298 -3.872648 72.316040
v -30.235121 -2.363866 75.276855
v -31.016417 -2.768135 73.271973
v -31.907238 -2.363866 74.579224
v -30.916922 -2.768147 76.671021
v -32.798058 -2.768147 75.885193
v -31.416039 -3.872647 77.690918
v -33.450176 -3.872647 76.842407
v -35.335983 -3.872647 75.775391
v -38.536617 -6.890210 73.064392
v -38.915356 -5.381429 73.310608
v -38.536617 -3.872648 73.064392
v -37.041183 -3.872648 74.507996
v -12.520229 -3.872648 74.507996
v -11.024725 -3.872648 73.064392
v -14.225395 -3.872647 75.775391
v -18.145365 -3.872647 77.690918
v -16.111250 -3.872647 76.842407
v -13.934744 -5.381429 76.095215
v -15.872500 -5.381429 77.192383
v -12.182625 -5.381429 74.794067
v -17.962669 -5.381428 78.065063
v -14.225395 -6.890210 75.775391
v -12.520229 -6.890210 74.507996
v -10.646082 -5.381429 73.310608
v -11.024725 -6.890210 73.064392
v -16.111250 -6.890210 76.842407
v -18.145365 -6.890209 77.690918
v -20.169498 -5.381428 78.698730
v -20.293049 -6.890209 78.308960
v -22.455204 -5.381427 79.083862
v -20.293049 -3.872647 78.308960
v -22.517511 -3.872647 78.683105
v -24.780695 -5.381427 79.213013
v -24.780695 -3.872647 78.808594
v -22.687750 -2.768135 77.588379
v -24.780695 -2.768135 77.704224
v -27.106197 -5.381427 79.083862
v -27.043879 -3.872647 78.683105
v -24.780695 -5.381427 79.213013
v -24.780695 -3.872647 78.808594
v -26.873642 -2.768135 77.588379
v -24.780695 -2.768135 77.704224
v -29.268341 -3.872647 78.308960
v -31.416039 -3.872647 77.690918
v -33.450176 -3.872647 76.842407
v -35.335983 -3.872647 75.775391
v -29.391899 -5.381428 78.698730
v -31.598721 -5.381428 78.065063
v -33.688866 -5.381429 77.192383
v -35.626602 -5.381429 76.095215
v -33.450176 -6.890210 76.842407
v -35.335983 -6.890210 75.775391
v -31.416039 -6.890209 77.690918
v -22.517511 -6.890209 78.683105
v -24.780695 -6.890209 78.808594
v -29.268341 -6.890209 78.308960
v -27.043879 -6.890209 78.683105
v -24.780695 -6.890209 78.808594
v -37.041183 -6.890210 74.507996
v -37.378754 -5.381429 74.794067
v -48.674370 -7.874236 2.487244
v -48.191078 -8.554166 2.208374
v -48.976128 -7.874236 1.820923
v -49.033463 -7.098505 2.694824
v -48.447815 -8.554166 1.642334
v -49.368774 -7.098505 1.954956
v -49.254589 -6.256786 2.822754
v -48.589035 -8.554166 1.036377
v -49.142212 -7.874237 1.108826
v -49.610542 -6.256786 2.036987
v -49.553329 -7.098505 1.163086
v -49.329182 -5.381427 2.864990
v -49.166237 -7.874237 0.377319
v -48.609436 -8.554166 0.414795
v -49.806442 -6.256786 1.195679
v -49.579884 -7.098505 0.350769
v -48.508041 -8.554166 -0.199585
v -49.047104 -7.874237 -0.343262
v -49.692257 -5.381427 2.063599
v -48.752106 -6.256786 3.524048
v -48.816925 -5.381427 3.580811
v -48.560066 -7.098505 3.355103
v -48.752106 -4.506081 3.524048
v -48.248291 -7.874235 3.082275
v -46.689541 -9.112173 -1.536987
v -46.689541 -1.650695 -1.536987
v -46.301720 -1.236058 -0.865906
v -46.301720 -9.526812 -0.865906
v -45.880833 -9.782132 -0.136841
v -45.880833 -0.980728 -0.136841
v -47.308502 -2.888632 -2.608826
v -47.029556 -2.208703 -2.126038
v -47.308502 -7.874237 -2.608826
v -47.029556 -8.554166 -2.126038
v -47.686661 -5.381428 -3.264221
v -47.515869 -7.098505 -2.968506
v -47.643452 -6.256786 -3.189392
v -47.643452 -4.506082 -3.189392
v -47.515869 -3.664363 -2.968506
v -45.005497 -0.980727 1.379150
v -45.443169 -0.894512 0.621155
v -45.005497 -9.782132 1.379150
v -45.443169 -9.868352 0.621155
v -44.584610 -1.236057 2.108215
v -44.584610 -9.526812 2.108215
v -44.196793 -9.112173 2.780518
v -44.196793 -1.650694 2.780518
v -43.577827 -2.888631 3.852356
v -43.856773 -2.208701 3.369568
v -43.577827 -7.874235 3.852356
v -43.856773 -8.554166 3.369568
v -43.370461 -7.098505 4.212036
v -43.242760 -6.256786 4.432983
v -43.242760 -4.506081 4.432983
v -43.370461 -3.664362 4.212036
v -43.199669 -5.381427 4.507812
v -49.834686 -6.256786 0.333862
v -49.447594 -7.098505 -0.450684
v -49.892021 -5.381428 1.207764
v -49.694187 -6.256786 -0.517090
v -49.610542 -4.506082 2.036987
v -49.920746 -5.381428 0.327881
v -49.806442 -4.506082 1.195679
v -49.834686 -4.506082 0.333862
v -49.777473 -5.381428 -0.539978
v -49.254589 -4.506082 2.822754
v -48.560066 -3.664362 3.355103
v -49.694187 -4.506082 -0.517090
v -49.467628 -5.381428 -1.363159
v -49.033463 -3.664362 2.694824
v -49.390259 -6.256786 -1.324585
v -48.248291 -2.888631 3.082275
v -49.368774 -3.664362 1.954956
v -48.674370 -2.888631 2.487244
v -48.976128 -2.888631 1.820923
v -49.161285 -7.098505 -1.211121
v -48.191078 -2.208702 2.208374
v -48.789398 -7.874237 -1.027649
v -48.288971 -8.554166 -0.781372
v -48.447815 -2.208702 1.642334
v -48.589035 -2.208703 1.036377
v -48.609314 -2.208703 0.414795
v -48.288971 -2.208703 -0.781372
v -47.960537 -2.208703 -1.310059
v -47.903324 -2.888632 -2.182739
v -48.403275 -2.888632 -1.649231
v -48.176716 -3.664363 -2.494141
v -48.344975 -4.506082 -2.687317
v -48.732185 -3.664363 -1.901550
v -48.789398 -2.888632 -1.027649
v -48.508041 -2.208703 -0.199585
v -49.047104 -2.888632 -0.343262
v -49.166237 -2.888632 0.377319
v -49.142212 -2.888632 1.108826
v -49.553329 -3.664362 1.163086
v -49.579884 -3.664362 0.350769
v -49.447594 -3.664362 -0.450684
v -49.161285 -3.664362 -1.211121
v -49.390259 -4.506082 -1.324585
v -48.934727 -4.506082 -2.057251
v -49.003166 -5.381428 -2.109131
v -48.401825 -5.381428 -2.751282
v -48.934727 -6.256786 -2.057251
v -48.344975 -6.256786 -2.687317
v -48.732185 -7.098505 -1.901550
v -48.176716 -7.098505 -2.494141
v -48.403275 -7.874237 -1.649231
v -47.903324 -7.874237 -2.182739
v -47.960537 -8.554166 -1.310059
v -19.102753 -8.554168 -16.621338
v -18.234890 -7.874239 -16.735474
v -18.574583 -8.554168 -16.292908
v -19.403482 -9.112175 -16.011536
v -17.701096 -7.874239 -16.235535
v -18.988495 -9.112175 -15.753479
v -19.746580 -9.526814 -15.315796
v -19.460732 -9.526814 -15.138000
v -18.120632 -8.554168 -15.867676
v -18.631832 -9.112175 -15.419373
v -17.275101 -7.874238 -15.641113
v -17.758343 -8.554168 -15.362122
v -17.501659 -8.554168 -14.795532
v -18.347191 -9.112175 -15.022095
v -48.674370 -7.874236 2.487244
v -47.828850 -8.554166 2.714111
v -48.191078 -8.554166 2.208374
v -48.447815 -8.554166 1.642334
v -47.602295 -9.112173 1.868042
v -47.803986 -9.112173 1.422607
v -48.589035 -8.554166 1.036377
v -48.609436 -8.554166 0.414795
v -47.914909 -9.112173 0.947083
v -47.930847 -9.112173 0.459412
v -47.851303 -9.112173 -0.023376
v -48.508041 -8.554166 -0.199585
v -46.264545 -8.554166 3.687012
v -45.650894 -8.554166 3.788391
v -46.088562 -9.112173 3.029175
v -45.606476 -9.112173 3.108826
v -46.846695 -8.554166 3.467346
v -47.714546 -7.874235 3.582031
v -48.248291 -7.874235 3.082275
v -47.374889 -8.554166 3.139038
v -46.546024 -9.112173 2.857788
v -46.960999 -9.112173 2.599487
v -46.202866 -9.526812 2.161316
v -48.288971 -8.554166 -0.781372
v -48.403275 -7.874237 -1.649231
v -47.903324 -7.874237 -2.182739
v -47.308743 -7.874237 -2.608826
v -47.960537 -8.554166 -1.310059
v -47.535301 -8.554166 -1.763916
v -47.029800 -8.554166 -2.126038
v -47.421120 -9.112173 -0.896057
v -47.087013 -9.112173 -1.252136
v -46.689781 -9.112173 -1.536987
v -46.301964 -9.526812 -0.864685
v -46.575600 -9.526812 -0.669128
v -47.679176 -9.112173 -0.480835
v -46.020607 -9.782145 -0.036682
v -45.881073 -9.782145 -0.135620
v -45.443405 -9.868352 0.622375
v -46.137932 -9.782145 0.088867
v -45.443405 -9.868352 0.622375
v -46.805653 -9.526812 -0.422913
v -46.983452 -9.526812 -0.138062
v -46.228577 -9.782145 0.234924
v -45.443405 -9.868352 0.622375
v -47.101982 -9.526812 0.177002
v -46.288929 -9.782145 0.395447
v -45.443405 -9.868352 0.622375
v -46.316933 -9.782145 0.564453
v -45.443405 -9.868352 0.622375
v -47.156776 -9.526812 0.510132
v -47.145798 -9.526812 0.845642
v -46.311256 -9.782145 0.735840
v -45.443405 -9.868352 0.622375
v -47.069389 -9.526812 1.173950
v -46.272392 -9.782145 0.903564
v -45.443405 -9.868352 0.622375
v -46.930462 -9.526812 1.480591
v -46.201538 -9.782145 1.059326
v -45.443405 -9.868352 0.622375
v -46.101601 -9.782145 1.199341
v -45.443405 -9.868352 0.622375
v -47.317677 -9.112173 2.265137
v -46.734444 -9.526812 1.754578
v -46.488693 -9.526812 1.983887
v -45.976311 -9.782145 1.316406
v -45.443405 -9.868352 0.622375
v -45.830620 -9.782145 1.406921
v -45.443405 -9.868352 0.622375
v -45.887833 -9.526812 2.280823
v -45.669968 -9.782145 1.467285
v -45.443405 -9.868352 0.622375
v -45.500740 -9.782145 1.495056
v -45.443405 -9.868352 0.622375
v -45.555779 -9.526812 2.335144
v -45.219261 -9.526812 2.324280
v -45.329224 -9.782145 1.490234
v -45.443405 -9.868352 0.622375
v -44.891556 -9.526812 2.248230
v -45.162048 -9.782145 1.450378
v -45.443405 -9.868352 0.622375
v -44.584850 -9.526812 2.109436
v -45.005737 -9.782145 1.380371
v -45.443405 -9.868352 0.622375
v -19.018986 -9.526814 -14.634277
v -17.360424 -8.554168 -14.189880
v -18.145510 -9.112175 -14.576965
v -18.880070 -9.526814 -14.327698
v -18.034548 -9.112175 -14.101196
v -17.340076 -8.554168 -13.568237
v -18.018555 -9.112175 -13.612671
v -17.441391 -8.554168 -12.954590
v -17.660479 -8.554168 -12.372437
v -17.546223 -7.874238 -11.504639
v -18.046173 -7.874238 -10.970886
v -18.640644 -7.874238 -10.544800
v -17.988922 -8.554168 -11.844238
v -18.414085 -8.554168 -11.390320
v -18.919647 -8.554168 -11.028076
v -18.862398 -9.112175 -11.901611
v -19.259617 -9.112175 -11.616882
v -19.647484 -9.526814 -12.288696
v -18.528343 -9.112175 -12.258301
v -19.373875 -9.526814 -12.484863
v -19.928852 -9.782146 -13.117676
v -20.068336 -9.782146 -13.017639
v -20.506016 -9.868364 -13.775757
v -19.811554 -9.782146 -13.242859
v -20.506016 -9.868364 -13.775757
v -19.143780 -9.526814 -12.730469
v -18.270290 -9.112175 -12.673218
v -19.720932 -9.782146 -13.388550
v -20.506016 -9.868364 -13.775757
v -18.966021 -9.526814 -13.016296
v -18.098158 -9.112175 -13.130615
v -18.847454 -9.526814 -13.331299
v -19.660496 -9.782146 -13.549194
v -20.506016 -9.868364 -13.775757
v -19.632542 -9.782146 -13.718506
v -20.506016 -9.868364 -13.775757
v -18.792620 -9.526814 -13.663513
v -18.803640 -9.526814 -13.999878
v -19.638153 -9.782146 -13.890076
v -20.506016 -9.868364 -13.775757
v -19.677116 -9.782146 -14.057129
v -20.506016 -9.868364 -13.775757
v -19.747932 -9.782146 -14.213440
v -20.506016 -9.868364 -13.775757
v -19.215054 -9.526814 -14.907959
v -19.847885 -9.782146 -14.352966
v -20.506016 -9.868364 -13.775757
v -19.973139 -9.782146 -14.470276
v -20.506016 -9.868364 -13.775757
v -20.118862 -9.782146 -14.560791
v -20.506016 -9.868364 -13.775757
v -21.752415 -9.112175 -15.934509
v -21.525856 -8.554168 -16.780151
v -22.092384 -8.554168 -16.523438
v -21.307301 -9.112175 -16.136230
v -20.920147 -8.554168 -16.921387
v -21.057953 -9.526814 -15.401733
v -21.364550 -9.526814 -15.262817
v -20.943695 -9.782146 -14.533875
v -20.831394 -9.112175 -16.247253
v -20.787384 -9.782146 -14.604614
v -20.506016 -9.868364 -13.775757
v -20.730137 -9.526814 -15.478149
v -20.298504 -8.554168 -16.941650
v -20.342983 -9.112175 -16.263184
v -20.620274 -9.782146 -14.643616
v -20.506016 -9.868364 -13.775757
v -20.393715 -9.526814 -15.489136
v -19.860836 -9.112175 -16.183655
v -20.448767 -9.782146 -14.649292
v -20.506016 -9.868364 -13.775757
v -20.061602 -9.526814 -15.434326
v -20.279457 -9.782146 -14.621277
v -20.506016 -9.868364 -13.775757
v -20.506016 -9.868364 -13.775757
v -19.684853 -8.554168 -16.840393
v -44.642185 -9.112173 2.982117
v -44.423592 -8.554166 3.626648
v -43.857014 -8.554166 3.369568
v -44.197033 -9.112173 2.780518
v -45.029278 -8.554166 3.767883
v -45.118111 -9.112173 3.093140
v -45.005497 -9.782132 1.379150
v -20.505112 -9.868353 -13.776367
v -45.443169 -9.868352 0.621155
v -20.067432 -9.782146 -13.018311
v -44.584610 -9.526812 2.108215
v -19.646578 -9.526814 -12.289429
v -44.196793 -9.112173 2.780518
v -19.258713 -9.112175 -11.617615
v -43.856773 -8.554166 3.369568
v -18.918741 -8.554168 -11.028687
v -47.029556 -8.554166 -2.126038
v -22.091480 -8.554168 -16.524048
v -46.689541 -9.112173 -1.536987
v -21.751511 -9.112175 -15.935242
v -46.301720 -9.526812 -0.865906
v -21.363644 -9.526814 -15.263428
v -45.880833 -9.782132 -0.136841
v -20.942791 -9.782146 -14.534485
v -45.443169 -9.868352 0.621155
v -20.505112 -9.868353 -13.776367
v -17.132574 -5.381443 -16.734131
v -17.827036 -4.506084 -17.267090
v -17.774555 -5.381443 -17.335510
v -17.827036 -6.256789 -17.267090
v -17.197392 -4.506084 -16.677307
v -18.672569 -7.098508 -17.493652
v -19.540432 -7.874239 -17.379333
v -18.855953 -7.874239 -17.121765
v -19.102753 -8.554168 -16.621338
v -17.982477 -7.098508 -17.064514
v -17.197392 -6.256789 -16.677307
v -18.234890 -7.874239 -16.735474
v -18.574583 -8.554168 -16.292908
v -17.389357 -7.098508 -16.508911
v -17.701096 -7.874239 -16.235535
v -20.298504 -2.208705 -16.941650
v -19.684853 -2.208705 -16.840393
v -20.262016 -2.888635 -17.498474
v -19.540432 -2.888635 -17.379333
v -20.234894 -3.664365 -17.912231
v -19.102753 -2.208705 -16.621338
v -18.574583 -2.208705 -16.292908
v -17.701096 -2.888635 -16.235535
v -18.234890 -2.888635 -16.735474
v -18.855953 -2.888635 -17.121765
v -17.389357 -3.664365 -16.508911
v -17.982477 -3.664365 -17.064514
v -18.672569 -3.664365 -17.493652
v -19.433117 -3.664365 -17.779785
v -20.218201 -4.506085 -18.167053
v -18.559628 -4.506085 -17.722595
v -19.367031 -4.506085 -18.026550
v -20.212551 -5.381443 -18.253113
v -21.091677 -5.381443 -18.224243
v -20.218201 -6.256790 -18.167053
v -19.344711 -5.381443 -18.109802
v -18.521498 -5.381443 -17.799988
v -19.367031 -6.256790 -18.026550
v -18.559628 -6.256790 -17.722595
v -19.433117 -7.098508 -17.779785
v -20.234894 -7.098508 -17.912231
v -47.308743 -2.888632 -2.608826
v -47.903324 -2.888632 -2.182739
v -47.516109 -3.664363 -2.968506
v -48.176716 -3.664363 -2.494141
v -47.643814 -4.506082 -3.189392
v -48.344975 -4.506082 -2.687317
v -47.686905 -5.381428 -3.264221
v -48.401825 -5.381428 -2.751282
v -48.344975 -6.256786 -2.687317
v -47.643814 -6.256786 -3.189392
v -48.176716 -7.098505 -2.494141
v -47.516109 -7.098505 -2.968506
v -47.903324 -7.874237 -2.182739
v -47.308743 -7.874237 -2.608826
v -21.525856 -8.554168 -16.780151
v -22.092384 -8.554168 -16.523438
v -22.371389 -7.874239 -17.006714
v -21.705219 -7.874239 -17.308472
v -22.578709 -7.098508 -17.365784
v -21.838499 -7.098508 -17.701111
v -22.706375 -6.256790 -17.586792
v -20.920147 -8.554168 -16.921387
v -20.992977 -7.874239 -17.474548
v -20.298504 -8.554168 -16.941650
v -19.684853 -8.554168 -16.840393
v -20.262016 -7.874239 -17.498474
v -21.047102 -7.098508 -17.885681
v -21.920578 -6.256790 -17.942871
v -22.749477 -5.381443 -17.661499
v -21.080427 -6.256790 -18.138794
v -21.948292 -5.381443 -18.024597
v -21.920578 -4.506085 -17.942871
v -22.706375 -4.506085 -17.586792
v -21.080427 -4.506085 -18.138794
v -21.838499 -3.664365 -17.701111
v -22.578709 -3.664365 -17.365784
v -21.047102 -3.664365 -17.885681
v -21.705219 -2.888635 -17.308472
v -22.371389 -2.888635 -17.006714
v -20.992977 -2.888635 -17.474548
v -21.525856 -2.208705 -16.780151
v -22.092384 -2.208705 -16.523438
v -20.920147 -2.208705 -16.921387
v -22.091480 -2.208705 -16.524048
v -47.029556 -2.208703 -2.126038
v -47.308502 -2.888632 -2.608826
v -22.370483 -2.888646 -17.007324
v -47.515869 -3.664363 -2.968506
v -22.577803 -3.664365 -17.366394
v -47.643452 -4.506082 -3.189392
v -22.705458 -4.506085 -17.587524
v -47.686661 -5.381428 -3.264221
v -22.748573 -5.381443 -17.662231
v -47.643452 -6.256786 -3.189392
v -22.705458 -6.256790 -17.587524
v -47.515869 -7.098505 -2.968506
v -22.577803 -7.098508 -17.366394
v -47.308502 -7.874237 -2.608826
v -22.370483 -7.874239 -17.007324
v -47.029556 -8.554166 -2.126038
v -22.091480 -8.554168 -16.524048
v -17.132574 -5.381443 -16.734131
v -17.197392 -4.506084 -16.677307
v -17.197392 -6.256789 -16.677307
v -16.620253 -5.381443 -16.019226
v -16.694847 -4.506084 -15.976135
v -17.389357 -7.098508 -16.508911
v -17.701096 -7.874239 -16.235535
v -16.694847 -6.256789 -15.976135
v -16.916021 -7.098507 -15.848450
v -17.275101 -7.874238 -15.641113
v -17.758343 -8.554168 -15.362122
v -16.973270 -7.874238 -14.974915
v -16.580662 -7.098507 -15.108154
v -16.338894 -6.256788 -15.190247
v -17.501659 -8.554168 -14.795532
v -17.758343 -2.208705 -15.362122
v -17.501659 -2.208705 -14.795532
v -17.275101 -2.888634 -15.641113
v -17.701096 -2.888635 -16.235535
v -16.916021 -3.664365 -15.848450
v -17.389357 -3.664365 -16.508911
v -19.258713 -1.650696 -11.617615
v -19.646578 -9.526814 -12.289429
v -19.258713 -9.112175 -11.617615
v -19.646578 -1.236059 -12.289429
v -20.067432 -0.980733 -13.018311
v -20.067432 -9.782146 -13.018311
v -18.639738 -2.888633 -10.545532
v -18.918741 -2.208704 -11.028687
v -18.639738 -7.874238 -10.545532
v -18.918741 -8.554168 -11.028687
v -18.261650 -5.381442 -9.890564
v -18.432419 -3.664364 -10.186401
v -18.304752 -4.506083 -9.965271
v -18.304752 -6.256788 -9.965271
v -18.432419 -7.098506 -10.186401
v -20.942791 -9.782146 -14.534485
v -20.505112 -9.868353 -13.776367
v -20.942791 -0.980734 -14.534485
v -20.505112 -0.894518 -13.776367
v -21.363644 -9.526814 -15.263428
v -21.363644 -1.236060 -15.263428
v -21.751511 -1.650697 -15.935242
v -21.751511 -9.112175 -15.935242
v -22.370483 -7.874239 -17.007324
v -22.091480 -8.554168 -16.524048
v -22.370483 -2.888646 -17.007324
v -22.091480 -2.208705 -16.524048
v -22.577803 -3.664365 -17.366394
v -22.705458 -4.506085 -17.587524
v -22.705458 -6.256790 -17.587524
v -22.748573 -5.381443 -17.662231
v -22.577803 -7.098508 -17.366394
v -17.360424 -8.554168 -14.189880
v -16.807220 -7.874238 -14.262695
v -17.340076 -8.554168 -13.568237
v -16.396107 -7.098507 -14.316833
v -16.783321 -7.874238 -13.531677
v -17.441391 -8.554168 -12.954590
v -16.902454 -7.874238 -12.810120
v -16.369553 -7.098507 -13.504639
v -16.142994 -6.256788 -14.350159
v -16.257179 -5.381443 -15.218018
v -16.114750 -6.256788 -13.487854
v -16.338894 -4.506083 -15.190247
v -16.057537 -5.381443 -14.361389
v -16.142994 -4.506083 -14.350159
v -16.580662 -3.664365 -15.108154
v -16.396107 -3.664364 -14.316833
v -16.114750 -4.506083 -13.487854
v -16.973270 -2.888634 -14.974915
v -16.807220 -2.888633 -14.262695
v -17.360424 -2.208704 -14.189880
v -17.340076 -2.208704 -13.568237
v -16.783321 -2.888633 -13.531677
v -16.369553 -3.664364 -13.504639
v -16.902454 -2.888633 -12.810120
v -17.441391 -2.208704 -12.954590
v -16.501842 -3.664364 -12.702820
v -17.660479 -2.208704 -12.372437
v -17.988922 -2.208704 -11.844238
v -18.046173 -2.888633 -10.970886
v -17.546223 -2.888633 -11.504639
v -17.772781 -3.664364 -10.659058
v -17.604435 -4.506083 -10.467163
v -17.160023 -2.888633 -12.125610
v -17.217270 -3.664364 -11.252197
v -16.788151 -3.664364 -11.942261
v -17.014708 -4.506083 -11.096741
v -16.559177 -4.506083 -11.829285
v -17.547586 -5.381442 -10.402344
v -16.946304 -5.381442 -11.044250
v -16.255249 -4.506083 -12.636780
v -16.481808 -5.381443 -11.791260
v -17.604435 -6.256788 -10.467163
v -16.171963 -5.381443 -12.614502
v -16.028690 -5.381443 -13.482300
v -16.255249 -6.256788 -12.636780
v -16.501842 -7.098507 -12.702820
v -16.559177 -6.256788 -11.829285
v -17.014708 -6.256788 -11.096741
v -16.788151 -7.098507 -11.942261
v -17.217270 -7.098507 -11.252197
v -17.160023 -7.874238 -12.125610
v -17.660479 -8.554168 -12.372437
v -17.546223 -7.874238 -11.504639
v -17.772781 -7.098506 -10.659058
v -18.046173 -7.874238 -10.970886
v -17.988922 -8.554168 -11.844238
v -20.730137 -1.236060 -15.478149
v -20.620274 -0.980731 -14.643616
v -20.787384 -0.980731 -14.604614
v -20.506016 -0.894515 -13.775757
v -20.342983 -1.650697 -16.263184
v -20.393715 -1.236060 -15.489136
v -20.298504 -2.208705 -16.941650
v -19.684853 -2.208705 -16.840393
v -19.860836 -1.650697 -16.183655
v -20.448767 -0.980731 -14.649292
v -20.506016 -0.894515 -13.775757
v -20.061602 -1.236060 -15.434326
v -20.279457 -0.980731 -14.621277
v -20.506016 -0.894515 -13.775757
v -20.118862 -0.980731 -14.560791
v -20.506016 -0.894515 -13.775757
v -19.746580 -1.236060 -15.315796
v -19.403482 -1.650697 -16.011536
v -19.102753 -2.208705 -16.621338
v -18.574583 -2.208705 -16.292908
v -18.988495 -1.650697 -15.753479
v -19.460732 -1.236060 -15.138000
v -19.973139 -0.980731 -14.470276
v -20.506016 -0.894515 -13.775757
v -18.631832 -1.650697 -15.419373
v -18.120632 -2.208705 -15.867676
v -19.215054 -1.236060 -14.907959
v -19.847885 -0.980731 -14.352966
v -20.506016 -0.894515 -13.775757
v -19.747932 -0.980731 -14.213440
v -20.506016 -0.894515 -13.775757
v -19.018986 -1.236060 -14.634277
v -19.677116 -0.980731 -14.057129
v -20.506016 -0.894515 -13.775757
v -18.880070 -1.236060 -14.327698
v -18.347191 -1.650697 -15.022095
v -17.758343 -2.208705 -15.362122
v -17.501659 -2.208705 -14.795532
v -17.275101 -2.888634 -15.641113
v -17.701096 -2.888635 -16.235535
v -18.145510 -1.650697 -14.576965
v -18.234890 -2.888635 -16.735474
v -48.248291 -2.888631 3.082275
v -48.674370 -2.888631 2.487244
v -47.828850 -2.208702 2.714111
v -48.191078 -2.208702 2.208374
v -48.447815 -2.208702 1.642334
v -47.602295 -1.650694 1.868042
v -47.317677 -1.650694 2.265137
v -46.960999 -1.650694 2.599487
v -47.803986 -1.650694 1.422607
v -48.589035 -2.208703 1.036377
v -46.488693 -1.236057 1.983887
v -46.202866 -1.236057 2.161316
v -46.930462 -1.236057 1.480591
v -46.734444 -1.236057 1.754578
v -45.976311 -0.980725 1.316406
v -45.830620 -0.980725 1.406921
v -45.443405 -0.894510 0.622375
v -46.101601 -0.980725 1.199341
v -45.443405 -0.894510 0.622375
v -46.201538 -0.980725 1.059326
v -45.443405 -0.894510 0.622375
v -47.069389 -1.236057 1.173950
v -46.272392 -0.980725 0.903564
v -45.443405 -0.894510 0.622375
v -46.311256 -0.980725 0.735840
v -45.443405 -0.894510 0.622375
v -47.145798 -1.236057 0.845642
v -47.914909 -1.650694 0.947083
v -46.316933 -0.980725 0.564453
v -45.443405 -0.894510 0.622375
v -47.156776 -1.236058 0.510132
v -48.609314 -2.208703 0.414795
v -47.930847 -1.650694 0.459412
v -47.101982 -1.236058 0.177002
v -47.851303 -1.650694 -0.023376
v -46.288929 -0.980725 0.395447
v -45.443405 -0.894510 0.622375
v -46.983452 -1.236058 -0.138062
v -45.443405 -0.894510 0.622375
v -46.228455 -0.980725 0.234924
v -46.137932 -0.980725 0.088867
v -45.443405 -0.894510 0.622375
v -47.679176 -1.650694 -0.480835
v -46.805653 -1.236058 -0.422913
v -48.288971 -2.208703 -0.781372
v -47.421120 -1.650694 -0.896057
v -46.575600 -1.236058 -0.669128
v -46.020607 -0.980725 -0.036682
v -45.443405 -0.894510 0.622375
v -46.301964 -1.236058 -0.864685
v -45.881073 -0.980725 -0.135620
v -45.443405 -0.894510 0.622375
v -47.087013 -1.650695 -1.252136
v -46.689781 -1.650695 -1.536987
v -47.029800 -2.208703 -2.126038
v -47.535301 -2.208703 -1.763916
v -47.308743 -2.888632 -2.608826
v -47.960537 -2.208703 -1.310059
v -47.903324 -2.888632 -2.182739
v -48.403275 -2.888632 -1.649231
v -48.508041 -2.208703 -0.199585
v -17.360424 -2.208704 -14.189880
v -18.034548 -1.650697 -14.101196
v -17.340076 -2.208704 -13.568237
v -17.441391 -2.208704 -12.954590
v -18.018555 -1.650697 -13.612671
v -18.803640 -1.236060 -13.999878
v -19.638153 -0.980730 -13.890076
v -20.506016 -0.894515 -13.775757
v -18.792620 -1.236060 -13.663513
v -19.632542 -0.980730 -13.718506
v -20.506016 -0.894515 -13.775757
v -18.847454 -1.236059 -13.331299
v -20.506016 -0.894515 -13.775757
v -19.660496 -0.980730 -13.549194
v -19.720932 -0.980730 -13.388550
v -20.506016 -0.894515 -13.775757
v -18.098158 -1.650696 -13.130615
v -18.966021 -1.236059 -13.016296
v -17.660479 -2.208704 -12.372437
v -18.270290 -1.650696 -12.673218
v -19.143768 -1.236059 -12.730469
v -19.811554 -0.980730 -13.242859
v -20.506016 -0.894515 -13.775757
v -18.528343 -1.650696 -12.258301
v -17.988922 -2.208704 -11.844238
v -19.373875 -1.236059 -12.484863
v -19.928852 -0.980730 -13.117676
v -20.506016 -0.894515 -13.775757
v -19.647484 -1.236059 -12.288696
v -20.068336 -0.980730 -13.017639
v -20.506016 -0.894515 -13.775757
v -18.862398 -1.650696 -11.901611
v -19.259617 -1.650696 -11.616882
v -18.919647 -2.208704 -11.028076
v -18.414085 -2.208704 -11.390320
v -18.640644 -2.888633 -10.544800
v -18.046173 -2.888633 -10.970886
v -17.546223 -2.888633 -11.504639
v -44.423592 -2.208701 3.626648
v -43.857014 -2.208701 3.369568
v -45.029278 -2.208701 3.767883
v -44.642185 -1.650694 2.982117
v -44.197033 -1.650694 2.780518
v -45.650894 -2.208701 3.788391
v -44.891556 -1.236057 2.248230
v -44.584850 -1.236057 2.109436
v -45.118111 -1.650694 3.093140
v -45.606476 -1.650694 3.108826
v -45.162048 -0.980725 1.450378
v -45.005737 -0.980725 1.380371
v -45.443405 -0.894510 0.622375
v -45.219261 -1.236057 2.324280
v -45.329224 -0.980725 1.490234
v -45.443405 -0.894510 0.622375
v -45.555779 -1.236057 2.335144
v -45.887833 -1.236057 2.280823
v -45.500740 -0.980725 1.495056
v -45.443405 -0.894510 0.622375
v -45.443405 -0.894510 0.622375
v -45.669968 -0.980725 1.467285
v -46.088562 -1.650694 3.029175
v -45.443405 -0.894510 0.622375
v -46.264545 -2.208701 3.687012
v -46.846695 -2.208701 3.467346
v -46.546024 -1.650694 2.857788
v -47.714546 -2.888631 3.582031
v -47.374889 -2.208701 3.139038
v -21.525856 -2.208705 -16.780151
v -22.092384 -2.208705 -16.523438
v -21.752415 -1.650697 -15.934631
v -20.920147 -2.208705 -16.921387
v -21.307301 -1.650697 -16.136230
v -21.057953 -1.236060 -15.401733
v -21.364550 -1.236060 -15.262817
v -20.943695 -0.980731 -14.533875
v -20.831394 -1.650697 -16.247253
v -20.506016 -0.894515 -13.775757
v -18.918741 -2.208704 -11.028687
v -43.856773 -2.208701 3.369568
v -19.258713 -1.650696 -11.617615
v -44.196793 -1.650694 2.780518
v -19.646578 -1.236059 -12.289429
v -44.584610 -1.236057 2.108215
v -20.067432 -0.980733 -13.018311
v -45.005497 -0.980727 1.379150
v -20.505112 -0.894518 -13.776367
v -45.443169 -0.894512 0.621155
v -20.942791 -0.980734 -14.534485
v -45.880833 -0.980728 -0.136841
v -21.363644 -1.236060 -15.263428
v -46.301720 -1.236058 -0.865906
v -21.751511 -1.650697 -15.935242
v -46.689541 -1.650695 -1.536987
v -22.091480 -2.208705 -16.524048
v -47.029556 -2.208703 -2.126038
v -45.714508 -7.098505 4.758850
v -46.409027 -7.874235 4.225342
v -46.516331 -7.098505 4.626099
v -47.276878 -7.098505 4.340027
v -45.687469 -7.874235 4.344849
v -46.264545 -8.554166 3.687012
v -45.650894 -8.554166 3.788391
v -47.093533 -7.874235 3.968262
v -48.122398 -6.256786 4.113098
v -47.966934 -7.098505 3.910278
v -46.846695 -8.554166 3.467346
v -47.714546 -7.874235 3.582031
v -48.752106 -6.256786 3.524048
v -48.816925 -5.381427 3.580811
v -48.560066 -7.098505 3.355103
v -48.752106 -4.506081 3.524048
v -48.248291 -7.874235 3.082275
v -47.374889 -8.554166 3.139038
v -46.516331 -3.664362 4.626099
v -47.389854 -4.506081 4.569336
v -47.276878 -3.664362 4.340027
v -48.122398 -4.506081 4.113098
v -45.731281 -4.506081 5.013550
v -45.714508 -3.664362 4.758850
v -44.868984 -4.506081 4.984558
v -44.857758 -5.381427 5.070251
v -46.582474 -4.506081 4.872314
v -45.736835 -5.381427 5.099243
v -45.731281 -6.256786 5.013550
v -46.604687 -5.381427 4.955566
v -46.582474 -6.256786 4.872314
v -47.427998 -5.381427 4.646606
v -48.174904 -5.381427 4.181885
v -47.389854 -6.256786 4.569336
v -48.560066 -3.664362 3.355103
v -48.248291 -2.888631 3.082275
v -18.640644 -2.888633 -10.544800
v -18.046173 -2.888633 -10.970886
v -18.433325 -3.664364 -10.185669
v -17.772781 -3.664364 -10.659058
v -18.305670 -4.506083 -9.964600
v -17.604435 -4.506083 -10.467163
v -18.262554 -5.381442 -9.889954
v -17.547586 -5.381442 -10.402344
v -17.604435 -6.256788 -10.467163
v -18.305670 -6.256788 -9.964600
v -17.772781 -7.098506 -10.659058
v -18.433325 -7.098506 -10.185669
v -18.046173 -7.874238 -10.970886
v -18.640644 -7.874238 -10.544800
v -44.244228 -2.888631 4.154114
v -43.370705 -3.664362 4.212036
v -44.110973 -3.664362 4.547607
v -43.578072 -2.888631 3.852356
v -44.956493 -2.888631 4.320679
v -44.902298 -3.664362 4.732300
v -44.423592 -2.208701 3.626648
v -43.857014 -2.208701 3.369568
v -45.029278 -2.208701 3.767883
v -45.687469 -2.888631 4.344849
v -45.650894 -2.208701 3.788391
v -46.264545 -2.208701 3.687012
v -46.409027 -2.888631 4.225342
v -46.846695 -2.208701 3.467346
v -47.093533 -2.888631 3.968262
v -47.714546 -2.888631 3.582031
v -47.374889 -2.208701 3.139038
v -47.966934 -3.664362 3.910278
v -44.423592 -8.554166 3.626648
v -43.857014 -8.554166 3.369568
v -43.578072 -7.874235 3.852356
v -44.244228 -7.874235 4.154114
v -43.370705 -7.098505 4.212036
v -45.029278 -8.554166 3.767883
v -44.110973 -7.098505 4.547607
v -43.243122 -6.256786 4.432983
v -44.956493 -7.874235 4.320679
v -44.028893 -6.256786 4.789001
v -43.200031 -5.381427 4.507812
v -44.902298 -7.098505 4.732300
v -44.868984 -6.256786 4.984558
v -44.001133 -5.381427 4.871094
v -44.028893 -4.506081 4.789001
v -43.243122 -4.506081 4.432983
v -43.856773 -8.554166 3.369568
v -18.918741 -8.554168 -11.028687
v -18.639738 -7.874238 -10.545532
v -43.577827 -7.874235 3.852356
v -18.432419 -7.098506 -10.186401
v -43.370461 -7.098505 4.212036
v -18.304752 -6.256788 -9.965271
v -43.242760 -6.256786 4.432983
v -18.261650 -5.381442 -9.890564
v -43.199669 -5.381427 4.507812
v -18.304752 -4.506083 -9.965271
v -43.242760 -4.506081 4.432983
v -18.432419 -3.664364 -10.186401
v -43.370461 -3.664362 4.212036
v -18.639738 -2.888633 -10.545532
v -43.577827 -2.888631 3.852356
v -18.918741 -2.208704 -11.028687
v -43.856773 -2.208701 3.369568
v -4.061398 -7.098517 -77.616394
v -3.252691 -7.874247 -77.951477
v -3.545877 -7.098517 -78.244629
v -3.716551 -7.874247 -77.386108
v -3.252691 -8.554177 -77.076111
v -3.545877 -3.664374 -78.244629
v -4.273714 -4.506093 -77.758362
v -4.061398 -3.664374 -77.616394
v -4.680361 -4.506093 -76.997437
v -4.760023 -5.381451 -77.030518
v -3.726328 -4.506093 -78.425232
v -4.345291 -5.381451 -77.806274
v -4.273714 -6.256810 -77.758362
v -3.787283 -5.381451 -78.486145
v -3.726328 -6.256810 -78.425232
v -3.252691 -7.874243 -43.880127
v -3.252691 -2.888638 -43.880127
v -3.545877 -3.664369 -43.586853
v -3.252691 -2.208709 -44.755493
v -3.545877 -2.208709 -45.303955
v -3.787283 -2.208709 -46.518127
v -3.726328 -2.208709 -45.899170
v -4.345291 -2.888639 -46.518127
v -4.273714 -2.888639 -45.790283
v -4.760023 -3.664370 -46.518127
v -4.061398 -2.888639 -45.090454
v -4.680361 -3.664370 -45.709412
v -5.015310 -4.506088 -46.518127
v -4.930696 -4.506088 -45.659546
v -3.716551 -2.888639 -44.445435
v -4.444387 -3.664370 -44.931702
v -5.101492 -5.381447 -46.518127
v -4.061398 -3.664369 -44.215088
v -4.680361 -4.506088 -44.834106
v -4.273714 -4.506088 -44.073303
v -5.015310 -5.381447 -45.642761
v -4.760023 -5.381447 -44.801147
v -3.726328 -4.506088 -43.406372
v -4.345291 -5.381447 -44.025391
v -4.930696 -6.256794 -45.659546
v -3.787283 -5.381447 -43.345459
v -5.015310 -6.256794 -46.518127
v -3.726328 -6.256794 -43.406372
v -3.545877 -7.098512 -43.586853
v -4.273714 -6.256794 -44.073303
v -4.680361 -6.256794 -44.834106
v -4.061398 -7.098512 -44.215088
v -4.444387 -7.098512 -44.931702
v -3.716551 -7.874243 -44.445435
v -3.252691 -8.554173 -44.755493
v -4.061398 -7.874243 -45.090454
v -4.680361 -7.098512 -45.709412
v -4.760023 -7.098512 -46.518127
v -4.273714 -7.874243 -45.790283
v -4.345291 -7.874243 -46.518127
v -3.545877 -8.554173 -45.303955
v -3.726328 -8.554173 -45.899170
v -3.787283 -8.554173 -46.518127
v -4.273714 -2.888643 -76.041199
v -4.760023 -3.664374 -75.313416
v -4.680361 -3.664374 -76.122070
v -4.345291 -2.888643 -75.313416
v -4.061398 -2.888643 -76.741089
v -4.444387 -3.664374 -76.899780
v -3.726328 -2.208714 -75.932373
v -3.787403 -2.208713 -75.313416
v -3.545877 -2.208714 -76.527527
v -3.716551 -2.888643 -77.386108
v -3.252691 -2.208714 -77.076111
v -3.252691 -2.888644 -77.951477
v -3.726328 -8.554177 -75.932373
v -3.787403 -8.554177 -75.313416
v -4.345291 -7.874247 -75.313416
v -4.273714 -7.874247 -76.041199
v -4.760023 -7.098517 -75.313416
v -3.545877 -8.554177 -76.527527
v -4.680361 -7.098517 -76.122070
v -5.015310 -6.256798 -75.313416
v -4.061398 -7.874247 -76.741089
v -4.930819 -6.256798 -76.171936
v -5.101492 -5.381451 -75.313416
v -4.444387 -7.098517 -76.899780
v -4.680361 -6.256810 -76.997437
v -5.015310 -5.381451 -76.188721
v -4.930819 -4.506093 -76.171936
v -5.015310 -4.506093 -75.313416
v -3.787161 -8.554177 -75.313049
v -3.787283 -8.554173 -46.517029
v -4.345291 -7.874243 -46.517029
v -4.345169 -7.874247 -75.313049
v -4.759903 -7.098512 -46.517029
v -4.759903 -7.098517 -75.313049
v -5.015190 -6.256794 -46.517029
v -5.015190 -6.256798 -75.313049
v -5.101370 -5.381447 -46.517029
v -5.101370 -5.381451 -75.313049
v -5.015190 -4.506088 -46.517029
v -5.015190 -4.506093 -75.313049
v -4.759903 -3.664370 -46.517029
v -4.759903 -3.664374 -75.313049
v -4.345291 -2.888639 -46.517029
v -4.345169 -2.888655 -75.313049
v -3.787283 -2.208709 -46.517029
v -3.787161 -2.208713 -75.313049
v 2.023455 -7.874243 -43.880127
v 1.458086 -7.874243 -43.416199
v 1.148123 -8.554172 -43.880127
v 0.599529 -8.554172 -43.586853
v 0.770323 -9.112180 -44.445435
v 0.339294 -9.112179 -44.215088
v 0.339294 -9.526818 -45.090454
v 0.042486 -9.526818 -44.931702
v 0.004345 -8.554172 -43.406372
v -0.128307 -9.112179 -44.073303
v -0.614616 -8.554172 -43.345459
v -1.233580 -8.554172 -43.406372
v -0.614616 -9.112179 -44.025391
v -1.233580 -8.554177 -78.425232
v -0.614616 -8.554177 -78.486145
v 0.004345 -8.554177 -78.425232
v -0.614616 -9.112185 -77.806152
v -0.128307 -9.112185 -77.758362
v 0.599529 -8.554177 -78.244629
v 1.458086 -7.874247 -78.415466
v 1.148123 -8.554177 -77.951477
v 0.339294 -9.112185 -77.616394
v 0.770323 -9.112185 -77.386108
v 1.148123 -9.112185 -77.076111
v 1.628881 -8.554177 -77.556885
v 2.023455 -7.874247 -77.951477
v -3.252691 -7.874247 -77.951477
v -3.716551 -7.874247 -77.386108
v -2.858116 -8.554177 -77.556885
v -3.252691 -8.554177 -77.076111
v -2.687321 -7.874247 -78.415466
v -2.377235 -9.112185 -77.076111
v -2.687321 -9.112185 -76.698303
v -2.377235 -8.554177 -77.951477
v -1.828764 -8.554177 -78.244629
v -1.999557 -9.112185 -77.386108
v -1.568529 -9.112185 -77.616394
v -1.568529 -9.526823 -76.741089
v 2.487436 -7.874247 -77.386108
v 2.023455 -8.554177 -77.076111
v 2.316641 -8.554177 -76.527527
v 2.497213 -8.554177 -75.932373
v 2.558168 -8.554177 -75.313416
v 1.688387 -9.112185 -76.267273
v 1.830332 -9.112185 -75.799683
v 1.878130 -9.112185 -75.313416
v 1.102495 -9.526823 -75.313416
v 1.069424 -9.526823 -75.648315
v 1.458086 -9.112185 -76.698303
v 0.243940 -9.782156 -75.484192
v 0.260717 -9.782156 -75.313416
v -0.614616 -9.868374 -75.313416
v 0.194090 -9.782156 -75.648315
v -0.614616 -9.868374 -75.313416
v 0.971777 -9.526823 -75.970520
v 0.813053 -9.526823 -76.267273
v 0.113218 -9.782156 -75.799683
v -0.614616 -9.868374 -75.313416
v 0.599529 -9.526823 -76.527527
v 0.004345 -9.782156 -75.932373
v -0.614616 -9.868374 -75.313416
v -0.128307 -9.782156 -76.041199
v -0.614616 -9.868374 -75.313416
v 0.339294 -9.526823 -76.741089
v 0.042486 -9.526823 -76.899780
v -0.279669 -9.782156 -76.122070
v -0.614616 -9.868374 -75.313416
v -0.279669 -9.526823 -76.997437
v -0.443825 -9.782156 -76.171936
v -0.614616 -9.868374 -75.313416
v -0.614616 -9.526823 -77.030518
v -0.614616 -9.782156 -76.188721
v -0.614616 -9.868374 -75.313416
v -0.785410 -9.782156 -76.171936
v -0.614616 -9.868374 -75.313416
v -1.100929 -9.112185 -77.758362
v -0.949566 -9.526823 -76.997437
v -1.271721 -9.526823 -76.899780
v -0.949566 -9.782156 -76.122070
v -0.614616 -9.868374 -75.313416
v -1.100929 -9.782156 -76.041199
v -0.614616 -9.868374 -75.313416
v -1.828764 -9.526823 -76.527527
v -1.233580 -9.782156 -75.932373
v -0.614616 -9.868374 -75.313416
v -1.342453 -9.782156 -75.799683
v -0.614616 -9.868374 -75.313416
v -2.042288 -9.526823 -76.267273
v -2.201012 -9.526823 -75.970520
v -1.423325 -9.782156 -75.648315
v -0.614616 -9.868374 -75.313416
v -2.298658 -9.526823 -75.648315
v -1.473175 -9.782156 -75.484192
v -0.614616 -9.868374 -75.313416
v -2.331732 -9.526823 -75.313416
v -1.489952 -9.782156 -75.313416
v -0.614616 -9.868374 -75.313416
v -0.614616 -9.526818 -44.801147
v -1.828764 -8.554172 -43.586853
v -1.100929 -9.112179 -44.073303
v -0.949566 -9.526818 -44.834106
v -1.568529 -9.112179 -44.215088
v -2.377235 -8.554172 -43.880127
v -2.687321 -7.874243 -43.416199
v -1.999557 -9.112180 -44.445435
v -2.858116 -8.554172 -44.274597
v -3.252691 -7.874243 -43.880127
v -3.716551 -7.874243 -44.445435
v -3.252691 -8.554173 -44.755493
v -3.545877 -8.554173 -45.303955
v -3.726328 -8.554173 -45.899170
v -3.787283 -8.554173 -46.518127
v -3.059446 -9.112181 -46.031799
v -3.107367 -9.112181 -46.518127
v -2.331732 -9.526819 -46.518127
v -2.917622 -9.112180 -45.564209
v -2.298658 -9.526819 -46.183167
v -1.473175 -9.782152 -46.347290
v -1.489952 -9.782152 -46.518127
v -0.614616 -9.868370 -46.518127
v -1.423325 -9.782152 -46.183167
v -0.614616 -9.868370 -46.518127
v -2.201012 -9.526818 -45.861023
v -2.687321 -9.112180 -45.133179
v -1.342453 -9.782152 -46.031799
v -0.614616 -9.868370 -46.518127
v -2.042288 -9.526818 -45.564209
v -2.377235 -9.112180 -44.755493
v -1.828764 -9.526818 -45.303955
v -1.233580 -9.782151 -45.899170
v -0.614616 -9.868370 -46.518127
v -1.100929 -9.782151 -45.790283
v -0.614616 -9.868370 -46.518127
v -1.568529 -9.526818 -45.090454
v -1.271721 -9.526818 -44.931702
v -0.949566 -9.782151 -45.709412
v -0.614616 -9.868370 -46.518127
v -0.785410 -9.782151 -45.659546
v -0.614616 -9.868370 -46.518127
v -0.614616 -9.782151 -45.642761
v -0.614616 -9.868370 -46.518127
v -0.279669 -9.526818 -44.834106
v -0.443825 -9.782151 -45.659546
v -0.614616 -9.868370 -46.518127
v -0.279669 -9.782151 -45.709412
v -0.614616 -9.868370 -46.518127
v -0.128307 -9.782151 -45.790283
v -0.614616 -9.868370 -46.518127
v 1.878252 -9.112181 -46.518127
v 2.497213 -8.554173 -45.899170
v 2.558168 -8.554173 -46.518127
v 1.830332 -9.112181 -46.031799
v 2.316641 -8.554173 -45.303955
v 1.069424 -9.526819 -46.183167
v 1.102495 -9.526819 -46.518127
v 0.260717 -9.782152 -46.518127
v 1.688387 -9.112180 -45.564209
v 0.243940 -9.782152 -46.347290
v -0.614616 -9.868370 -46.518127
v 0.971777 -9.526818 -45.861023
v 2.023455 -8.554173 -44.755493
v 1.458086 -9.112180 -45.133179
v 0.194090 -9.782152 -46.183167
v -0.614616 -9.868370 -46.518127
v 0.813053 -9.526818 -45.564209
v 1.148123 -9.112180 -44.755493
v 0.113218 -9.782152 -46.031799
v -0.614616 -9.868370 -46.518127
v 0.599529 -9.526818 -45.303955
v 0.004345 -9.782151 -45.899170
v -0.614616 -9.868370 -46.518127
v -0.614616 -9.868370 -46.518127
v 1.628881 -8.554172 -44.274597
v 2.487436 -7.874243 -44.445435
v -3.059566 -9.112185 -75.799683
v -3.726328 -8.554177 -75.932373
v -3.787403 -8.554177 -75.313416
v -3.107367 -9.112185 -75.313416
v -3.545877 -8.554177 -76.527527
v -2.917622 -9.112185 -76.267273
v -1.489832 -9.782156 -75.313049
v -0.614498 -9.868359 -46.517029
v -0.614498 -9.868362 -75.313049
v -1.489832 -9.782152 -46.517029
v -2.331612 -9.526823 -75.313049
v -2.331612 -9.526819 -46.517029
v -3.107244 -9.112185 -75.313049
v -3.107244 -9.112181 -46.517029
v -3.787161 -8.554177 -75.313049
v -3.787283 -8.554173 -46.517029
v 2.558287 -8.554177 -75.313049
v 2.558287 -8.554173 -46.517029
v 1.878370 -9.112185 -75.313049
v 1.878252 -9.112181 -46.517029
v 1.102617 -9.526823 -75.313049
v 1.102617 -9.526819 -46.517029
v 0.260839 -9.782156 -75.313049
v 0.260839 -9.782152 -46.517029
v -0.614498 -9.868362 -75.313049
v -0.614498 -9.868359 -46.517029
v -0.614616 -7.874247 -79.044189
v -1.233580 -8.554177 -78.425232
v -0.614616 -8.554177 -78.486145
v 0.113218 -7.874247 -78.972473
v -0.614616 -7.098518 -79.458801
v 0.004345 -8.554177 -78.425232
v 0.194090 -7.098518 -79.379150
v -0.614616 -6.256811 -79.714050
v 0.599529 -8.554177 -78.244629
v 0.813053 -7.874247 -78.760193
v 0.243940 -6.256811 -79.629578
v 0.971777 -7.098518 -79.143250
v -0.614616 -5.381452 -79.800293
v 1.458086 -7.874247 -78.415466
v 1.148123 -8.554177 -77.951477
v 1.069424 -6.256811 -79.379150
v 1.688387 -7.098517 -78.760193
v 2.023455 -7.874247 -77.951477
v 0.260717 -5.381452 -79.714050
v -3.252691 -7.874247 -77.951477
v -3.545877 -7.098517 -78.244629
v -2.917622 -7.098517 -78.760193
v -2.687321 -7.874247 -78.415466
v -2.298658 -6.256811 -79.379150
v -2.201012 -7.098518 -79.143250
v -2.377235 -8.554177 -77.951477
v -2.042288 -7.874247 -78.760193
v -1.473175 -6.256811 -79.629578
v -1.489952 -5.381452 -79.714050
v -1.423325 -7.098518 -79.379150
v -1.473175 -4.506094 -79.629578
v -1.342453 -7.874247 -78.972473
v -1.828764 -8.554177 -78.244629
v -3.545877 -3.664374 -78.244629
v -3.059566 -4.506093 -78.972473
v -2.917622 -3.664374 -78.760193
v -2.298658 -4.506094 -79.379150
v -3.726328 -4.506093 -78.425232
v -3.787283 -5.381451 -78.486145
v -3.726328 -6.256810 -78.425232
v -3.107367 -5.381451 -79.044189
v -2.331732 -5.381452 -79.458801
v -3.059566 -6.256810 -78.972473
v 1.878370 -9.112185 -75.313049
v 1.878370 -1.650706 -75.313049
v 1.102617 -1.236081 -75.313049
v 1.102617 -9.526823 -75.313049
v 0.260839 -9.782156 -75.313049
v 0.260839 -0.980744 -75.313049
v 3.116297 -2.888655 -75.313049
v 2.558287 -2.208713 -75.313049
v 3.116297 -7.874247 -75.313049
v 2.558287 -8.554177 -75.313049
v 3.872377 -5.381451 -75.313049
v 3.530909 -7.098517 -75.313049
v 3.786196 -6.256798 -75.313049
v 3.786196 -4.506093 -75.313049
v 3.530909 -3.664374 -75.313049
v -1.489832 -0.980744 -75.313049
v -0.614498 -0.894529 -75.313049
v -1.489832 -9.782156 -75.313049
v -0.614498 -9.868362 -75.313049
v -2.331612 -1.236081 -75.313049
v -2.331612 -9.526823 -75.313049
v -3.107244 -9.112185 -75.313049
v -3.107244 -1.650706 -75.313049
v -4.345169 -2.888655 -75.313049
v -3.787161 -2.208713 -75.313049
v -4.345169 -7.874247 -75.313049
v -3.787161 -8.554177 -75.313049
v -4.759903 -7.098517 -75.313049
v -5.015190 -6.256798 -75.313049
v -5.015190 -4.506093 -75.313049
v -4.759903 -3.664374 -75.313049
v -5.101370 -5.381451 -75.313049
v 1.830332 -6.256810 -78.972473
v 2.316641 -7.098517 -78.244629
v 1.102495 -5.381452 -79.458801
v 2.497213 -6.256810 -78.425232
v 0.243940 -4.506094 -79.629578
v 1.878130 -5.381451 -79.044189
v 1.069424 -4.506094 -79.379150
v 1.830332 -4.506093 -78.972473
v 2.558168 -5.381451 -78.486145
v -0.614616 -4.506094 -79.714050
v -1.423325 -3.664374 -79.379150
v 2.497213 -4.506093 -78.425232
v -0.614616 -3.664374 -79.458801
v -1.342453 -2.888644 -78.972473
v 0.194090 -3.664374 -79.379150
v -0.614616 -2.888644 -79.044189
v 0.113218 -2.888644 -78.972473
v -1.233580 -2.208714 -78.425232
v -0.614616 -2.208714 -78.486145
v 0.004345 -2.208714 -78.425232
v 0.599529 -2.208714 -78.244629
v 1.148123 -2.208714 -77.951477
v 2.023455 -2.888644 -77.951477
v 1.458086 -2.888644 -78.415466
v 0.813053 -2.888644 -78.760193
v 0.971777 -3.664374 -79.143250
v 1.688387 -3.664374 -78.760193
v 2.316641 -3.664374 -78.244629
v -3.252691 -2.888644 -77.951477
v -2.377235 -2.208714 -77.951477
v -2.687321 -2.888644 -78.415466
v -2.042288 -2.888644 -78.760193
v -1.828764 -2.208714 -78.244629
v -2.201012 -3.664374 -79.143250
v 2.023455 -7.874243 -43.880127
v 2.023455 -7.874247 -77.951477
v 2.023455 -2.208709 -44.755493
v 2.487436 -2.888639 -44.445435
v 2.023455 -2.888638 -43.880127
v 2.832163 -3.664369 -44.215088
v 2.316641 -3.664369 -43.586853
v 3.044481 -4.506088 -44.073303
v 2.497213 -4.506088 -43.406372
v 3.116175 -5.381447 -44.025391
v 3.530790 -5.381447 -44.801147
v 3.044481 -6.256794 -44.073303
v 2.558168 -5.381447 -43.345459
v 2.497213 -6.256794 -43.406372
v 2.316641 -7.098512 -43.586853
v 2.832163 -7.098512 -44.215088
v 2.316641 -7.098517 -78.244629
v 2.497213 -6.256810 -78.425232
v 2.558168 -5.381451 -78.486145
v 2.497213 -4.506093 -78.425232
v 3.116175 -5.381451 -77.806152
v 3.044481 -6.256810 -77.758362
v 2.832163 -7.098517 -77.616394
v 2.487436 -7.874247 -77.386108
v 2.023455 -8.554177 -77.076111
v 2.023455 -2.208714 -77.076111
v 2.558168 -2.208713 -75.313416
v 2.497213 -2.208714 -75.932373
v 3.116175 -2.888643 -75.313416
v 2.316641 -2.208714 -76.527527
v 3.044481 -2.888643 -76.041199
v 3.530790 -3.664374 -75.313416
v 2.832163 -2.888643 -76.741089
v 3.451124 -3.664374 -76.122070
v 3.786074 -4.506093 -75.313416
v 3.701586 -4.506093 -76.171936
v 3.872259 -5.381451 -75.313416
v 3.215273 -3.664374 -76.899780
v 2.487436 -2.888643 -77.386108
v 2.023455 -2.888644 -77.951477
v 2.316641 -3.664374 -78.244629
v 2.832163 -3.664374 -77.616394
v 3.044481 -4.506093 -77.758362
v 3.451124 -4.506093 -76.997437
v 3.530790 -5.381451 -77.030518
v 3.786074 -5.381451 -76.188721
v 3.451124 -6.256810 -76.997437
v 3.701586 -6.256798 -76.171936
v 3.786074 -6.256798 -75.313416
v 3.215273 -7.098517 -76.899780
v 3.451124 -7.098517 -76.122070
v 3.530790 -7.098517 -75.313416
v 2.832163 -7.874247 -76.741089
v 3.044481 -7.874247 -76.041199
v 3.116175 -7.874247 -75.313416
v 2.316641 -8.554177 -76.527527
v 2.497213 -8.554177 -75.932373
v 2.558168 -8.554177 -75.313416
v 2.497213 -8.554173 -45.899170
v 2.558168 -8.554173 -46.518127
v 3.116175 -7.874243 -46.518127
v 3.044481 -7.874243 -45.790283
v 3.530790 -7.098512 -46.518127
v 3.451124 -7.098512 -45.709412
v 3.786074 -6.256794 -46.518127
v 2.316641 -8.554173 -45.303955
v 2.832163 -7.874243 -45.090454
v 2.023455 -8.554173 -44.755493
v 2.487436 -7.874243 -44.445435
v 3.215273 -7.098512 -44.931702
v 3.701586 -6.256794 -45.659546
v 3.872259 -5.381447 -46.518127
v 3.451124 -6.256794 -44.834106
v 3.786074 -5.381447 -45.642761
v 3.701586 -4.506088 -45.659546
v 3.786074 -4.506088 -46.518127
v 3.451124 -4.506088 -44.834106
v 3.451124 -3.664370 -45.709412
v 3.530790 -3.664370 -46.518127
v 3.215273 -3.664370 -44.931702
v 3.044481 -2.888639 -45.790283
v 3.116175 -2.888639 -46.518127
v 2.832163 -2.888639 -45.090454
v 2.497213 -2.208709 -45.899170
v 2.558168 -2.208709 -46.518127
v 2.316641 -2.208709 -45.303955
v 2.558287 -2.208709 -46.517029
v 2.558287 -2.208713 -75.313049
v 3.116297 -2.888655 -75.313049
v 3.116297 -2.888639 -46.517029
v 3.530909 -3.664374 -75.313049
v 3.530909 -3.664370 -46.517029
v 3.786196 -4.506093 -75.313049
v 3.786196 -4.506088 -46.517029
v 3.872377 -5.381451 -75.313049
v 3.872377 -5.381447 -46.517029
v 3.786196 -6.256798 -75.313049
v 3.786196 -6.256794 -46.517029
v 3.530909 -7.098517 -75.313049
v 3.530909 -7.098512 -46.517029
v 3.116297 -7.874247 -75.313049
v 3.116297 -7.874243 -46.517029
v 2.558287 -8.554177 -75.313049
v 2.558287 -8.554173 -46.517029
v 0.971777 -1.236064 -45.861023
v 0.194090 -0.980735 -46.183167
v 0.243940 -0.980735 -46.347290
v -0.614616 -0.894520 -46.518127
v 1.458086 -1.650701 -45.133179
v 0.813053 -1.236064 -45.564209
v 2.023455 -2.208709 -44.755493
v 1.628881 -2.208709 -44.274597
v 2.487436 -2.888639 -44.445435
v 1.148123 -1.650701 -44.755493
v 2.023455 -2.888638 -43.880127
v 0.113218 -0.980735 -46.031799
v -0.614616 -0.894520 -46.518127
v 0.599529 -1.236064 -45.303955
v 0.004345 -0.980734 -45.899170
v -0.614616 -0.894520 -46.518127
v -0.128307 -0.980734 -45.790283
v -0.614616 -0.894520 -46.518127
v 0.339294 -1.236064 -45.090454
v 0.770323 -1.650701 -44.445435
v 1.148123 -2.208709 -43.880127
v 0.599529 -2.208709 -43.586853
v 0.339294 -1.650701 -44.215088
v 0.042486 -1.236064 -44.931702
v -0.279669 -0.980734 -45.709412
v -0.614616 -0.894520 -46.518127
v -0.128307 -1.650701 -44.073303
v 0.004345 -2.208709 -43.406372
v -0.279669 -1.236064 -44.834106
v -0.443825 -0.980734 -45.659546
v -0.614616 -0.894520 -46.518127
v -0.614616 -0.980734 -45.642761
v -0.614616 -0.894520 -46.518127
v -0.614616 -1.236064 -44.801147
v -0.785410 -0.980734 -45.659546
v -0.614616 -0.894520 -46.518127
v -0.949566 -1.236064 -44.834106
v -0.614616 -1.650701 -44.025391
v -0.614616 -2.208709 -43.345459
v -1.233580 -2.208709 -43.406372
v -1.100929 -1.650701 -44.073303
v 1.458086 -2.888638 -43.416199
v -1.233580 -2.208714 -78.425232
v -0.614616 -2.208714 -78.486145
v 0.004345 -2.208714 -78.425232
v -0.614616 -1.650706 -77.806274
v -1.100929 -1.650706 -77.758362
v -1.568529 -1.650706 -77.616394
v -0.128307 -1.650706 -77.758362
v 0.599529 -2.208714 -78.244629
v -1.271721 -1.236069 -76.899780
v -1.568529 -1.236069 -76.741089
v -0.614616 -1.236069 -77.030518
v -0.949566 -1.236069 -76.997437
v -0.949566 -0.980740 -76.122070
v -1.100929 -0.980740 -76.041199
v -0.614616 -0.894526 -75.313416
v -0.785410 -0.980740 -76.171936
v -0.614616 -0.894526 -75.313416
v -0.614616 -0.980740 -76.188721
v -0.614616 -0.894526 -75.313416
v -0.279669 -1.236069 -76.997437
v -0.443825 -0.980740 -76.171936
v -0.614616 -0.894526 -75.313416
v -0.279669 -0.980740 -76.122070
v -0.614616 -0.894526 -75.313416
v 0.042486 -1.236069 -76.899780
v 0.339294 -1.650706 -77.616394
v -0.128307 -0.980740 -76.041199
v -0.614616 -0.894526 -75.313416
v 0.339294 -1.236069 -76.741089
v 1.148123 -2.208714 -77.951477
v 0.770323 -1.650706 -77.386108
v 0.599529 -1.236069 -76.527527
v 1.148123 -1.650706 -77.076111
v 0.004345 -0.980740 -75.932373
v -0.614616 -0.894526 -75.313416
v 0.813053 -1.236069 -76.267273
v -0.614616 -0.894526 -75.313416
v 0.113218 -0.980740 -75.799683
v 0.194090 -0.980740 -75.648315
v -0.614616 -0.894526 -75.313416
v 1.458086 -1.650706 -76.698303
v 0.971777 -1.236069 -75.970520
v 2.023455 -2.208714 -77.076111
v 1.688387 -1.650706 -76.267273
v 1.069424 -1.236069 -75.648315
v 0.243940 -0.980740 -75.484192
v -0.614616 -0.894526 -75.313416
v 1.102495 -1.236069 -75.313416
v 0.260717 -0.980740 -75.313416
v -0.614616 -0.894526 -75.313416
v 1.830332 -1.650706 -75.799683
v 1.878130 -1.650706 -75.313416
v 2.558168 -2.208713 -75.313416
v 2.497213 -2.208714 -75.932373
v 2.316641 -2.208714 -76.527527
v 2.487436 -2.888643 -77.386108
v 1.628881 -2.208714 -77.556885
v 2.023455 -2.888644 -77.951477
v 1.458086 -2.888644 -78.415466
v -1.828764 -2.208709 -43.586853
v -1.568529 -1.650701 -44.215088
v -2.377235 -2.208709 -43.880127
v -2.687321 -2.888638 -43.416199
v -3.252691 -2.888638 -43.880127
v -2.858116 -2.208709 -44.274597
v -1.999557 -1.650701 -44.445435
v -1.271721 -1.236064 -44.931702
v -0.949566 -0.980734 -45.709412
v -0.614616 -0.894520 -46.518127
v -1.568529 -1.236064 -45.090454
v -1.100929 -0.980734 -45.790283
v -0.614616 -0.894520 -46.518127
v -1.828764 -1.236064 -45.303955
v -0.614616 -0.894520 -46.518127
v -1.233580 -0.980734 -45.899170
v -1.342453 -0.980735 -46.031799
v -0.614616 -0.894520 -46.518127
v -2.377235 -1.650701 -44.755493
v -2.042288 -1.236064 -45.564209
v -3.252691 -2.208709 -44.755493
v -2.687321 -1.650701 -45.133179
v -2.201012 -1.236064 -45.861023
v -1.423325 -0.980735 -46.183167
v -0.614616 -0.894520 -46.518127
v -2.917622 -1.650702 -45.564209
v -3.545877 -2.208709 -45.303955
v -2.298658 -1.236064 -46.183167
v -1.473175 -0.980735 -46.347290
v -0.614616 -0.894520 -46.518127
v -2.331732 -1.236064 -46.518127
v -1.489952 -0.980735 -46.518127
v -0.614616 -0.894520 -46.518127
v -3.059446 -1.650702 -46.031799
v -3.107367 -1.650702 -46.518127
v -3.787283 -2.208709 -46.518127
v -3.726328 -2.208709 -45.899170
v -3.716551 -2.888639 -44.445435
v -3.726328 -2.208714 -75.932373
v -3.787403 -2.208713 -75.313416
v -3.545877 -2.208714 -76.527527
v -3.716551 -2.888643 -77.386108
v -3.059566 -1.650706 -75.799683
v -3.107367 -1.650706 -75.313416
v -3.252691 -2.208714 -77.076111
v -2.298658 -1.236069 -75.648315
v -2.331732 -1.236069 -75.313416
v -2.917622 -1.650706 -76.267273
v -2.687321 -1.650706 -76.698303
v -1.473175 -0.980740 -75.484192
v -1.489952 -0.980740 -75.313416
v -0.614616 -0.894526 -75.313416
v -2.201012 -1.236069 -75.970520
v -1.423325 -0.980740 -75.648315
v -0.614616 -0.894526 -75.313416
v -2.042288 -1.236069 -76.267273
v -1.828764 -1.236069 -76.527527
v -1.342453 -0.980740 -75.799683
v -0.614616 -0.894526 -75.313416
v -0.614616 -0.894526 -75.313416
v -1.233580 -0.980740 -75.932373
v -2.377235 -1.650706 -77.076111
v -0.614616 -0.894526 -75.313416
v -2.858116 -2.208714 -77.556885
v -3.252691 -2.888644 -77.951477
v -2.377235 -2.208714 -77.951477
v -2.687321 -2.888644 -78.415466
v -1.999557 -1.650706 -77.386108
v -1.828764 -2.208714 -78.244629
v 2.497213 -2.208709 -45.899170
v 2.558168 -2.208709 -46.518127
v 1.878252 -1.650702 -46.518127
v 2.316641 -2.208709 -45.303955
v 1.830332 -1.650702 -46.031799
v 1.069424 -1.236064 -46.183167
v 1.102495 -1.236064 -46.518127
v 0.260717 -0.980735 -46.518127
v 1.688387 -1.650702 -45.564209
v -0.614616 -0.894520 -46.518127
v -3.787283 -2.208709 -46.517029
v -3.787161 -2.208713 -75.313049
v -3.107244 -1.650702 -46.517029
v -3.107244 -1.650706 -75.313049
v -2.331612 -1.236064 -46.517029
v -2.331612 -1.236081 -75.313049
v -1.489832 -0.980739 -46.517029
v -1.489832 -0.980744 -75.313049
v -0.614498 -0.894523 -46.517029
v -0.614498 -0.894529 -75.313049
v 0.260839 -0.980739 -46.517029
v 0.260839 -0.980744 -75.313049
v 1.102617 -1.236064 -46.517029
v 1.102617 -1.236081 -75.313049
v 1.878252 -1.650702 -46.517029
v 1.878370 -1.650706 -75.313049
v 2.558287 -2.208709 -46.517029
v 2.558287 -2.208713 -75.313049
v 0.260717 -5.381447 -42.117432
v 1.069424 -4.506088 -42.452393
v 1.102495 -5.381447 -42.372681
v 1.069424 -6.256793 -42.452393
v 0.243940 -4.506088 -42.202026
v 1.688387 -7.098512 -43.071350
v 2.023455 -7.874243 -43.880127
v 1.458086 -7.874243 -43.416199
v 1.148123 -8.554172 -43.880127
v 0.971777 -7.098512 -42.688354
v 0.243940 -6.256793 -42.202026
v -0.614616 -5.381447 -42.031250
v -0.614616 -4.506088 -42.117432
v 0.813053 -7.874243 -43.071350
v 0.599529 -8.554172 -43.586853
v 0.194090 -7.098512 -42.452393
v 0.113218 -7.874243 -42.859131
v 0.004345 -8.554172 -43.406372
v -0.614616 -6.256793 -42.117432
v -0.614616 -7.098512 -42.372681
v -0.614616 -7.874243 -42.787476
v -0.614616 -8.554172 -43.345459
v -1.342453 -7.874243 -42.859131
v -1.423325 -7.098512 -42.452393
v -1.473175 -6.256793 -42.202026
v -1.233580 -8.554172 -43.406372
v 2.023455 -2.888638 -43.880127
v 1.148123 -2.208709 -43.880127
v 0.599529 -2.208709 -43.586853
v 0.004345 -2.208709 -43.406372
v -0.614616 -2.208709 -43.345459
v -1.233580 -2.208709 -43.406372
v -0.614616 -2.888638 -42.787476
v 0.113218 -2.888638 -42.859131
v 0.813053 -2.888638 -43.071350
v -0.614616 -3.664369 -42.372681
v 1.458086 -2.888638 -43.416199
v 0.194090 -3.664369 -42.452393
v 0.971777 -3.664369 -42.688354
v 1.688387 -3.664369 -43.071350
v 2.316641 -3.664369 -43.586853
v 1.830332 -4.506088 -42.859131
v 2.497213 -4.506088 -43.406372
v 2.558168 -5.381447 -43.345459
v 1.878252 -5.381447 -42.787476
v 2.497213 -6.256794 -43.406372
v 1.830332 -6.256794 -42.859131
v 2.316641 -7.098512 -43.586853
v -3.107244 -1.650702 -46.517029
v -2.331612 -9.526819 -46.517029
v -3.107244 -9.112181 -46.517029
v -2.331612 -1.236064 -46.517029
v -1.489832 -0.980739 -46.517029
v -1.489832 -9.782152 -46.517029
v -4.345291 -2.888639 -46.517029
v -3.787283 -2.208709 -46.517029
v -4.345291 -7.874243 -46.517029
v -3.787283 -8.554173 -46.517029
v -5.101370 -5.381447 -46.517029
v -4.759903 -3.664370 -46.517029
v -5.015190 -4.506088 -46.517029
v -5.015190 -6.256794 -46.517029
v -4.759903 -7.098512 -46.517029
v 0.260839 -9.782152 -46.517029
v -0.614498 -9.868359 -46.517029
v 0.260839 -0.980739 -46.517029
v -0.614498 -0.894523 -46.517029
v 1.102617 -9.526819 -46.517029
v 1.102617 -1.236064 -46.517029
v 1.878252 -1.650702 -46.517029
v 1.878252 -9.112181 -46.517029
v 3.116297 -7.874243 -46.517029
v 2.558287 -8.554173 -46.517029
v 3.116297 -2.888639 -46.517029
v 2.558287 -2.208709 -46.517029
v 3.530909 -3.664370 -46.517029
v 3.786196 -4.506088 -46.517029
v 3.786196 -6.256794 -46.517029
v 3.872377 -5.381447 -46.517029
v 3.530909 -7.098512 -46.517029
v -1.828764 -8.554172 -43.586853
v -2.042288 -7.874243 -43.071350
v -2.377235 -8.554172 -43.880127
v -2.201012 -7.098512 -42.688354
v -2.687321 -7.874243 -43.416199
v -3.252691 -7.874243 -43.880127
v -2.917622 -7.098512 -43.071350
v -2.298658 -6.256793 -42.452393
v -1.489952 -5.381447 -42.117432
v -3.059566 -6.256794 -42.859131
v -1.473175 -4.506088 -42.202026
v -2.331732 -5.381447 -42.372681
v -2.298658 -4.506088 -42.452393
v -1.423325 -3.664369 -42.452393
v -2.201012 -3.664369 -42.688354
v -3.059566 -4.506088 -42.859131
v -1.342453 -2.888638 -42.859131
v -2.042288 -2.888638 -43.071350
v -1.828764 -2.208709 -43.586853
v -2.377235 -2.208709 -43.880127
v -2.687321 -2.888638 -43.416199
v -2.917622 -3.664369 -43.071350
v -3.252691 -2.888638 -43.880127
v -3.545877 -3.664369 -43.586853
v -3.726328 -4.506088 -43.406372
v -3.787283 -5.381447 -43.345459
v -3.107367 -5.381447 -42.787476
v -3.726328 -6.256794 -43.406372
v -3.545877 -7.098512 -43.586853
v 15.027945 -5.381443 -15.218018
v 14.913759 -4.506083 -14.350159
v 14.828302 -5.381443 -14.361389
v 14.913759 -6.256788 -14.350159
v 15.109663 -4.506083 -15.190247
v 15.140318 -7.098507 -13.504639
v 15.673220 -7.874238 -12.810120
v 15.554087 -7.874238 -13.531677
v 16.110888 -8.554168 -13.568237
v 15.166876 -7.098507 -14.316833
v 15.109663 -6.256788 -15.190247
v 15.391020 -5.381443 -16.019226
v 15.465731 -4.506084 -15.976135
v 15.577986 -7.874238 -14.262695
v 16.131163 -8.554168 -14.189880
v 15.351427 -7.098507 -15.108154
v 15.744070 -7.874238 -14.974915
v 16.272509 -8.554168 -14.795532
v 15.465731 -6.256789 -15.976135
v 15.686857 -7.098507 -15.848450
v 16.045950 -7.874238 -15.641113
v 16.529119 -8.554168 -15.362122
v 16.471907 -7.874239 -16.235535
v 16.160135 -7.098508 -16.508911
v 15.968214 -6.256789 -16.677307
v 16.431231 -2.208704 -12.372437
v 16.212160 -2.208704 -12.954590
v 15.930799 -2.888633 -12.125610
v 15.673220 -2.888633 -12.810120
v 15.558916 -3.664364 -11.942261
v 16.110888 -2.208704 -13.568237
v 16.131163 -2.208704 -14.189880
v 16.272387 -2.208705 -14.795532
v 16.529119 -2.208705 -15.362122
v 16.045950 -2.888634 -15.641113
v 15.744070 -2.888634 -14.974915
v 15.577986 -2.888633 -14.262695
v 15.686857 -3.664365 -15.848450
v 15.554087 -2.888633 -13.531677
v 15.351427 -3.664365 -15.108154
v 15.166876 -3.664364 -14.316833
v 15.140318 -3.664364 -13.504639
v 15.272730 -3.664364 -12.702820
v 15.329943 -4.506083 -11.829285
v 14.885515 -4.506083 -13.487854
v 15.026011 -4.506083 -12.636780
v 15.252573 -5.381443 -11.791260
v 15.717035 -5.381442 -11.044250
v 15.329943 -6.256788 -11.829285
v 14.942728 -5.381443 -12.614502
v 14.799456 -5.381443 -13.482300
v 15.026011 -6.256788 -12.636780
v 14.885515 -6.256788 -13.487854
v 15.272730 -7.098507 -12.702820
v 15.558916 -7.098507 -11.942261
v 20.522200 -1.650697 -15.934998
v 20.134264 -9.526814 -15.263306
v 20.522200 -9.112175 -15.934998
v 20.134264 -1.236060 -15.263306
v 19.713495 -0.980734 -14.534241
v 19.713495 -9.782146 -14.534241
v 21.141165 -2.888646 -17.007080
v 20.862101 -2.208705 -16.523926
v 21.141165 -7.874239 -17.007080
v 20.862101 -8.554168 -16.523926
v 21.519205 -5.381443 -17.661987
v 21.348410 -3.664365 -17.366150
v 21.476114 -4.506085 -17.587280
v 21.476114 -6.256790 -17.587280
v 21.348410 -7.098508 -17.366150
v 18.838160 -9.782146 -13.018066
v 19.275827 -9.868353 -13.776245
v 18.838160 -0.980733 -13.018066
v 19.275827 -0.894518 -13.776245
v 18.417269 -9.526814 -12.289185
v 18.417269 -1.236059 -12.289185
v 18.029333 -1.650696 -11.617371
v 18.029333 -9.112175 -11.617371
v 17.410368 -7.874238 -10.545288
v 17.689436 -8.554168 -11.028564
v 17.410368 -2.888633 -10.545288
v 17.689436 -2.208704 -11.028564
v 17.203123 -3.664364 -10.186157
v 17.075418 -4.506083 -9.965027
v 17.075418 -6.256788 -9.965027
v 17.032331 -5.381442 -9.890442
v 17.203123 -7.098506 -10.186157
v 15.903399 -5.381443 -16.734131
v 15.968214 -4.506084 -16.677307
v 16.160135 -3.664365 -16.508911
v 16.471907 -2.888635 -16.235535
v 16.816996 -7.874238 -10.970886
v 16.543604 -7.098506 -10.659058
v 16.759661 -8.554168 -11.844238
v 16.317049 -7.874238 -11.504639
v 16.431231 -8.554168 -12.372437
v 16.212160 -8.554168 -12.954590
v 15.930799 -7.874238 -12.125610
v 15.988012 -7.098507 -11.252197
v 16.375227 -6.256788 -10.467163
v 15.785475 -6.256788 -11.096741
v 16.318373 -5.381442 -10.402222
v 16.375227 -4.506083 -10.467163
v 15.785475 -4.506083 -11.096741
v 16.543604 -3.664364 -10.659058
v 15.988012 -3.664364 -11.252197
v 16.816996 -2.888633 -10.970886
v 16.317049 -2.888633 -11.504639
v 16.759661 -2.208704 -11.844238
v 16.110888 -8.554168 -13.568237
v 16.131163 -8.554168 -14.189880
v 16.789354 -9.112175 -13.612671
v 16.805292 -9.112175 -14.101196
v 17.563421 -9.526814 -13.663513
v 17.574404 -9.526814 -13.999878
v 16.272509 -8.554168 -14.795532
v 16.916334 -9.112175 -14.576965
v 16.045950 -7.874238 -15.641113
v 16.529119 -8.554168 -15.362122
v 16.471907 -7.874239 -16.235535
v 16.891470 -8.554168 -15.867676
v 17.118029 -9.112175 -15.022095
v 47.445137 -7.874236 2.487244
v 47.218575 -8.554166 1.642334
v 46.961845 -8.554166 2.208374
v 47.019173 -7.874235 3.082275
v 46.599617 -8.554166 2.714111
v 46.373055 -9.112173 1.868042
v 46.088432 -9.112173 2.265137
v 46.145645 -8.554166 3.139038
v 46.485306 -7.874235 3.582031
v 45.617455 -8.554166 3.467346
v 45.731766 -9.112173 2.599487
v 45.316788 -9.112173 2.857788
v 44.859451 -9.112173 3.029175
v 45.035423 -8.554166 3.687012
v 47.278801 -8.554166 -0.199585
v 47.059738 -8.554166 -0.781372
v 46.622063 -9.112173 -0.023376
v 46.449944 -9.112173 -0.480835
v 47.380196 -8.554166 0.414795
v 47.359795 -8.554166 1.036377
v 46.701729 -9.112173 0.459412
v 46.685669 -9.112173 0.947083
v 45.927666 -9.526812 0.510132
v 44.421776 -8.554166 3.788391
v 43.800041 -8.554166 3.767883
v 43.194351 -8.554166 3.626648
v 42.627899 -8.554166 3.369568
v 43.888878 -9.112173 3.093140
v 43.412949 -9.112173 2.982117
v 42.967796 -9.112173 2.780518
v 43.355736 -9.526812 2.109436
v 43.662315 -9.526812 2.248230
v 44.377235 -9.112173 3.108826
v 43.932816 -9.782145 1.450378
v 43.776505 -9.782145 1.380371
v 44.214172 -9.868352 0.622375
v 44.099983 -9.782145 1.490234
v 44.214172 -9.868352 0.622375
v 43.990143 -9.526812 2.324280
v 44.326546 -9.526812 2.335144
v 44.271500 -9.782145 1.495056
v 44.214172 -9.868352 0.622375
v 44.658600 -9.526812 2.280823
v 44.440727 -9.782145 1.467285
v 44.214172 -9.868352 0.622375
v 44.601387 -9.782145 1.406921
v 44.214172 -9.868352 0.622375
v 44.973633 -9.526812 2.161316
v 45.259453 -9.526812 1.983887
v 44.747070 -9.782145 1.316406
v 44.214172 -9.868352 0.622375
v 45.505203 -9.526812 1.754578
v 44.872360 -9.782145 1.199341
v 44.214172 -9.868352 0.622375
v 45.701225 -9.526812 1.480591
v 44.972305 -9.782145 1.059326
v 44.214172 -9.868352 0.622375
v 45.043152 -9.782145 0.903564
v 44.214172 -9.868352 0.622375
v 46.574753 -9.112173 1.422607
v 45.840157 -9.526812 1.173950
v 45.916565 -9.526812 0.845642
v 45.082138 -9.782145 0.735840
v 44.214172 -9.868352 0.622375
v 45.087700 -9.782145 0.564453
v 44.214172 -9.868352 0.622375
v 45.872742 -9.526812 0.177002
v 45.059814 -9.782145 0.395447
v 44.214172 -9.868352 0.622375
v 44.999344 -9.782145 0.234924
v 44.214172 -9.868352 0.622375
v 45.754211 -9.526812 -0.138062
v 45.576424 -9.526812 -0.422913
v 44.908691 -9.782145 0.088867
v 44.214172 -9.868352 0.622375
v 45.346359 -9.526812 -0.669128
v 44.791367 -9.782145 -0.036682
v 44.214172 -9.868352 0.622375
v 45.072723 -9.526812 -0.864685
v 44.651955 -9.782145 -0.135620
v 44.214172 -9.868352 0.622375
v 17.789736 -9.526814 -14.634277
v 17.345312 -8.554168 -16.292908
v 17.402643 -9.112175 -15.419373
v 17.985880 -9.526814 -14.907959
v 17.759321 -9.112175 -15.753479
v 17.005655 -7.874239 -16.735474
v 17.873507 -8.554168 -16.621338
v 18.174295 -9.112175 -16.011414
v 18.455652 -8.554168 -16.840393
v 19.069307 -8.554168 -16.941650
v 19.690924 -8.554168 -16.921387
v 20.296610 -8.554168 -16.780151
v 20.863188 -8.554168 -16.523438
v 20.078138 -9.112175 -16.136230
v 20.523165 -9.112175 -15.934509
v 20.135351 -9.526814 -15.262817
v 19.602209 -9.112175 -16.247253
v 19.828764 -9.526814 -15.401733
v 19.558149 -9.782146 -14.604614
v 19.714460 -9.782146 -14.533752
v 19.276793 -9.868364 -13.775757
v 19.391096 -9.782146 -14.643616
v 19.276793 -9.868364 -13.775757
v 19.500937 -9.526814 -15.478149
v 19.113726 -9.112175 -16.263184
v 19.219580 -9.782146 -14.649292
v 19.276793 -9.868364 -13.775757
v 19.164541 -9.526814 -15.489136
v 18.631639 -9.112175 -16.183655
v 18.832365 -9.526814 -15.434326
v 19.050238 -9.782146 -14.621277
v 19.276793 -9.868364 -13.775757
v 18.889700 -9.782146 -14.560791
v 19.276793 -9.868364 -13.775757
v 18.517332 -9.526814 -15.315796
v 18.231508 -9.526814 -15.138000
v 18.743891 -9.782146 -14.470154
v 19.276793 -9.868364 -13.775757
v 18.618723 -9.782146 -14.352966
v 19.276793 -9.868364 -13.775757
v 18.518782 -9.782146 -14.213440
v 19.276793 -9.868364 -13.775757
v 17.650808 -9.526814 -14.327698
v 18.447927 -9.782146 -14.057129
v 19.276793 -9.868364 -13.775757
v 18.408941 -9.782146 -13.889954
v 19.276793 -9.868364 -13.775757
v 18.403269 -9.782146 -13.718506
v 19.276793 -9.868364 -13.775757
v 18.030420 -9.112175 -11.616882
v 17.184900 -8.554168 -11.390320
v 17.690401 -8.554168 -11.028076
v 17.411455 -7.874238 -10.544800
v 16.816996 -7.874238 -10.970886
v 17.633188 -9.112175 -11.901611
v 16.759661 -8.554168 -11.844238
v 16.317049 -7.874238 -11.504639
v 18.144602 -9.526814 -12.484863
v 18.418234 -9.526814 -12.288696
v 18.839125 -9.782146 -13.017639
v 17.299082 -9.112175 -12.258301
v 18.699591 -9.782146 -13.117554
v 19.276793 -9.868364 -13.775757
v 17.914545 -9.526814 -12.730469
v 16.431231 -8.554168 -12.372437
v 17.041140 -9.112175 -12.673218
v 18.582392 -9.782146 -13.242859
v 19.276793 -9.868364 -13.775757
v 17.736750 -9.526814 -13.016296
v 16.868898 -9.112175 -13.130615
v 18.491743 -9.782146 -13.388550
v 19.276793 -9.868364 -13.775757
v 17.618219 -9.526814 -13.331299
v 18.431273 -9.782146 -13.549194
v 19.276793 -9.868364 -13.775757
v 19.276793 -9.868364 -13.775757
v 16.212160 -8.554168 -12.954590
v 45.857895 -9.112173 -1.252136
v 46.306183 -8.554166 -1.763916
v 45.800568 -8.554166 -2.126038
v 46.079628 -7.874237 -2.608826
v 45.460663 -9.112173 -1.536987
v 46.674088 -7.874237 -2.182739
v 46.731300 -8.554166 -1.310059
v 46.191887 -9.112173 -0.896057
v 47.174034 -7.874237 -1.649231
v 44.651474 -9.782132 -0.136841
v 19.275827 -9.868353 -13.776245
v 44.213814 -9.868352 0.622375
v 19.713495 -9.782146 -14.534241
v 45.072365 -9.526812 -0.864685
v 20.134264 -9.526814 -15.263306
v 45.460182 -9.112173 -1.536987
v 20.522200 -9.112175 -15.934998
v 45.800201 -8.554166 -2.126038
v 20.862101 -8.554168 -16.523926
v 42.627419 -8.554166 3.369568
v 17.689436 -8.554168 -11.028564
v 42.967430 -9.112173 2.780518
v 18.029333 -9.112175 -11.617371
v 43.355247 -9.526812 2.108215
v 18.417269 -9.526814 -12.289185
v 43.776138 -9.782132 1.380371
v 18.838160 -9.782146 -13.018066
v 44.213814 -9.868352 0.622375
v 19.275827 -9.868353 -13.776245
v 16.471907 -7.874239 -16.235535
v 16.160135 -7.098508 -16.508911
v 15.968214 -6.256789 -16.677307
v 17.345312 -8.554168 -16.292908
v 17.005655 -7.874239 -16.735474
v 17.873507 -8.554168 -16.621338
v 16.753263 -7.098508 -17.064514
v 17.626791 -7.874239 -17.121765
v 18.455652 -8.554168 -16.840393
v 18.311174 -7.874239 -17.379333
v 17.443323 -7.098508 -17.493652
v 16.597799 -6.256789 -17.267090
v 15.903399 -5.381443 -16.734131
v 17.330465 -6.256790 -17.722595
v 15.968214 -4.506084 -16.677307
v 16.545294 -5.381443 -17.335510
v 16.597799 -4.506084 -17.267090
v 16.160135 -3.664365 -16.508911
v 16.753263 -3.664365 -17.064514
v 17.330465 -4.506085 -17.722595
v 16.471907 -2.888635 -16.235535
v 17.005655 -2.888635 -16.735474
v 17.345312 -2.208705 -16.292908
v 17.873507 -2.208705 -16.621338
v 17.626791 -2.888635 -17.121765
v 17.443323 -3.664365 -17.493652
v 18.311174 -2.888635 -17.379333
v 18.455652 -2.208705 -16.840393
v 18.203867 -3.664365 -17.779785
v 19.069307 -2.208705 -16.941650
v 19.690924 -2.208705 -16.921387
v 20.863188 -2.208705 -16.523438
v 20.296610 -2.208705 -16.780151
v 21.142130 -2.888635 -17.006592
v 20.475973 -2.888635 -17.308472
v 21.349497 -3.664365 -17.365662
v 19.763708 -2.888635 -17.474548
v 20.609350 -3.664365 -17.701111
v 21.477201 -4.506085 -17.586792
v 20.691427 -4.506085 -17.942871
v 19.032854 -2.888635 -17.498474
v 19.817904 -3.664365 -17.885681
v 21.520292 -5.381443 -17.661499
v 19.005693 -3.664365 -17.912231
v 19.851217 -4.506085 -18.138794
v 18.989038 -4.506085 -18.167053
v 20.719069 -5.381443 -18.024475
v 19.862440 -5.381443 -18.224243
v 18.137842 -4.506085 -18.026550
v 18.983366 -5.381443 -18.253113
v 20.691427 -6.256790 -17.942871
v 18.115515 -5.381443 -18.109802
v 21.477201 -6.256790 -17.586792
v 17.292322 -5.381443 -17.799988
v 18.137842 -6.256790 -18.026550
v 18.203867 -7.098508 -17.779785
v 18.989038 -6.256790 -18.167053
v 19.851217 -6.256790 -18.138794
v 19.005693 -7.098508 -17.912231
v 19.817904 -7.098508 -17.885681
v 19.032854 -7.874239 -17.498474
v 19.069307 -8.554168 -16.941650
v 19.763708 -7.874239 -17.474548
v 20.609350 -7.098508 -17.701111
v 21.349497 -7.098508 -17.365662
v 20.475973 -7.874239 -17.308472
v 21.142130 -7.874239 -17.006592
v 19.690924 -8.554168 -16.921387
v 20.296610 -8.554168 -16.780151
v 20.863188 -8.554168 -16.523438
v 46.674088 -2.888632 -2.182739
v 46.286873 -3.664363 -2.968506
v 46.947479 -3.664363 -2.494141
v 46.079628 -2.888632 -2.608826
v 46.079628 -7.874237 -2.608826
v 46.674088 -7.874237 -2.182739
v 46.286873 -7.098505 -2.968506
v 46.947479 -7.098505 -2.494141
v 46.414574 -6.256786 -3.189392
v 47.115860 -6.256786 -2.687317
v 46.457664 -5.381428 -3.264221
v 47.172707 -5.381428 -2.751282
v 47.115860 -4.506082 -2.687317
v 46.414574 -4.506082 -3.189392
v 45.800201 -8.554166 -2.126038
v 20.862101 -8.554168 -16.523926
v 21.141165 -7.874239 -17.007080
v 46.079147 -7.874237 -2.608826
v 21.348410 -7.098508 -17.366150
v 46.286514 -7.098505 -2.968506
v 21.476114 -6.256790 -17.587280
v 46.414215 -6.256786 -3.189392
v 21.519205 -5.381443 -17.661987
v 46.457306 -5.381428 -3.264221
v 21.476114 -4.506085 -17.587280
v 46.414215 -4.506082 -3.189392
v 21.348410 -3.664365 -17.366150
v 46.286514 -3.664363 -2.968506
v 21.141165 -2.888646 -17.007080
v 46.079147 -2.888632 -2.608826
v 20.862101 -2.208705 -16.523926
v 45.800201 -2.208703 -2.126038
v 47.445137 -7.874236 2.487244
v 47.218575 -8.554166 1.642334
v 46.961845 -8.554166 2.208374
v 47.019173 -7.874235 3.082275
v 47.804222 -7.098505 2.694824
v 47.330833 -7.098505 3.355103
v 48.025352 -6.256786 2.822754
v 47.522865 -6.256786 3.524048
v 48.100067 -5.381427 2.864990
v 47.587685 -5.381427 3.580811
v 47.932053 -7.098505 -1.211121
v 47.817863 -7.874237 -0.343262
v 48.218361 -7.098505 -0.450684
v 48.350769 -7.098505 0.350769
v 47.560287 -7.874237 -1.027649
v 47.278801 -8.554166 -0.199585
v 47.059738 -8.554166 -0.781372
v 47.936996 -7.874237 0.377319
v 48.577332 -6.256786 1.195679
v 48.324089 -7.098505 1.163086
v 47.380196 -8.554166 0.414795
v 47.913094 -7.874237 1.108826
v 48.381424 -6.256786 2.036987
v 48.463020 -5.381427 2.063599
v 48.139656 -7.098505 1.954956
v 48.381424 -4.506082 2.036987
v 47.747009 -7.874236 1.820923
v 47.359795 -8.554166 1.036377
v 48.218361 -3.664362 -0.450684
v 48.605446 -4.506082 0.333862
v 48.350769 -3.664362 0.350769
v 48.577332 -4.506082 1.195679
v 48.161148 -4.506082 -1.324585
v 47.932053 -3.664362 -1.211121
v 47.705490 -4.506082 -2.057251
v 47.773933 -5.381428 -2.109131
v 48.464951 -4.506082 -0.517090
v 48.238388 -5.381428 -1.363159
v 48.161148 -6.256786 -1.324585
v 48.548233 -5.381428 -0.539978
v 48.464951 -6.256786 -0.517090
v 48.691513 -5.381428 0.327881
v 48.662781 -5.381428 1.207764
v 48.605446 -6.256786 0.333862
v 42.967430 -9.112173 2.780518
v 42.967430 -1.650694 2.780518
v 43.355247 -1.236057 2.108215
v 43.355247 -9.526812 2.108215
v 43.776138 -9.782132 1.380371
v 43.776138 -0.980727 1.380371
v 42.348473 -2.888631 3.852356
v 42.627419 -2.208701 3.369568
v 42.348473 -7.874235 3.852356
v 42.627419 -8.554166 3.369568
v 41.970306 -5.381427 4.507812
v 42.141106 -7.098505 4.212036
v 42.013527 -6.256786 4.432983
v 42.013527 -4.506081 4.432983
v 42.141106 -3.664362 4.212036
v 44.651474 -0.980728 -0.136841
v 44.213814 -0.894512 0.622375
v 44.651474 -9.782132 -0.136841
v 44.213814 -9.868352 0.622375
v 45.072365 -1.236058 -0.864685
v 45.072365 -9.526812 -0.864685
v 45.460182 -9.112173 -1.536987
v 45.460182 -1.650695 -1.536987
v 46.079147 -2.888632 -2.608826
v 45.800201 -2.208703 -2.126038
v 46.079147 -7.874237 -2.608826
v 45.800201 -8.554166 -2.126038
v 46.286514 -7.098505 -2.968506
v 46.414215 -6.256786 -3.189392
v 46.414215 -4.506082 -3.189392
v 46.286514 -3.664363 -2.968506
v 46.457306 -5.381428 -3.264221
v 47.522865 -4.506081 3.524048
v 48.025352 -4.506082 2.822754
v 48.139656 -3.664362 1.954956
v 47.804222 -3.664362 2.694824
v 47.747009 -2.888631 1.820923
v 47.330833 -3.664362 3.355103
v 47.445137 -2.888631 2.487244
v 47.019173 -2.888631 3.082275
v 47.218575 -2.208702 1.642334
v 46.961845 -2.208702 2.208374
v 46.674088 -2.888632 -2.182739
v 46.947479 -3.664363 -2.494141
v 47.174034 -2.888632 -1.649231
v 47.502953 -3.664363 -1.901550
v 46.731300 -2.208703 -1.310059
v 47.560287 -2.888632 -1.027649
v 47.059738 -2.208703 -0.781372
v 47.278801 -2.208703 -0.199585
v 47.817863 -2.888632 -0.343262
v 47.380196 -2.208703 0.414795
v 47.936996 -2.888632 0.377319
v 47.913094 -2.888632 1.108826
v 47.359795 -2.208703 1.036377
v 48.324089 -3.664362 1.163086
v 46.674088 -7.874237 -2.182739
v 46.731300 -8.554166 -1.310059
v 46.947479 -7.098505 -2.494141
v 47.174034 -7.874237 -1.649231
v 47.115860 -6.256786 -2.687317
v 47.502953 -7.098505 -1.901550
v 47.705490 -6.256786 -2.057251
v 47.172707 -5.381428 -2.751282
v 47.115860 -4.506082 -2.687317
v 17.914545 -1.236059 -12.730469
v 18.582392 -0.980730 -13.242859
v 18.699591 -0.980730 -13.117554
v 19.276793 -0.894515 -13.775757
v 17.041140 -1.650696 -12.673218
v 17.736750 -1.236059 -13.016296
v 16.431231 -2.208704 -12.372437
v 16.212160 -2.208704 -12.954590
v 16.868898 -1.650696 -13.130615
v 18.491743 -0.980730 -13.388550
v 19.276793 -0.894515 -13.775757
v 17.618219 -1.236059 -13.331299
v 18.431273 -0.980730 -13.549194
v 19.276793 -0.894515 -13.775757
v 18.403269 -0.980730 -13.718506
v 19.276793 -0.894515 -13.775757
v 17.563421 -1.236060 -13.663513
v 16.789354 -1.650697 -13.612671
v 16.110888 -2.208704 -13.568237
v 16.131163 -2.208704 -14.189880
v 16.805292 -1.650697 -14.101196
v 17.574404 -1.236060 -13.999878
v 18.408941 -0.980730 -13.890076
v 19.276793 -0.894515 -13.775757
v 16.916334 -1.650697 -14.576965
v 16.272387 -2.208705 -14.795532
v 17.650808 -1.236060 -14.327698
v 18.447927 -0.980731 -14.057129
v 19.276793 -0.894515 -13.775757
v 18.518782 -0.980731 -14.213440
v 19.276793 -0.894515 -13.775757
v 17.789736 -1.236060 -14.634277
v 18.618723 -0.980731 -14.352966
v 19.276793 -0.894515 -13.775757
v 17.985880 -1.236060 -14.907959
v 17.118029 -1.650697 -15.022095
v 16.529119 -2.208705 -15.362122
v 16.891470 -2.208705 -15.867676
v 16.045950 -2.888634 -15.641113
v 17.402643 -1.650697 -15.419373
v 47.445137 -2.888631 2.487244
v 47.019173 -2.888631 3.082275
v 47.218575 -2.208702 1.642334
v 46.961845 -2.208702 2.208374
v 46.599617 -2.208702 2.714111
v 46.373055 -1.650694 1.868042
v 46.574753 -1.650694 1.422607
v 46.685669 -1.650694 0.947083
v 46.088432 -1.650694 2.265137
v 46.145645 -2.208701 3.139038
v 45.916565 -1.236057 0.845642
v 45.927666 -1.236058 0.510132
v 45.701225 -1.236057 1.480591
v 45.840157 -1.236057 1.173950
v 45.082138 -0.980725 0.735840
v 45.087700 -0.980725 0.564453
v 44.214172 -0.894510 0.622375
v 45.043152 -0.980725 0.903564
v 44.214172 -0.894510 0.622375
v 44.972305 -0.980725 1.059326
v 44.214172 -0.894510 0.622375
v 45.505203 -1.236057 1.754578
v 44.872360 -0.980725 1.199341
v 44.214172 -0.894510 0.622375
v 44.747070 -0.980725 1.316406
v 44.214172 -0.894510 0.622375
v 45.259453 -1.236057 1.983887
v 45.731766 -1.650694 2.599487
v 44.601387 -0.980725 1.406921
v 44.214172 -0.894510 0.622375
v 44.973633 -1.236057 2.161316
v 45.617455 -2.208701 3.467346
v 45.316788 -1.650694 2.857788
v 44.658600 -1.236057 2.280823
v 44.859451 -1.650694 3.029175
v 44.440727 -0.980725 1.467285
v 44.214172 -0.894510 0.622375
v 44.326546 -1.236057 2.335144
v 44.214172 -0.894510 0.622375
v 44.271500 -0.980725 1.495056
v 44.099983 -0.980725 1.490234
v 44.214172 -0.894510 0.622375
v 44.377235 -1.650694 3.108826
v 43.990143 -1.236057 2.324280
v 44.421776 -2.208701 3.788391
v 43.888878 -1.650694 3.093140
v 43.662315 -1.236057 2.248230
v 43.932816 -0.980725 1.450378
v 44.214172 -0.894510 0.622375
v 43.355736 -1.236057 2.109436
v 43.776505 -0.980725 1.380371
v 44.214172 -0.894510 0.622375
v 43.412949 -1.650694 2.982117
v 42.967796 -1.650694 2.780518
v 42.627899 -2.208701 3.369568
v 43.194351 -2.208701 3.626648
v 43.800041 -2.208701 3.767883
v 45.035423 -2.208701 3.687012
v 46.485306 -2.888631 3.582031
v 16.471907 -2.888635 -16.235535
v 17.005655 -2.888635 -16.735474
v 17.345312 -2.208705 -16.292908
v 17.759321 -1.650697 -15.753479
v 17.873507 -2.208705 -16.621338
v 18.455652 -2.208705 -16.840393
v 18.174295 -1.650697 -16.011536
v 18.231508 -1.236060 -15.138000
v 18.743891 -0.980731 -14.470154
v 19.276793 -0.894515 -13.775757
v 18.517332 -1.236060 -15.315796
v 18.889700 -0.980731 -14.560791
v 19.276793 -0.894515 -13.775757
v 18.832365 -1.236060 -15.434326
v 19.276793 -0.894515 -13.775757
v 19.050238 -0.980731 -14.621277
v 19.219580 -0.980731 -14.649292
v 19.276793 -0.894515 -13.775757
v 18.631639 -1.650697 -16.183655
v 19.164541 -1.236060 -15.489136
v 19.069307 -2.208705 -16.941650
v 19.113726 -1.650697 -16.263184
v 19.500937 -1.236060 -15.478149
v 19.391096 -0.980731 -14.643616
v 19.276793 -0.894515 -13.775757
v 19.602209 -1.650697 -16.247253
v 19.690924 -2.208705 -16.921387
v 19.828764 -1.236060 -15.401733
v 19.558149 -0.980731 -14.604614
v 19.276793 -0.894515 -13.775757
v 20.135351 -1.236060 -15.262817
v 19.714460 -0.980731 -14.533752
v 19.276793 -0.894515 -13.775757
v 20.078138 -1.650697 -16.136230
v 20.523165 -1.650697 -15.934509
v 20.863188 -2.208705 -16.523438
v 20.296610 -2.208705 -16.780151
v 46.674088 -2.888632 -2.182739
v 46.079628 -2.888632 -2.608826
v 47.174034 -2.888632 -1.649231
v 46.306183 -2.208703 -1.763916
v 45.800568 -2.208703 -2.126038
v 46.731300 -2.208703 -1.310059
v 45.857895 -1.650695 -1.252136
v 45.460663 -1.650695 -1.536987
v 47.059738 -2.208703 -0.781372
v 45.346359 -1.236058 -0.669128
v 45.072723 -1.236058 -0.864685
v 46.191887 -1.650694 -0.896057
v 46.449944 -1.650694 -0.480835
v 44.791367 -0.980725 -0.036682
v 44.651955 -0.980725 -0.135620
v 44.214172 -0.894510 0.622375
v 45.576424 -1.236058 -0.422913
v 44.908691 -0.980725 0.088867
v 44.214172 -0.894510 0.622375
v 45.754211 -1.236058 -0.138062
v 45.872742 -1.236058 0.177002
v 44.999344 -0.980725 0.234924
v 44.214172 -0.894510 0.622375
v 44.214172 -0.894510 0.622375
v 45.059692 -0.980725 0.395447
v 46.622063 -1.650694 -0.023376
v 44.214172 -0.894510 0.622375
v 47.278801 -2.208703 -0.199585
v 47.380196 -2.208703 0.414795
v 46.701729 -1.650694 0.459412
v 47.359795 -2.208703 1.036377
v 16.816996 -2.888633 -10.970886
v 17.411455 -2.888633 -10.544800
v 16.317049 -2.888633 -11.504639
v 17.184900 -2.208704 -11.390320
v 17.690401 -2.208704 -11.028076
v 18.030420 -1.650696 -11.616882
v 16.759661 -2.208704 -11.844238
v 17.633188 -1.650696 -11.901611
v 18.144602 -1.236059 -12.484863
v 18.418234 -1.236059 -12.288696
v 18.839125 -0.980730 -13.017639
v 17.299082 -1.650696 -12.258301
v 19.276793 -0.894515 -13.775757
v 20.862101 -2.208705 -16.523926
v 45.800201 -2.208703 -2.126038
v 20.522200 -1.650697 -15.934998
v 45.460182 -1.650695 -1.536987
v 20.134264 -1.236060 -15.263306
v 45.072365 -1.236058 -0.864685
v 19.713495 -0.980734 -14.534241
v 44.651474 -0.980728 -0.136841
v 19.275827 -0.894518 -13.776245
v 44.213814 -0.894512 0.622375
v 18.838160 -0.980733 -13.018066
v 43.776138 -0.980727 1.380371
v 18.417269 -1.236059 -12.289185
v 43.355247 -1.236057 2.108215
v 18.029333 -1.650696 -11.617371
v 42.967430 -1.650694 2.780518
v 17.689436 -2.208704 -11.028564
v 42.627419 -2.208701 3.369568
v 47.019173 -7.874235 3.082275
v 47.330833 -7.098505 3.355103
v 46.145645 -8.554166 3.139038
v 46.485306 -7.874235 3.582031
v 47.522865 -6.256786 3.524048
v 46.737816 -7.098505 3.910278
v 45.864288 -7.874235 3.968262
v 45.617455 -8.554166 3.467346
v 46.893166 -6.256786 4.113098
v 46.047646 -7.098505 4.340027
v 45.035423 -8.554166 3.687012
v 45.179794 -7.874235 4.225342
v 47.587685 -5.381427 3.580811
v 46.160622 -6.256786 4.569336
v 45.287094 -7.098505 4.626099
v 46.945671 -5.381427 4.181885
v 45.353241 -6.256786 4.872314
v 47.522865 -4.506081 3.524048
v 46.198761 -5.381427 4.646606
v 46.893166 -4.506081 4.113098
v 46.160622 -4.506081 4.569336
v 45.375572 -5.381427 4.955566
v 45.353241 -4.506081 4.872314
v 44.507721 -5.381427 5.099243
v 44.502052 -6.256786 5.013550
v 47.330833 -3.664362 3.355103
v 47.019173 -2.888631 3.082275
v 44.485390 -7.098505 4.758850
v 44.458229 -7.874235 4.344849
v 44.421776 -8.554166 3.788391
v 46.145645 -2.208701 3.139038
v 45.617455 -2.208701 3.467346
v 44.421776 -2.208701 3.788391
v 42.627899 -2.208701 3.369568
v 43.194351 -2.208701 3.626648
v 42.348831 -2.888631 3.852356
v 43.800041 -2.208701 3.767883
v 43.014992 -2.888631 4.154114
v 42.141586 -3.664362 4.212036
v 43.727257 -2.888631 4.320679
v 42.881737 -3.664362 4.547607
v 42.013885 -4.506081 4.432983
v 42.799660 -4.506081 4.789001
v 41.970795 -5.381427 4.507812
v 43.673187 -3.664362 4.732300
v 44.458229 -2.888631 4.344849
v 45.035423 -2.208701 3.687012
v 45.179794 -2.888631 4.225342
v 45.864288 -2.888631 3.968262
v 46.485306 -2.888631 3.582031
v 46.737816 -3.664362 3.910278
v 46.047646 -3.664362 4.340027
v 45.287094 -3.664362 4.626099
v 44.485390 -3.664362 4.758850
v 44.502052 -4.506081 5.013550
v 43.639870 -4.506081 4.984558
v 43.628525 -5.381427 5.070251
v 42.771896 -5.381427 4.871094
v 43.639870 -6.256786 4.984558
v 42.799660 -6.256786 4.789001
v 42.013885 -6.256786 4.432983
v 43.673187 -7.098505 4.732300
v 42.881737 -7.098505 4.547607
v 42.141586 -7.098505 4.212036
v 43.727257 -7.874235 4.320679
v 43.014992 -7.874235 4.154114
v 42.348831 -7.874235 3.852356
v 43.800041 -8.554166 3.767883
v 43.194351 -8.554166 3.626648
v 42.627899 -8.554166 3.369568
v 17.411455 -7.874238 -10.544800
v 16.816996 -7.874238 -10.970886
v 17.204088 -7.098506 -10.185669
v 16.543604 -7.098506 -10.659058
v 17.076506 -6.256788 -9.964600
v 16.375227 -6.256788 -10.467163
v 17.033297 -5.381442 -9.889954
v 16.318373 -5.381442 -10.402222
v 16.375227 -4.506083 -10.467163
v 17.076506 -4.506083 -9.964600
v 16.543604 -3.664364 -10.659058
v 17.204088 -3.664364 -10.185669
v 16.816996 -2.888633 -10.970886
v 17.411455 -2.888633 -10.544800
v 17.689436 -2.208704 -11.028564
v 42.627419 -2.208701 3.369568
v 42.348473 -2.888631 3.852356
v 17.410368 -2.888633 -10.545288
v 42.141106 -3.664362 4.212036
v 17.203123 -3.664364 -10.186157
v 42.013527 -4.506081 4.432983
v 17.075418 -4.506083 -9.965027
v 41.970306 -5.381427 4.507812
v 17.032331 -5.381442 -9.890442
v 42.013527 -6.256786 4.432983
v 17.075418 -6.256788 -9.965027
v 42.141106 -7.098505 4.212036
v 17.203123 -7.098506 -10.186157
v 42.348473 -7.874235 3.852356
v 17.410368 -7.874238 -10.545288
v 42.627419 -8.554166 3.369568
v 17.689436 -8.554168 -11.028564
v 4.045706 -4.486847 -30.736389
v 3.931520 -5.362205 -31.604248
v 3.846064 -4.486847 -31.593018
v 3.903276 -5.362205 -32.466553
v 4.290491 -6.203924 -33.251587
v 4.043776 -5.362205 -33.317627
v 4.576677 -6.203924 -34.012146
v 4.347704 -5.362205 -34.125000
v 3.817217 -4.486847 -32.472107
v 3.960489 -4.486847 -33.339966
v 4.270334 -4.486847 -34.163147
v 4.347704 -3.611500 -34.125000
v 4.043776 -3.611500 -33.317627
v 4.576677 -2.769781 -34.012146
v 3.903276 -3.611500 -32.466553
v 4.290491 -2.769781 -33.251587
v 4.948561 -1.994050 -33.828796
v 3.931520 -3.611500 -31.604248
v 4.158079 -2.769781 -32.449768
v 4.690981 -1.994050 -33.144287
v 5.448992 -1.314121 -33.581970
v 5.229918 -1.314121 -32.999817
v 4.571848 -1.994050 -32.422729
v 5.128649 -1.314121 -32.386108
v 4.184633 -2.769781 -31.637573
v 4.127420 -3.611500 -30.764160
v 4.408781 -4.486846 -29.935181
v 4.595747 -1.994050 -31.691772
v 5.148928 -1.314121 -31.764526
v 4.369188 -2.769781 -30.846191
v 4.483496 -3.611500 -29.978271
v 4.761835 -1.994050 -30.979492
v 5.290152 -1.314121 -31.158813
v 4.704500 -2.769781 -30.105957
v 4.985979 -3.611500 -29.277100
v 5.063589 -1.994050 -30.313354
v 5.546885 -1.314120 -30.592285
v 5.489672 -1.994050 -29.718872
v 4.921164 -4.486846 -29.220215
v 5.177896 -2.769781 -29.445496
v 5.489672 -6.979654 -29.718872
v 5.177896 -6.203924 -29.445496
v 4.985979 -5.362204 -29.277100
v 5.063589 -6.979655 -30.313354
v 5.546885 -7.659584 -30.592285
v 5.290152 -7.659584 -31.158813
v 4.704500 -6.203924 -30.105957
v 4.761835 -6.979655 -30.979492
v 5.148928 -7.659584 -31.764526
v 4.483496 -5.362204 -29.978271
v 4.369188 -6.203924 -30.846191
v 4.595747 -6.979655 -31.691772
v 5.128649 -7.659584 -32.386108
v 4.127420 -5.362205 -30.764160
v 4.184633 -6.203924 -31.637573
v 4.571848 -6.979655 -32.422729
v 5.229918 -7.659584 -32.999817
v 4.690981 -6.979655 -33.144287
v 4.158079 -6.203924 -32.449768
v 7.854956 -8.887551 -32.935730
v 6.092218 -5.362206 -35.988770
v 6.092218 -3.611500 -35.988770
v 6.049128 -4.486847 -36.063477
v 6.706232 -7.659585 -34.925354
v 6.219919 -6.203924 -35.767639
v 6.427168 -6.979643 -35.408569
v 7.434069 -8.632217 -33.664734
v 7.046247 -8.217592 -34.336426
v 8.730291 -8.887550 -31.419556
v 8.292627 -8.973769 -32.177673
v 7.854956 -0.086145 -32.935730
v 6.706232 -1.314121 -34.925354
v 6.219919 -2.769781 -35.767639
v 6.427168 -1.994050 -35.408569
v 7.434069 -0.341477 -33.664734
v 7.046247 -0.756113 -34.336426
v 8.730291 -0.086145 -31.419556
v 8.292627 0.000070 -32.177673
v 10.492907 -3.611499 -28.366516
v 10.492907 -5.362204 -28.366516
v 10.536001 -4.486845 -28.291931
v 9.879015 -1.314120 -29.430054
v 10.365328 -2.769781 -28.587646
v 10.157961 -1.994050 -28.946716
v 9.151178 -0.341477 -30.690613
v 9.539000 -0.756113 -30.018799
v 9.879015 -7.659584 -29.430054
v 9.151178 -8.632215 -30.690613
v 9.539000 -8.217590 -30.018799
v 10.365328 -6.203924 -28.587646
v 10.157961 -6.979643 -28.946716
v 5.777426 -1.314121 -34.110107
v 5.448992 -7.659584 -33.581970
v 5.777426 -7.659584 -34.110107
v 5.834761 -6.979655 -34.983521
v 5.334810 -6.979655 -34.449768
v 4.948561 -6.979655 -33.828796
v 5.561365 -6.203924 -35.295288
v 5.005774 -6.203924 -34.702148
v 5.392988 -5.362206 -35.487244
v 4.803232 -5.362205 -34.857666
v 5.336138 -4.486847 -35.552063
v 4.734797 -4.486847 -34.910156
v 5.392988 -3.611500 -35.487244
v 4.803232 -3.611500 -34.857666
v 5.561365 -2.769781 -35.295288
v 5.834761 -1.994050 -34.983521
v 5.005774 -2.769781 -34.702148
v 5.334810 -1.994050 -34.449768
v 49.412224 -7.659588 -54.515991
v 49.432625 -7.659588 -53.894348
v 49.331230 -7.659587 -53.280701
v 8.087069 -7.659584 -29.012756
v 7.473417 -7.659584 -29.114014
v 6.891268 -7.659584 -29.333069
v 6.023417 -6.979654 -29.218933
v 6.363073 -7.659584 -29.661499
v 5.489672 -6.979654 -29.718872
v 5.909113 -7.659584 -30.086792
v 5.063589 -6.979655 -30.313354
v 5.546885 -7.659584 -30.592285
v 5.290152 -7.659584 -31.158813
v 5.148928 -7.659584 -31.764526
v 5.128649 -7.659584 -32.386108
v 5.229918 -7.659584 -32.999817
v 46.474205 -7.659588 -57.267761
v 47.087852 -7.659588 -57.166504
v 47.669884 -7.659588 -56.947388
v 48.537735 -6.979659 -57.061584
v 48.198074 -7.659588 -56.618958
v 49.071602 -6.979659 -56.561646
v 48.652039 -7.659588 -56.193726
v 49.497559 -6.979659 -55.967163
v 49.014267 -7.659588 -55.688232
v 49.270996 -7.659588 -55.121643
v 45.020218 -8.217594 -56.260742
v 45.246780 -7.659588 -57.106262
v 44.680328 -7.659588 -56.849487
v 45.465370 -8.217594 -56.462280
v 45.408157 -8.632232 -55.588928
v 45.714745 -8.632232 -55.727844
v 45.828926 -8.887566 -54.859985
v 45.985237 -8.887566 -54.930725
v 46.266594 -8.973772 -54.101868
v 45.852470 -7.659588 -57.247498
v 45.941299 -8.217594 -56.573364
v 46.042572 -8.632232 -55.804260
v 46.429665 -8.217594 -56.589294
v 46.152412 -8.887566 -54.969727
v 46.266594 -8.973772 -54.101868
v 46.378975 -8.632232 -55.815247
v 46.323929 -8.887566 -54.975342
v 46.266594 -8.973772 -54.101868
v 46.911873 -8.217594 -56.509766
v 46.711021 -8.632232 -55.760437
v 46.493156 -8.887566 -54.947388
v 46.266594 -8.973772 -54.101868
v 47.369209 -8.217594 -56.337646
v 47.026054 -8.632232 -55.641907
v 46.653809 -8.887566 -54.886902
v 46.266594 -8.973772 -54.101868
v 47.784187 -8.217594 -56.079590
v 47.311882 -8.632232 -55.464111
v 46.799500 -8.887566 -54.796387
v 46.266594 -8.973772 -54.101868
v 48.140862 -8.217594 -55.745483
v 47.557632 -8.632232 -55.234009
v 46.924782 -8.887566 -54.679077
v 46.266594 -8.973772 -54.101868
v 48.425476 -8.217594 -55.348206
v 47.753647 -8.632232 -54.960388
v 47.024727 -8.887566 -54.539490
v 46.266594 -8.973772 -54.101868
v 47.095581 -8.887566 -54.383179
v 46.266594 -8.973772 -54.101868
v 47.892578 -8.632232 -54.653809
v 48.627174 -8.217594 -54.903198
v 47.134567 -8.887566 -54.216187
v 46.266594 -8.973772 -54.101868
v 47.968979 -8.632232 -54.325989
v 47.140121 -8.887566 -54.044617
v 46.266594 -8.973772 -54.101868
v 48.738098 -8.217594 -54.427246
v 47.980095 -8.632232 -53.989624
v 47.112114 -8.887566 -53.875305
v 46.266594 -8.973772 -54.101868
v 48.754150 -8.217594 -53.938782
v 47.925171 -8.632232 -53.657410
v 47.051765 -8.887566 -53.714661
v 46.266594 -8.973772 -54.101868
v 48.674492 -8.217594 -53.456726
v 47.806641 -8.632232 -53.342407
v 46.961121 -8.887566 -53.568970
v 46.266594 -8.973772 -54.101868
v 48.502365 -8.217594 -52.999390
v 47.628845 -8.632232 -53.056580
v 46.843796 -8.887566 -53.443787
v 46.266594 -8.973772 -54.101868
v 48.244308 -8.217594 -52.584351
v 49.112160 -7.659587 -52.698547
v 47.398781 -8.632232 -52.810913
v 46.704269 -8.887566 -53.343750
v 46.266594 -8.973772 -54.101868
v 47.125153 -8.632232 -52.614807
v 47.910202 -8.217594 -52.227722
v 47.513092 -8.217594 -51.942993
v 48.358612 -7.659587 -51.716431
v 47.852989 -7.659587 -51.354187
v 48.783722 -7.659587 -52.170349
v 48.132050 -6.979657 -50.870911
v 48.726509 -6.979657 -51.296997
v 49.226463 -6.979657 -51.830688
v 9.314371 -7.659584 -29.174255
v 8.708685 -7.659584 -29.033020
v 9.540930 -8.217590 -30.019775
v 9.095900 -8.217590 -29.818176
v 9.880949 -7.659584 -29.430969
v 9.153112 -8.632229 -30.691589
v 8.846529 -8.632229 -30.552673
v 8.732225 -8.887562 -31.420532
v 8.575914 -8.887562 -31.349792
v 8.294558 -8.973769 -32.178650
v 8.619967 -8.217590 -29.707153
v 8.518702 -8.632229 -30.476257
v 8.408861 -8.887562 -31.310791
v 8.294558 -8.973769 -32.178650
v 8.131487 -8.217590 -29.691223
v 8.182302 -8.632229 -30.465271
v 8.237345 -8.887562 -31.305115
v 8.294558 -8.973769 -32.178650
v 7.649401 -8.217590 -29.770752
v 7.850130 -8.632229 -30.520081
v 8.067995 -8.887562 -31.333130
v 8.294558 -8.973769 -32.178650
v 7.192060 -8.217590 -29.942871
v 7.535097 -8.632229 -30.638611
v 7.907343 -8.887562 -31.393616
v 8.294558 -8.973769 -32.178650
v 6.777086 -8.217590 -30.200928
v 7.249273 -8.632229 -30.816406
v 7.761652 -8.887562 -31.484253
v 8.294558 -8.973769 -32.178650
v 6.420408 -8.217590 -30.535034
v 7.003641 -8.632229 -31.046448
v 7.636488 -8.887562 -31.601440
v 8.294558 -8.973769 -32.178650
v 6.135790 -8.217590 -30.932251
v 6.807501 -8.632229 -31.320068
v 7.536421 -8.887563 -31.740967
v 8.294558 -8.973769 -32.178650
v 7.465693 -8.887563 -31.897278
v 8.294558 -8.973769 -32.178650
v 6.668570 -8.632229 -31.626709
v 5.934099 -8.217590 -31.377441
v 7.426706 -8.887563 -32.064331
v 8.294558 -8.973769 -32.178650
v 6.592169 -8.632230 -31.954529
v 7.421030 -8.887563 -32.235840
v 8.294558 -8.973769 -32.178650
v 5.823050 -8.217591 -31.853271
v 6.581182 -8.632230 -32.290894
v 7.449034 -8.887563 -32.405212
v 8.294558 -8.973769 -32.178650
v 5.807119 -8.217591 -32.341736
v 6.635984 -8.632230 -32.623108
v 7.509508 -8.887563 -32.565857
v 8.294558 -8.973769 -32.178650
v 5.886660 -8.217591 -32.823792
v 6.754511 -8.632230 -32.938110
v 7.600035 -8.887563 -32.711548
v 8.294558 -8.973769 -32.178650
v 6.058783 -8.217591 -33.281128
v 6.932306 -8.632230 -33.223938
v 7.717356 -8.887563 -32.836853
v 8.294558 -8.973769 -32.178650
v 6.316843 -8.217592 -33.696106
v 5.448992 -7.659584 -33.581970
v 7.162367 -8.632230 -33.469543
v 7.856886 -8.887563 -32.936768
v 8.294558 -8.973769 -32.178650
v 7.435999 -8.632230 -33.665710
v 6.650949 -8.217592 -34.052795
v 7.048178 -8.217592 -34.337524
v 6.202662 -7.659584 -34.564087
v 6.708162 -7.659585 -34.926331
v 5.777426 -7.659584 -34.110107
v 6.429216 -6.979655 -35.409607
v 5.834761 -6.979655 -34.983521
v 5.334810 -6.979655 -34.449768
v 8.730291 -8.887550 -31.419556
v 46.268524 -8.973772 -54.103027
v 8.292627 -8.973769 -32.177673
v 46.706200 -8.887554 -53.344910
v 9.151178 -8.632215 -30.690613
v 47.127083 -8.632232 -52.616028
v 9.539000 -8.217590 -30.018799
v 47.514908 -8.217594 -51.944275
v 9.879015 -7.659584 -29.430054
v 47.854797 -7.659587 -51.355408
v 6.706232 -7.659585 -34.925354
v 44.682129 -7.659588 -56.850708
v 7.046247 -8.217592 -34.336426
v 45.022034 -8.217594 -56.261963
v 7.434069 -8.632217 -33.664734
v 45.409973 -8.632232 -55.590088
v 7.854956 -8.887551 -32.935730
v 45.830856 -8.887554 -54.861206
v 8.292627 -8.973769 -32.177673
v 46.268524 -8.973772 -54.103027
v 49.575287 -5.362209 -57.003418
v 49.640114 -4.486850 -57.060303
v 49.071602 -1.994054 -56.561646
v 48.198074 -1.314124 -56.618958
v 49.383255 -2.769784 -56.835022
v 48.537735 -1.994054 -57.061584
v 47.669884 -1.314124 -56.947388
v 47.916718 -1.994054 -57.447876
v 48.790245 -2.769785 -57.390625
v 48.100067 -2.769785 -57.819702
v 48.945587 -3.611504 -57.593140
v 49.575287 -3.611504 -57.003418
v 47.427994 -4.486850 -58.435913
v 46.554474 -5.362209 -58.493103
v 47.405663 -5.362209 -58.352661
v 48.251190 -4.486850 -58.126099
v 46.537811 -6.203928 -58.238342
v 47.339523 -6.203928 -58.106018
v 46.510658 -6.979659 -57.824585
v 48.213051 -5.362209 -58.048706
v 48.213051 -3.611504 -58.048706
v 48.998093 -4.486850 -57.661621
v 47.232216 -6.979659 -57.705444
v 46.474205 -7.659588 -57.267761
v 47.087852 -7.659588 -57.166504
v 48.100067 -6.203928 -57.819702
v 47.916718 -6.979659 -57.447876
v 47.669884 -7.659588 -56.947388
v 48.945587 -5.362209 -57.593140
v 48.790245 -6.203928 -57.390625
v 48.537735 -6.979659 -57.061584
v 48.198074 -7.659588 -56.618958
v 49.383255 -6.203928 -56.835022
v 49.071602 -6.979659 -56.561646
v 45.246780 -7.659588 -57.106262
v 44.680328 -7.659588 -56.849487
v 44.401260 -6.979659 -57.332825
v 45.067413 -6.979659 -57.634583
v 44.194016 -6.203928 -57.691895
v 44.934158 -6.203928 -58.027222
v 44.066307 -5.362209 -57.913025
v 44.852081 -5.362209 -58.268982
v 44.023216 -4.486850 -57.987610
v 44.824326 -4.486850 -58.350708
v 44.852081 -3.611504 -58.268982
v 44.066307 -3.611504 -57.913025
v 45.680946 -4.486850 -58.550354
v 45.692291 -5.362209 -58.464905
v 44.934158 -2.769785 -58.027222
v 44.194016 -2.769785 -57.691895
v 45.692291 -3.611504 -58.464905
v 46.560143 -4.486850 -58.579224
v 45.725609 -6.203928 -58.211792
v 45.779678 -6.979659 -57.800659
v 45.852470 -7.659588 -57.247498
v 47.087852 -1.314124 -57.166504
v 46.474205 -1.314124 -57.267761
v 45.852470 -1.314124 -57.247498
v 45.246780 -1.314124 -57.106262
v 44.680328 -1.314124 -56.849487
v 44.401260 -1.994054 -57.332825
v 45.067413 -1.994054 -57.634583
v 45.779678 -1.994054 -57.800659
v 45.725609 -2.769785 -58.211792
v 46.510658 -1.994054 -57.824585
v 46.537811 -2.769785 -58.238342
v 46.554474 -3.611504 -58.493103
v 47.232216 -1.994054 -57.705444
v 47.339523 -2.769785 -58.106018
v 47.405663 -3.611504 -58.352661
v 6.429216 -6.979655 -35.409607
v 5.834761 -6.979655 -34.983521
v 6.221853 -6.203924 -35.768677
v 5.561365 -6.203924 -35.295288
v 6.094149 -5.362206 -35.989868
v 5.392988 -5.362206 -35.487244
v 6.051058 -4.486847 -36.064453
v 5.336138 -4.486847 -35.552063
v 5.392988 -3.611500 -35.487244
v 6.094149 -3.611500 -35.989868
v 5.561365 -2.769781 -35.295288
v 6.221853 -2.769781 -35.768677
v 5.834761 -1.994050 -34.983521
v 6.429216 -1.994050 -35.409607
v 6.706232 -1.314121 -34.925354
v 44.682129 -1.314124 -56.850708
v 6.427168 -1.994050 -35.408569
v 44.403069 -1.994054 -57.334045
v 6.219919 -2.769781 -35.767639
v 44.195824 -2.769785 -57.693115
v 6.092218 -3.611500 -35.988770
v 44.068123 -3.611504 -57.914246
v 6.049128 -4.486847 -36.063477
v 44.025032 -4.486850 -57.988831
v 6.092218 -5.362206 -35.988770
v 44.068123 -5.362209 -57.914246
v 6.219919 -6.203924 -35.767639
v 44.195824 -6.203928 -57.693115
v 6.427168 -6.979643 -35.408569
v 44.403069 -6.979659 -57.334045
v 6.706232 -7.659585 -34.925354
v 44.682129 -7.659588 -56.850708
v 49.965523 -6.979658 -54.588745
v 49.799438 -6.979658 -55.301025
v 49.412224 -7.659588 -54.515991
v 50.191963 -6.203928 -55.434265
v 49.432625 -7.659588 -53.894348
v 50.152367 -4.486850 -56.345337
v 49.575287 -5.362209 -57.003418
v 50.077774 -5.362209 -56.302246
v 49.640114 -4.486850 -57.060303
v 50.433853 -5.362209 -55.516357
v 50.376511 -6.203928 -54.642944
v 49.989426 -6.979658 -53.857910
v 49.331230 -7.659587 -53.280701
v 49.870293 -6.979657 -53.136230
v 50.403191 -6.203928 -53.830750
v 50.270782 -6.203928 -53.028931
v 50.629753 -5.362208 -54.676270
v 50.515442 -4.486850 -55.544128
v 50.657875 -5.362207 -53.813965
v 50.715210 -4.486850 -54.687500
v 50.433853 -3.611504 -55.516357
v 50.629753 -3.611504 -54.676270
v 50.517380 -5.362207 -52.962891
v 49.984474 -6.203928 -52.268372
v 50.213570 -5.362207 -52.155518
v 50.743935 -4.486849 -53.808411
v 50.600662 -4.486849 -52.940552
v 50.290817 -4.486849 -52.117371
v 50.213570 -3.611502 -52.155518
v 50.517380 -3.611502 -52.962891
v 49.984474 -2.769783 -52.268372
v 50.657875 -3.611502 -53.813965
v 50.270782 -2.769783 -53.028931
v 49.612587 -1.994052 -52.451843
v 49.870293 -1.994053 -53.136230
v 50.403191 -2.769783 -53.830750
v 50.376511 -2.769783 -54.642944
v 49.989426 -1.994053 -53.857910
v 49.331230 -1.314124 -53.280701
v 49.432625 -1.314124 -53.894348
v 49.965523 -1.994053 -54.588745
v 49.412224 -1.314124 -54.515991
v 50.191963 -2.769784 -55.434265
v 49.799438 -1.994054 -55.301025
v 49.270996 -1.314124 -55.121643
v 50.077774 -3.611504 -56.302246
v 49.856651 -2.769784 -56.174561
v 49.497559 -1.994054 -55.967163
v 49.014267 -1.314124 -55.688232
v 49.071602 -1.994054 -56.561646
v 49.383255 -2.769784 -56.835022
v 49.575287 -3.611504 -57.003418
v 49.383255 -6.203928 -56.835022
v 49.071602 -6.979659 -56.561646
v 49.497559 -6.979659 -55.967163
v 49.014267 -7.659588 -55.688232
v 49.270996 -7.659588 -55.121643
v 49.856651 -6.203928 -56.174561
v 48.468811 -3.611502 -50.291870
v 47.854797 -1.314123 -51.355408
v 46.706200 -0.086149 -53.344910
v 48.341225 -2.769783 -50.513000
v 48.133865 -1.994052 -50.872070
v 47.127083 -0.341481 -52.616028
v 47.514908 -0.756117 -51.944275
v 48.468811 -5.362207 -50.291870
v 48.511902 -4.486849 -50.217285
v 46.706200 -8.887554 -53.344910
v 47.854797 -7.659587 -51.355408
v 48.341225 -6.203928 -50.513000
v 48.133865 -6.979657 -50.872070
v 47.127083 -8.632232 -52.616028
v 47.514908 -8.217594 -51.944275
v 44.068123 -5.362209 -57.914246
v 45.830856 -8.887554 -54.861206
v 46.268524 -8.973772 -54.103027
v 45.830856 -0.086151 -54.861206
v 46.268524 0.000064 -54.103027
v 44.068123 -3.611504 -57.914246
v 44.025032 -4.486850 -57.988831
v 44.682129 -1.314124 -56.850708
v 44.195824 -2.769785 -57.693115
v 44.403069 -1.994054 -57.334045
v 45.409973 -0.341482 -55.590088
v 45.022034 -0.756118 -56.261963
v 44.682129 -7.659588 -56.850708
v 45.409973 -8.632232 -55.590088
v 45.022034 -8.217594 -56.261963
v 44.195824 -6.203928 -57.693115
v 44.403069 -6.979659 -57.334045
v 49.112160 -7.659587 -52.698547
v 48.783722 -7.659587 -52.170349
v 48.726509 -6.979657 -51.296997
v 49.226463 -6.979657 -51.830688
v 49.612587 -6.979657 -52.451843
v 48.999901 -6.203928 -50.985168
v 49.555374 -6.203928 -51.578308
v 49.168289 -5.362207 -50.793274
v 49.757912 -5.362207 -51.422852
v 49.225014 -4.486849 -50.728455
v 49.826355 -4.486849 -51.370361
v 49.168289 -3.611502 -50.793274
v 49.757912 -3.611502 -51.422852
v 48.999901 -2.769783 -50.985168
v 48.726509 -1.994052 -51.296997
v 49.555374 -2.769783 -51.578308
v 49.226463 -1.994052 -51.830688
v 48.783722 -1.314123 -52.170349
v 49.112160 -1.314123 -52.698547
v 49.331230 -1.314124 -53.280701
v 49.432625 -1.314124 -53.894348
v 49.412224 -1.314124 -54.515991
v 49.270996 -1.314124 -55.121643
v 49.497559 -1.994054 -55.967163
v 49.014267 -1.314124 -55.688232
v 48.652039 -1.314124 -56.193726
v 49.071602 -1.994054 -56.561646
v 48.198074 -1.314124 -56.618958
v 48.537735 -1.994054 -57.061584
v 47.669884 -1.314124 -56.947388
v 5.448992 -1.314121 -33.581970
v 5.229918 -1.314121 -32.999817
v 5.128649 -1.314121 -32.386108
v 5.148928 -1.314121 -31.764526
v 5.290152 -1.314121 -31.158813
v 5.063589 -1.994050 -30.313354
v 5.546885 -1.314120 -30.592285
v 5.909113 -1.314120 -30.086792
v 5.489672 -1.994050 -29.718872
v 6.023417 -1.994050 -29.218933
v 48.726509 -1.994052 -51.296997
v 48.132050 -1.994052 -50.870911
v 48.358612 -1.314123 -51.716431
v 47.852989 -1.314123 -51.354187
v 49.226463 -1.994052 -51.830688
v 47.513092 -0.756113 -51.942993
v 47.910202 -0.756113 -52.227722
v 47.125153 -0.341477 -52.614807
v 48.783722 -1.314123 -52.170349
v 47.398781 -0.341477 -52.810913
v 46.704269 -0.086145 -53.343750
v 48.244308 -0.756113 -52.584351
v 46.843796 -0.086145 -53.443787
v 46.266594 0.000069 -54.101868
v 47.628845 -0.341477 -53.056580
v 49.112160 -1.314123 -52.698547
v 48.502365 -0.756113 -52.999390
v 46.961121 -0.086146 -53.568970
v 46.266594 0.000069 -54.101868
v 47.806641 -0.341477 -53.342407
v 47.051765 -0.086146 -53.714661
v 46.266594 0.000069 -54.101868
v 48.674492 -0.756114 -53.456726
v 47.925171 -0.341478 -53.657410
v 47.112114 -0.086146 -53.875305
v 46.266594 0.000069 -54.101868
v 48.754150 -0.756114 -53.938782
v 47.980095 -0.341478 -53.989624
v 47.140121 -0.086146 -54.044617
v 46.266594 0.000069 -54.101868
v 48.738098 -0.756114 -54.427246
v 47.968979 -0.341478 -54.325989
v 47.134567 -0.086146 -54.216187
v 46.266594 0.000069 -54.101868
v 48.627174 -0.756114 -54.903198
v 47.892578 -0.341478 -54.653809
v 47.095581 -0.086146 -54.383179
v 46.266594 0.000069 -54.101868
v 48.425476 -0.756114 -55.348206
v 47.753647 -0.341478 -54.960388
v 47.024727 -0.086146 -54.539490
v 46.266594 0.000069 -54.101868
v 46.924782 -0.086146 -54.679077
v 46.266594 0.000069 -54.101868
v 47.557632 -0.341478 -55.234009
v 48.140862 -0.756114 -55.745483
v 46.799500 -0.086146 -54.796387
v 46.266594 0.000069 -54.101868
v 47.311882 -0.341478 -55.464111
v 46.653809 -0.086146 -54.886902
v 46.266594 0.000069 -54.101868
v 47.784187 -0.756114 -56.079590
v 47.026054 -0.341478 -55.641907
v 46.493156 -0.086146 -54.947388
v 46.266594 0.000069 -54.101868
v 47.369209 -0.756114 -56.337646
v 46.711021 -0.341478 -55.760437
v 46.323929 -0.086146 -54.975342
v 46.266594 0.000069 -54.101868
v 46.911873 -0.756114 -56.509766
v 46.378975 -0.341478 -55.815247
v 46.152412 -0.086146 -54.969727
v 46.266594 0.000069 -54.101868
v 46.429665 -0.756114 -56.589294
v 47.087852 -1.314124 -57.166504
v 46.042572 -0.341478 -55.804260
v 46.474205 -1.314124 -57.267761
v 45.985237 -0.086146 -54.930725
v 46.266594 0.000069 -54.101868
v 45.941299 -0.756114 -56.573364
v 45.714745 -0.341478 -55.727844
v 45.828926 -0.086146 -54.859985
v 46.266594 0.000069 -54.101868
v 45.408157 -0.341478 -55.588928
v 45.465370 -0.756114 -56.462280
v 45.020218 -0.756114 -56.260742
v 45.852470 -1.314124 -57.247498
v 45.246780 -1.314124 -57.106262
v 44.680328 -1.314124 -56.849487
v 6.650949 -0.756111 -34.052795
v 7.435999 -0.341475 -33.665710
v 7.162367 -0.341475 -33.469543
v 7.856886 -0.086143 -32.936768
v 5.777426 -1.314121 -34.110107
v 6.316843 -0.756111 -33.696106
v 7.717356 -0.086143 -32.836853
v 8.294558 0.000072 -32.178650
v 6.932306 -0.341475 -33.223938
v 6.058783 -0.756111 -33.281128
v 7.600035 -0.086143 -32.711548
v 8.294558 0.000072 -32.178650
v 6.754511 -0.341474 -32.938110
v 7.509508 -0.086143 -32.565857
v 8.294558 0.000072 -32.178650
v 5.886660 -0.756111 -32.823792
v 6.635984 -0.341474 -32.623108
v 7.449034 -0.086143 -32.405212
v 8.294558 0.000072 -32.178650
v 5.807119 -0.756111 -32.341736
v 6.581182 -0.341474 -32.290894
v 7.421030 -0.086143 -32.235840
v 8.294558 0.000072 -32.178650
v 5.823050 -0.756110 -31.853271
v 6.592169 -0.341474 -31.954529
v 7.426706 -0.086143 -32.064331
v 8.294558 0.000072 -32.178650
v 5.934099 -0.756110 -31.377441
v 6.668570 -0.341474 -31.626709
v 7.465693 -0.086143 -31.897278
v 8.294558 0.000072 -32.178650
v 6.135668 -0.756110 -30.932251
v 6.807501 -0.341474 -31.320068
v 7.536421 -0.086143 -31.740967
v 8.294558 0.000072 -32.178650
v 7.636488 -0.086143 -31.601440
v 8.294558 0.000072 -32.178650
v 7.003641 -0.341474 -31.046448
v 6.420408 -0.756110 -30.535034
v 7.761652 -0.086143 -31.484253
v 8.294558 0.000072 -32.178650
v 7.249273 -0.341474 -30.816406
v 7.907343 -0.086143 -31.393616
v 8.294558 0.000072 -32.178650
v 6.777086 -0.756110 -30.200928
v 7.535097 -0.341474 -30.638611
v 8.067995 -0.086143 -31.333130
v 8.294558 0.000072 -32.178650
v 7.192060 -0.756110 -29.942871
v 7.850130 -0.341474 -30.520081
v 8.237345 -0.086143 -31.305115
v 8.294558 0.000072 -32.178650
v 7.649401 -0.756110 -29.770752
v 6.363073 -1.314120 -29.661499
v 8.182302 -0.341474 -30.465271
v 8.408861 -0.086143 -31.310791
v 8.294558 0.000072 -32.178650
v 6.891268 -1.314120 -29.333069
v 8.131487 -0.756110 -29.691223
v 7.473417 -1.314120 -29.114014
v 8.518702 -0.341474 -30.476257
v 8.087069 -1.314120 -29.012756
v 8.575914 -0.086143 -31.349792
v 8.294558 0.000072 -32.178650
v 8.619967 -0.756110 -29.707153
v 8.846529 -0.341474 -30.552673
v 8.732225 -0.086143 -31.420532
v 8.294558 0.000072 -32.178650
v 9.153112 -0.341474 -30.691589
v 9.095778 -0.756110 -29.818176
v 9.540930 -0.756110 -30.019775
v 9.314371 -1.314120 -29.174255
v 9.880949 -1.314120 -29.430969
v 8.708685 -1.314120 -29.033020
v 5.834761 -1.994050 -34.983521
v 6.429216 -1.994050 -35.409607
v 6.202662 -1.314121 -34.564087
v 6.708162 -1.314121 -34.926331
v 5.334810 -1.994050 -34.449768
v 7.048178 -0.756111 -34.337524
v 9.879015 -1.314120 -29.430054
v 47.854797 -1.314123 -51.355408
v 9.539000 -0.756113 -30.018799
v 47.514908 -0.756117 -51.944275
v 9.151178 -0.341477 -30.690613
v 47.127083 -0.341481 -52.616028
v 8.730291 -0.086145 -31.419556
v 46.706200 -0.086149 -53.344910
v 8.292627 0.000070 -32.177673
v 46.268524 0.000064 -54.103027
v 7.854956 -0.086145 -32.935730
v 45.830856 -0.086151 -54.861206
v 7.434069 -0.341477 -33.664734
v 45.409973 -0.341482 -55.590088
v 7.046247 -0.756113 -34.336426
v 45.022034 -0.756118 -56.261963
v 6.706232 -1.314121 -34.925354
v 44.682129 -1.314124 -56.850708
v 4.985979 -3.611500 -29.277100
v 5.489672 -1.994050 -29.718872
v 4.921164 -4.486846 -29.220215
v 5.177896 -2.769781 -29.445496
v 6.023417 -1.994050 -29.218933
v 5.771029 -2.769781 -28.889893
v 6.644552 -1.994050 -28.832642
v 5.615564 -3.611500 -28.687317
v 5.563059 -4.486846 -28.618896
v 6.461084 -2.769780 -28.460754
v 7.328936 -1.994050 -28.575073
v 6.348227 -3.611499 -28.231812
v 6.310083 -4.486845 -28.154419
v 7.155607 -3.611499 -27.927856
v 7.221632 -2.769780 -28.174561
v 8.023458 -2.769780 -28.042175
v 8.050493 -1.994050 -28.455933
v 7.328936 -6.979654 -28.575073
v 8.087069 -7.659584 -29.012756
v 7.473417 -7.659584 -29.114014
v 8.006678 -3.611499 -27.787354
v 7.133276 -4.486845 -27.844604
v 7.155607 -5.362204 -27.927856
v 7.221632 -6.203923 -28.174561
v 6.348227 -5.362204 -28.231812
v 6.461084 -6.203923 -28.460754
v 6.644552 -6.979654 -28.832642
v 6.891268 -7.659584 -29.333069
v 6.023417 -6.979654 -29.218933
v 6.363073 -7.659584 -29.661499
v 5.771029 -6.203924 -28.889893
v 5.615564 -5.362204 -28.687317
v 5.489672 -6.979654 -29.718872
v 5.177896 -6.203924 -29.445496
v 4.985979 -5.362204 -29.277100
v 48.132050 -6.979657 -50.870911
v 48.726509 -6.979657 -51.296997
v 48.339294 -6.203928 -50.511902
v 48.999901 -6.203928 -50.985168
v 48.467003 -5.362207 -50.290771
v 49.168289 -5.362207 -50.793274
v 48.510094 -4.486849 -50.216064
v 49.225014 -4.486849 -50.728455
v 49.168289 -3.611502 -50.793274
v 48.467003 -3.611502 -50.290771
v 48.999901 -2.769783 -50.985168
v 48.339294 -2.769783 -50.511902
v 48.726509 -1.994052 -51.296997
v 48.132050 -1.994052 -50.870911
v 6.363073 -1.314120 -29.661499
v 6.891268 -1.314120 -29.333069
v 7.473417 -1.314120 -29.114014
v 8.087069 -1.314120 -29.012756
v 9.314371 -1.314120 -29.174255
v 9.880949 -1.314120 -29.430969
v 8.708685 -1.314120 -29.033020
v 10.159891 -1.994050 -28.947693
v 9.493734 -1.994050 -28.645935
v 10.367258 -2.769781 -28.588623
v 8.781469 -1.994050 -28.479858
v 9.626989 -2.769780 -28.253296
v 10.494959 -3.611499 -28.367615
v 8.835665 -2.769780 -28.068726
v 9.709066 -3.611499 -28.011536
v 8.868979 -3.611499 -27.815613
v 10.538054 -4.486845 -28.292847
v 9.736830 -4.486845 -27.929810
v 8.880201 -4.486845 -27.730164
v 9.709066 -5.362204 -28.011536
v 10.494959 -5.362204 -28.367615
v 8.001127 -4.486845 -27.701294
v 8.868979 -5.362204 -27.815613
v 9.626989 -6.203923 -28.253296
v 10.367258 -6.203924 -28.588623
v 9.493734 -6.979654 -28.645935
v 10.159891 -6.979654 -28.947693
v 9.314371 -7.659584 -29.174255
v 8.835665 -6.203923 -28.068726
v 8.781469 -6.979653 -28.479858
v 8.708685 -7.659584 -29.033020
v 8.006678 -5.362204 -27.787354
v 8.023458 -6.203923 -28.042175
v 8.050493 -6.979653 -28.455933
v 9.880949 -7.659584 -29.430969
v 9.879015 -7.659584 -29.430054
v 47.854797 -7.659587 -51.355408
v 10.157961 -6.979643 -28.946716
v 48.133865 -6.979657 -50.872070
v 10.365328 -6.203924 -28.587646
v 48.341225 -6.203928 -50.513000
v 10.492907 -5.362204 -28.366516
v 48.468811 -5.362207 -50.291870
v 10.536001 -4.486845 -28.291931
v 48.511902 -4.486849 -50.217285
v 10.492907 -3.611499 -28.366516
v 48.468811 -3.611502 -50.291870
v 10.365328 -2.769781 -28.587646
v 48.341225 -2.769783 -50.513000
v 10.157961 -1.994050 -28.946716
v 48.133865 -1.994052 -50.872070
v 9.879015 -1.314120 -29.430054
v 47.854797 -1.314123 -51.355408
v -51.797188 -7.874245 -56.561890
v -52.108963 -7.098514 -56.835266
v -52.878078 -5.381449 -56.345459
v -53.159435 -6.256796 -55.516602
v -52.803482 -6.256796 -56.302368
v -53.241150 -5.381449 -55.544373
v -52.300880 -6.256796 -57.003662
v -52.365814 -5.381449 -57.060547
v -52.300880 -4.506090 -57.003662
v -52.108963 -3.664371 -56.835266
v -51.797188 -2.888640 -56.561890
v -52.803482 -4.506090 -56.302368
v -52.582359 -3.664371 -56.174805
v -52.223267 -2.888640 -55.967407
v -51.739975 -2.208711 -55.688477
v -51.996708 -2.208710 -55.121887
v -52.525024 -2.888639 -55.301270
v -52.137932 -2.208710 -54.516235
v -52.917671 -3.664371 -55.434509
v -52.691109 -2.888639 -54.588989
v -52.158211 -2.208710 -53.894592
v -52.715012 -2.888639 -53.858032
v -53.102222 -3.664371 -54.643188
v -53.128777 -3.664371 -53.830994
v -53.355335 -4.506090 -54.676514
v -53.159435 -4.506090 -55.516602
v -53.326370 -5.381448 -52.940796
v -52.939156 -6.256794 -52.155640
v -53.243080 -6.256794 -52.963013
v -53.469643 -5.381448 -53.808655
v -52.710182 -7.098513 -52.268616
v -52.996490 -7.098513 -53.029175
v -52.338295 -7.874243 -52.451965
v -53.383583 -6.256794 -53.814209
v -53.383583 -4.506089 -53.814209
v -53.440796 -5.381449 -54.687744
v -52.595879 -7.874243 -53.136475
v -51.837864 -8.554173 -52.698792
v -52.056938 -8.554173 -53.280945
v -53.128777 -7.098514 -53.830994
v -52.715012 -7.874244 -53.858032
v -52.158211 -8.554173 -53.894592
v -53.355335 -6.256795 -54.676514
v -53.102222 -7.098514 -54.643188
v -52.691109 -7.874244 -54.588989
v -52.137932 -8.554173 -54.516235
v -52.917671 -7.098514 -55.434509
v -52.525024 -7.874244 -55.301270
v -51.996708 -8.554173 -55.121887
v -52.223267 -7.874245 -55.967407
v -51.739975 -8.554173 -55.688477
v -52.582359 -7.098514 -56.174805
v -46.793945 -4.506090 -57.914246
v -47.407959 -2.208711 -56.850708
v -48.556564 -0.980740 -54.861206
v -46.921650 -3.664371 -57.693115
v -47.128899 -2.888641 -57.334045
v -48.135796 -1.236066 -55.590088
v -47.747856 -1.650703 -56.261963
v -46.793945 -6.256796 -57.914246
v -46.750854 -5.381449 -57.988831
v -48.556564 -9.782152 -54.861206
v -47.407959 -8.554173 -56.850708
v -46.921650 -7.098514 -57.693115
v -47.128899 -7.874245 -57.334045
v -48.135796 -9.526819 -55.590088
v -47.747856 -9.112181 -56.261963
v -51.194641 -6.256794 -50.291992
v -49.431900 -9.782152 -53.344910
v -48.994232 -9.868359 -54.103027
v -49.431900 -0.980739 -53.344910
v -48.994232 -0.894525 -54.103027
v -51.194641 -4.506089 -50.291992
v -51.237732 -5.381448 -50.217285
v -50.580627 -2.208710 -51.355408
v -51.066936 -3.664370 -50.513123
v -50.859692 -2.888639 -50.872070
v -49.852791 -1.236065 -52.616028
v -50.240730 -1.650702 -51.944275
v -50.580627 -8.554173 -51.355408
v -49.852791 -9.526819 -52.616028
v -50.240730 -9.112181 -51.944275
v -51.066936 -7.098513 -50.513123
v -50.859692 -7.874243 -50.872070
v -51.452217 -7.874243 -51.297180
v -51.725491 -7.098513 -50.985413
v -51.893867 -6.256794 -50.793396
v -51.950722 -5.381448 -50.728577
v -51.893867 -4.506089 -50.793396
v -52.552063 -5.381448 -51.370605
v -52.483620 -6.256794 -51.423096
v -51.725491 -3.664370 -50.985413
v -52.483620 -4.506089 -51.423096
v -53.016525 -5.381448 -52.117493
v -52.281082 -7.098513 -51.578552
v -51.952171 -7.874243 -51.830933
v -51.509430 -8.554173 -52.170593
v -52.056938 -2.208710 -53.280945
v -51.837864 -2.208710 -52.698792
v -51.509430 -2.208710 -52.170593
v -51.452217 -2.888639 -51.297180
v -51.952171 -2.888639 -51.830933
v -52.281082 -3.664370 -51.578552
v -52.338295 -2.888639 -52.451965
v -52.710182 -3.664371 -52.268616
v -52.939156 -4.506089 -52.155640
v -52.595879 -2.888639 -53.136475
v -52.996490 -3.664371 -53.029175
v -53.243080 -4.506089 -52.963013
v -51.263443 -7.874245 -57.061829
v -51.797188 -7.874245 -56.561890
v -50.923782 -8.554173 -56.619202
v -50.395592 -8.554173 -56.947632
v -49.813442 -8.554174 -57.166748
v -8.174698 -8.554172 -33.582153
v -7.955624 -8.554171 -33.000061
v -7.854233 -8.554171 -32.386353
v -7.874632 -8.554171 -31.764771
v -8.015852 -8.554170 -31.159058
v -7.789295 -7.874241 -30.313599
v -8.272589 -8.554170 -30.592529
v -8.634815 -8.554170 -30.087036
v -8.215254 -7.874241 -29.718994
v -9.088778 -8.554170 -29.661743
v -8.749123 -7.874241 -29.218994
v -9.616974 -8.554170 -29.333313
v -10.199121 -8.554170 -29.114258
v -51.837864 -8.554173 -52.698792
v -52.056938 -8.554173 -53.280945
v -52.158211 -8.554173 -53.894592
v -52.137932 -8.554173 -54.516235
v -51.996708 -8.554173 -55.121887
v -52.223267 -7.874245 -55.967407
v -51.739975 -8.554173 -55.688477
v -51.377747 -8.554173 -56.193970
v -50.238678 -9.112181 -51.943237
v -51.084198 -8.554173 -51.716675
v -50.578697 -8.554173 -51.354431
v -50.857639 -7.874243 -50.871155
v -50.635910 -9.112181 -52.227844
v -49.850861 -9.526819 -52.615051
v -51.452217 -7.874243 -51.297180
v -50.124489 -9.526819 -52.811035
v -49.429970 -9.782152 -53.343994
v -49.569504 -9.782152 -53.443909
v -48.992302 -9.868370 -54.102112
v -51.952171 -7.874243 -51.830933
v -51.509430 -8.554173 -52.170593
v -50.970013 -9.112181 -52.584473
v -50.354553 -9.526819 -53.056824
v -51.228073 -9.112181 -52.999451
v -49.686825 -9.782152 -53.569214
v -48.992302 -9.868370 -54.102112
v -50.532345 -9.526819 -53.342651
v -49.777351 -9.782152 -53.714905
v -48.992302 -9.868370 -54.102112
v -51.400196 -9.112181 -53.456909
v -50.650879 -9.526819 -53.657654
v -49.837822 -9.782152 -53.875549
v -48.992302 -9.868370 -54.102112
v -51.479736 -9.112181 -53.939026
v -50.705673 -9.526819 -53.989746
v -49.865826 -9.782152 -54.044739
v -48.992302 -9.868370 -54.102112
v -51.463806 -9.112181 -54.427490
v -50.694691 -9.526819 -54.326233
v -49.860153 -9.782152 -54.216309
v -48.992302 -9.868370 -54.102112
v -51.352882 -9.112181 -54.903320
v -50.618286 -9.526819 -54.654053
v -49.821167 -9.782152 -54.383423
v -48.992302 -9.868370 -54.102112
v -51.151184 -9.112181 -55.348450
v -50.479355 -9.526819 -54.960632
v -49.750435 -9.782152 -54.539734
v -48.992302 -9.868370 -54.102112
v -49.650490 -9.782152 -54.679321
v -48.992302 -9.868370 -54.102112
v -50.283218 -9.526819 -55.234131
v -50.866447 -9.112181 -55.745728
v -49.525204 -9.782152 -54.796509
v -48.992302 -9.868370 -54.102112
v -50.037586 -9.526819 -55.464355
v -49.379517 -9.782152 -54.887146
v -48.992302 -9.868370 -54.102112
v -50.509895 -9.112181 -56.079712
v -49.751762 -9.526819 -55.642029
v -49.218861 -9.782152 -54.947632
v -48.992302 -9.868370 -54.102112
v -50.094799 -9.112181 -56.337769
v -49.436729 -9.526819 -55.760681
v -49.049515 -9.782152 -54.975464
v -48.992302 -9.868370 -54.102112
v -49.637459 -9.112181 -56.509888
v -49.104675 -9.526819 -55.815491
v -48.878117 -9.782152 -54.969971
v -48.992302 -9.868370 -54.102112
v -49.155373 -9.112181 -56.589539
v -48.768158 -9.526819 -55.804504
v -48.710945 -9.782152 -54.930969
v -48.992302 -9.868370 -54.102112
v -48.666885 -9.112181 -56.573608
v -49.199791 -8.554174 -57.268005
v -48.440331 -9.526819 -55.727966
v -48.554634 -9.782152 -54.860107
v -48.992302 -9.868370 -54.102112
v -48.133743 -9.526819 -55.589172
v -48.191078 -9.112181 -56.462524
v -47.745926 -9.112181 -56.260864
v -47.972488 -8.554174 -57.106384
v -47.405910 -8.554173 -56.849731
v -48.578171 -8.554174 -57.247620
v -8.560343 -7.874241 -34.983765
v -9.154802 -7.874241 -35.409729
v -8.928244 -8.554172 -34.564209
v -8.060392 -7.874241 -34.450012
v -8.503130 -8.554172 -34.110229
v -9.773886 -9.112179 -34.337646
v -9.376654 -9.112179 -34.053040
v -9.433867 -8.554172 -34.926575
v -10.161703 -9.526817 -33.665955
v -9.888069 -9.526817 -33.469788
v -10.582594 -9.782149 -32.936890
v -10.443060 -9.782149 -32.836975
v -11.020260 -9.868367 -32.178894
v -9.042549 -9.112179 -33.696350
v -9.658012 -9.526816 -33.224182
v -10.325737 -9.782149 -32.711792
v -11.020260 -9.868367 -32.178894
v -8.784487 -9.112179 -33.281372
v -9.480215 -9.526816 -32.938354
v -10.235088 -9.782149 -32.565979
v -11.020260 -9.868367 -32.178894
v -8.612364 -9.112179 -32.824036
v -9.361687 -9.526816 -32.623352
v -10.174738 -9.782149 -32.405457
v -11.020260 -9.868367 -32.178894
v -8.532822 -9.112179 -32.341980
v -9.306889 -9.526816 -32.291138
v -10.146736 -9.782149 -32.236084
v -11.020260 -9.868367 -32.178894
v -8.548756 -9.112179 -31.853516
v -9.317871 -9.526816 -31.954773
v -10.152409 -9.782149 -32.064575
v -11.020260 -9.868367 -32.178894
v -8.659681 -9.112178 -31.377563
v -9.394278 -9.526815 -31.626953
v -10.191275 -9.782149 -31.897522
v -11.020260 -9.868367 -32.178894
v -8.861374 -9.112178 -30.932495
v -9.533205 -9.526815 -31.320312
v -10.262127 -9.782149 -31.741211
v -11.020260 -9.868367 -32.178894
v -10.362068 -9.782148 -31.601685
v -11.020260 -9.868367 -32.178894
v -9.729225 -9.526815 -31.046692
v -9.145990 -9.112178 -30.535278
v -10.487358 -9.782148 -31.484375
v -11.020260 -9.868367 -32.178894
v -9.974976 -9.526815 -30.816650
v -10.633047 -9.782148 -31.393860
v -11.020260 -9.868367 -32.178894
v -9.502666 -9.112178 -30.201172
v -10.260799 -9.526815 -30.638855
v -10.793701 -9.782148 -31.333374
v -11.020260 -9.868367 -32.178894
v -9.917643 -9.112178 -29.943115
v -10.575834 -9.526815 -30.520325
v -10.962925 -9.782148 -31.305359
v -11.020260 -9.868367 -32.178894
v -10.374985 -9.112178 -29.770996
v -10.907885 -9.526815 -30.465515
v -11.134443 -9.782148 -31.311035
v -11.020260 -9.868367 -32.178894
v -10.857191 -9.112178 -29.691467
v -11.244404 -9.526815 -30.476501
v -11.301617 -9.782148 -31.350037
v -11.020260 -9.868367 -32.178894
v -11.345554 -9.112178 -29.707397
v -10.812773 -8.554170 -29.013000
v -11.572113 -9.526815 -30.552917
v -11.457928 -9.782148 -31.420776
v -11.020260 -9.868367 -32.178894
v -11.878817 -9.526815 -30.691833
v -11.821484 -9.112178 -29.818298
v -12.266634 -9.112178 -30.020020
v -12.040075 -8.554170 -29.174500
v -12.606653 -8.554170 -29.431213
v -11.434389 -8.554170 -29.033264
v -10.580662 -9.782149 -32.935730
v -48.994232 -9.868359 -54.103027
v -11.018328 -9.868356 -32.177673
v -48.556564 -9.782152 -54.861206
v -10.159891 -9.526817 -33.664734
v -48.135796 -9.526819 -55.590088
v -9.771955 -9.112179 -34.336426
v -47.747856 -9.112181 -56.261963
v -9.432055 -8.554172 -34.925354
v -47.407959 -8.554173 -56.850708
v -12.604721 -8.554170 -29.430054
v -50.580627 -8.554173 -51.355408
v -12.264824 -9.112178 -30.018799
v -50.240730 -9.112181 -51.944275
v -11.876884 -9.526815 -30.690613
v -49.852791 -9.526819 -52.616028
v -11.456118 -9.782148 -31.419556
v -49.431900 -9.782152 -53.344910
v -11.018328 -9.868356 -32.177673
v -48.994232 -9.868359 -54.103027
v -51.263443 -7.874245 -57.061829
v -51.797188 -7.874245 -56.561890
v -50.923782 -8.554173 -56.619202
v -52.108963 -7.098514 -56.835266
v -50.395592 -8.554173 -56.947632
v -52.300880 -6.256796 -57.003662
v -51.515831 -7.098514 -57.390869
v -50.642426 -7.874245 -57.448120
v -49.813442 -8.554174 -57.166748
v -49.957924 -7.874245 -57.705688
v -50.825775 -7.098514 -57.819946
v -50.065228 -7.098514 -58.106140
v -51.671295 -6.256796 -57.593384
v -52.365814 -5.381449 -57.060547
v -50.938751 -6.256796 -58.048950
v -51.723801 -5.381449 -57.661743
v -52.300880 -4.506090 -57.003662
v -51.671295 -4.506090 -57.593384
v -50.131248 -6.256796 -58.352905
v -49.263397 -7.098514 -58.238586
v -49.280178 -6.256796 -58.493347
v -50.976772 -5.381449 -58.126343
v -50.153580 -5.381449 -58.436157
v -49.285728 -5.381449 -58.579407
v -49.280178 -4.506090 -58.493347
v -50.131248 -4.506090 -58.352905
v -49.263397 -3.664371 -58.238586
v -50.938751 -4.506090 -58.048950
v -50.065228 -3.664371 -58.106140
v -49.236362 -2.888641 -57.824829
v -49.957924 -2.888641 -57.705688
v -50.825775 -3.664371 -57.819946
v -51.515831 -3.664371 -57.390869
v -50.642426 -2.888641 -57.448120
v -49.813442 -2.208711 -57.166748
v -50.395592 -2.208711 -56.947632
v -51.263443 -2.888641 -57.061829
v -50.923782 -2.208711 -56.619202
v -52.108963 -3.664371 -56.835266
v -51.797188 -2.888640 -56.561890
v -49.199791 -8.554174 -57.268005
v -47.972488 -8.554174 -57.106384
v -47.405910 -8.554173 -56.849731
v -48.578171 -8.554174 -57.247620
v -47.126968 -7.874245 -57.332947
v -47.793121 -7.874245 -57.634827
v -46.919598 -7.098514 -57.692017
v -48.505386 -7.874245 -57.800903
v -49.236362 -7.874245 -57.824829
v -47.659866 -7.098514 -58.027466
v -46.792015 -6.256796 -57.913147
v -48.451195 -7.098514 -58.212036
v -47.577789 -6.256796 -58.269226
v -46.748806 -5.381449 -57.987854
v -48.417877 -6.256796 -58.465149
v -47.550026 -5.381449 -58.350830
v -48.406654 -5.381449 -58.550598
v -47.577789 -4.506090 -58.269226
v -46.792015 -4.506090 -57.913147
v -48.417877 -4.506090 -58.465149
v -47.659866 -3.664371 -58.027466
v -46.919598 -3.664371 -57.692017
v -47.793121 -2.888641 -57.634827
v -47.126968 -2.888641 -57.332947
v -48.451195 -3.664371 -58.212036
v -47.972488 -2.208711 -57.106384
v -47.405910 -2.208711 -56.849731
v -48.505386 -2.888641 -57.800903
v -48.578171 -2.208711 -57.247620
v -49.199791 -2.208711 -57.268005
v -9.154802 -2.888637 -35.409729
v -8.560343 -2.888637 -34.983765
v -8.947556 -3.664368 -35.768799
v -8.286951 -3.664368 -35.295532
v -8.819853 -4.506086 -35.989990
v -8.118692 -4.506086 -35.487488
v -8.776762 -5.381445 -36.064697
v -8.061842 -5.381445 -35.552307
v -8.118692 -6.256793 -35.487488
v -8.819853 -6.256793 -35.989990
v -8.286951 -7.098510 -35.295532
v -8.947556 -7.098510 -35.768799
v -8.560343 -7.874241 -34.983765
v -9.154802 -7.874241 -35.409729
v -9.432055 -8.554172 -34.925354
v -47.407959 -8.554173 -56.850708
v -9.152992 -7.874241 -35.408569
v -47.128899 -7.874245 -57.334045
v -8.945745 -7.098510 -35.767639
v -46.921650 -7.098514 -57.693115
v -8.818043 -6.256793 -35.988770
v -46.793945 -6.256796 -57.914246
v -8.774950 -5.381445 -36.063477
v -46.750854 -5.381449 -57.988831
v -8.818043 -4.506086 -35.988770
v -46.793945 -4.506090 -57.914246
v -8.945745 -3.664368 -35.767639
v -46.921650 -3.664371 -57.693115
v -9.152992 -2.888637 -35.408569
v -47.128899 -2.888641 -57.334045
v -9.432055 -2.208707 -34.925354
v -47.407959 -2.208711 -56.850708
v -7.646744 -5.381445 -29.220459
v -7.711563 -4.506086 -29.277344
v -7.134485 -5.381445 -29.935425
v -7.903601 -3.664367 -29.445557
v -7.209078 -4.506086 -29.978516
v -8.215254 -2.888636 -29.718994
v -7.430206 -3.664367 -30.106201
v -6.853127 -4.506086 -30.764282
v -7.789295 -2.888636 -30.313599
v -8.272589 -2.208707 -30.592529
v -8.015852 -2.208707 -31.159058
v -7.487419 -2.888636 -30.979736
v -6.771410 -5.381445 -30.736633
v -7.094894 -3.664367 -30.846313
v -7.321453 -2.888636 -31.691833
v -6.910339 -3.664367 -31.637817
v -7.297432 -2.888637 -32.422852
v -6.657227 -4.506086 -31.604492
v -6.571648 -5.381445 -31.593262
v -6.883783 -3.664368 -32.450012
v -7.416565 -2.888637 -33.144531
v -6.628983 -4.506086 -32.466675
v -6.542921 -5.381445 -32.472290
v -6.769480 -4.506086 -33.317871
v -7.016075 -3.664368 -33.251831
v -7.302382 -3.664368 -34.012390
v -7.674267 -2.888637 -33.828918
v -7.416565 -7.874241 -33.144531
v -8.174698 -8.554172 -33.582153
v -7.955624 -8.554171 -33.000061
v -7.073408 -4.506086 -34.125244
v -6.686195 -5.381445 -33.340149
v -6.769480 -6.256792 -33.317871
v -7.016075 -7.098510 -33.251831
v -6.628983 -6.256792 -32.466675
v -6.883783 -7.098510 -32.450012
v -7.297432 -7.874241 -32.422852
v -7.854233 -8.554171 -32.386353
v -7.321453 -7.874241 -31.691833
v -7.874632 -8.554171 -31.764771
v -6.910339 -7.098510 -31.637817
v -6.657227 -6.256792 -31.604492
v -7.487419 -7.874241 -30.979736
v -8.015852 -8.554170 -31.159058
v -7.094894 -7.098510 -30.846313
v -6.853127 -6.256792 -30.764282
v -7.789295 -7.874241 -30.313599
v -8.272589 -8.554170 -30.592529
v -7.430206 -7.098510 -30.106201
v -8.215254 -7.874241 -29.718994
v -7.209078 -6.256791 -29.978516
v -7.903601 -7.098510 -29.445557
v -7.711563 -6.256791 -29.277344
v -11.456118 -9.782148 -31.419556
v -13.218737 -6.256790 -28.366516
v -13.218737 -4.506085 -28.366516
v -13.261826 -5.381444 -28.291931
v -12.604721 -8.554170 -29.430054
v -13.091032 -7.098510 -28.587646
v -12.883785 -7.874241 -28.946716
v -11.876884 -9.526815 -30.690613
v -12.264824 -9.112178 -30.018799
v -10.580662 -9.782149 -32.935730
v -11.018328 -9.868356 -32.177673
v -11.456118 -0.980734 -31.419556
v -12.604721 -2.208707 -29.430054
v -13.091032 -3.664367 -28.587646
v -12.883785 -2.888636 -28.946716
v -11.876884 -1.236062 -30.690613
v -12.264824 -1.650699 -30.018799
v -10.580662 -0.980734 -32.935730
v -11.018328 -0.894520 -32.177673
v -8.818043 -4.506086 -35.988770
v -8.818043 -6.256793 -35.988770
v -8.774950 -5.381445 -36.063477
v -9.432055 -2.208707 -34.925354
v -8.945745 -3.664368 -35.767639
v -9.152992 -2.888637 -35.408569
v -10.159891 -1.236062 -33.664734
v -9.771955 -1.650700 -34.336426
v -9.432055 -8.554172 -34.925354
v -10.159891 -9.526817 -33.664734
v -9.771955 -9.112179 -34.336426
v -8.945745 -7.098510 -35.767639
v -9.152992 -7.874241 -35.408569
v -7.874632 -2.208707 -31.764771
v -7.854233 -2.208707 -32.386353
v -7.955624 -2.208707 -33.000061
v -8.174698 -2.208707 -33.582153
v -8.503130 -2.208707 -34.110229
v -8.560343 -2.888637 -34.983765
v -8.060392 -2.888637 -34.450012
v -8.286951 -3.664368 -35.295532
v -7.731480 -3.664368 -34.702393
v -8.118692 -4.506086 -35.487488
v -7.528938 -4.506086 -34.857910
v -8.061842 -5.381445 -35.552307
v -7.460501 -5.381445 -34.910400
v -8.118692 -6.256793 -35.487488
v -6.996038 -5.381445 -34.163391
v -7.528938 -6.256792 -34.857910
v -8.286951 -7.098510 -35.295532
v -8.560343 -7.874241 -34.983765
v -7.731480 -7.098510 -34.702393
v -8.060392 -7.874241 -34.450012
v -8.503130 -8.554172 -34.110229
v -7.073408 -6.256792 -34.125244
v -7.302382 -7.098510 -34.012390
v -7.674267 -7.874241 -33.828918
v -49.813442 -2.208711 -57.166748
v -50.395592 -2.208711 -56.947632
v -51.263443 -2.888641 -57.061829
v -50.923782 -2.208711 -56.619202
v -51.797188 -2.888640 -56.561890
v -51.377747 -2.208711 -56.193970
v -52.223267 -2.888640 -55.967407
v -51.739975 -2.208711 -55.688477
v -51.996708 -2.208710 -55.121887
v -52.137932 -2.208710 -54.516235
v -52.158211 -2.208710 -53.894592
v -10.812773 -2.208707 -29.013000
v -10.199121 -2.208707 -29.114258
v -9.616974 -2.208707 -29.333313
v -8.749123 -2.888636 -29.218994
v -9.088778 -2.208707 -29.661743
v -8.215254 -2.888636 -29.718994
v -8.634815 -2.208707 -30.087036
v -7.789295 -2.888636 -30.313599
v -8.272589 -2.208707 -30.592529
v -8.015852 -2.208707 -31.159058
v -47.972488 -2.208711 -57.106384
v -47.405910 -2.208711 -56.849731
v -47.745926 -1.650703 -56.260864
v -48.191078 -1.650703 -56.462524
v -48.133743 -1.236066 -55.589172
v -48.578171 -2.208711 -57.247620
v -48.440331 -1.236066 -55.727966
v -48.554634 -0.980737 -54.860107
v -48.666885 -1.650703 -56.573608
v -48.710945 -0.980737 -54.930969
v -48.992302 -0.894521 -54.102112
v -48.768158 -1.236066 -55.804504
v -49.199791 -2.208711 -57.268005
v -49.155373 -1.650703 -56.589539
v -48.878117 -0.980737 -54.969971
v -48.992302 -0.894521 -54.102112
v -49.104675 -1.236066 -55.815491
v -49.049515 -0.980737 -54.975464
v -48.992302 -0.894521 -54.102112
v -49.637459 -1.650703 -56.509888
v -49.436729 -1.236066 -55.760681
v -49.218861 -0.980737 -54.947632
v -48.992302 -0.894521 -54.102112
v -50.094799 -1.650703 -56.337769
v -49.751762 -1.236066 -55.642029
v -49.379517 -0.980737 -54.887146
v -48.992302 -0.894521 -54.102112
v -50.509895 -1.650703 -56.079712
v -50.037586 -1.236066 -55.464355
v -49.525204 -0.980737 -54.796509
v -48.992302 -0.894521 -54.102112
v -50.866447 -1.650703 -55.745728
v -50.283218 -1.236066 -55.234131
v -49.650490 -0.980737 -54.679321
v -48.992302 -0.894521 -54.102112
v -51.151184 -1.650703 -55.348450
v -50.479355 -1.236066 -54.960632
v -49.750435 -0.980737 -54.539734
v -48.992302 -0.894521 -54.102112
v -49.821167 -0.980737 -54.383423
v -48.992302 -0.894521 -54.102112
v -50.618286 -1.236066 -54.654053
v -51.352882 -1.650703 -54.903320
v -49.860153 -0.980737 -54.216309
v -48.992302 -0.894521 -54.102112
v -50.694691 -1.236066 -54.326233
v -49.865826 -0.980737 -54.044861
v -48.992302 -0.894521 -54.102112
v -51.463806 -1.650702 -54.427490
v -50.705673 -1.236066 -53.989746
v -49.837822 -0.980737 -53.875549
v -48.992302 -0.894521 -54.102112
v -51.479736 -1.650702 -53.939026
v -50.650879 -1.236066 -53.657654
v -49.777351 -0.980737 -53.714905
v -48.992302 -0.894521 -54.102112
v -51.400196 -1.650702 -53.456909
v -50.532345 -1.236066 -53.342651
v -49.686825 -0.980737 -53.569214
v -48.992302 -0.894521 -54.102112
v -51.228073 -1.650702 -52.999451
v -52.056938 -2.208710 -53.280945
v -50.354553 -1.236066 -53.056824
v -51.837864 -2.208710 -52.698792
v -49.569504 -0.980737 -53.443909
v -48.992302 -0.894521 -54.102112
v -50.970013 -1.650702 -52.584473
v -50.124489 -1.236065 -52.811035
v -49.429970 -0.980736 -53.343994
v -48.992302 -0.894521 -54.102112
v -49.850861 -1.236065 -52.615051
v -50.635910 -1.650702 -52.227844
v -50.238678 -1.650702 -51.943237
v -51.509430 -2.208710 -52.170593
v -51.084198 -2.208710 -51.716675
v -50.578697 -2.208710 -51.354431
v -50.857639 -2.888639 -50.871155
v -51.452217 -2.888639 -51.297180
v -51.952171 -2.888639 -51.830933
v -11.821484 -1.650699 -29.818298
v -11.878817 -1.236062 -30.691833
v -11.572113 -1.236062 -30.552917
v -11.457928 -0.980733 -31.420776
v -11.434389 -2.208707 -29.033264
v -11.345554 -1.650699 -29.707397
v -11.301617 -0.980733 -31.350037
v -11.020260 -0.894518 -32.178894
v -11.244404 -1.236062 -30.476501
v -10.857191 -1.650699 -29.691467
v -11.134443 -0.980733 -31.311035
v -11.020260 -0.894518 -32.178894
v -10.907885 -1.236062 -30.465515
v -10.962925 -0.980733 -31.305359
v -11.020260 -0.894518 -32.178894
v -10.374985 -1.650699 -29.770996
v -10.575834 -1.236062 -30.520325
v -10.793701 -0.980733 -31.333374
v -11.020260 -0.894518 -32.178894
v -9.917643 -1.650699 -29.943115
v -10.260799 -1.236062 -30.638855
v -10.633047 -0.980733 -31.393860
v -11.020260 -0.894518 -32.178894
v -9.502666 -1.650699 -30.201172
v -9.974976 -1.236062 -30.816650
v -10.487358 -0.980733 -31.484375
v -11.020260 -0.894518 -32.178894
v -9.145990 -1.650699 -30.535278
v -9.729225 -1.236062 -31.046692
v -10.362068 -0.980733 -31.601685
v -11.020260 -0.894518 -32.178894
v -8.861374 -1.650700 -30.932495
v -9.533205 -1.236062 -31.320312
v -10.262127 -0.980733 -31.741211
v -11.020260 -0.894518 -32.178894
v -10.191275 -0.980733 -31.897522
v -11.020260 -0.894518 -32.178894
v -9.394278 -1.236062 -31.626953
v -8.659681 -1.650700 -31.377563
v -10.152409 -0.980733 -32.064575
v -11.020260 -0.894518 -32.178894
v -9.317871 -1.236062 -31.954773
v -10.146736 -0.980733 -32.236084
v -11.020260 -0.894518 -32.178894
v -8.548756 -1.650700 -31.853516
v -9.306889 -1.236062 -32.291138
v -10.174738 -0.980733 -32.405457
v -11.020260 -0.894518 -32.178894
v -8.532822 -1.650700 -32.341980
v -9.361687 -1.236062 -32.623352
v -10.235088 -0.980733 -32.565979
v -11.020260 -0.894518 -32.178894
v -8.612364 -1.650700 -32.824036
v -7.874632 -2.208707 -31.764771
v -9.480215 -1.236062 -32.938354
v -10.325737 -0.980733 -32.711792
v -11.020260 -0.894518 -32.178894
v -7.854233 -2.208707 -32.386353
v -8.784487 -1.650700 -33.281372
v -7.955624 -2.208707 -33.000061
v -9.658012 -1.236062 -33.224182
v -8.174698 -2.208707 -33.582153
v -10.443060 -0.980733 -32.836975
v -11.020260 -0.894518 -32.178894
v -9.042549 -1.650700 -33.696350
v -9.888069 -1.236062 -33.469788
v -10.582594 -0.980733 -32.936890
v -11.020260 -0.894518 -32.178894
v -10.161703 -1.236062 -33.665955
v -9.376654 -1.650700 -34.053040
v -9.773886 -1.650700 -34.337646
v -8.928244 -2.208707 -34.564209
v -9.433867 -2.208707 -34.926575
v -8.503130 -2.208707 -34.110229
v -9.154802 -2.888637 -35.409729
v -8.560343 -2.888637 -34.983765
v -8.060392 -2.888637 -34.450012
v -12.040075 -2.208707 -29.174500
v -12.606653 -2.208707 -29.431213
v -12.266634 -1.650699 -30.020020
v -9.432055 -2.208707 -34.925354
v -47.407959 -2.208711 -56.850708
v -9.771955 -1.650700 -34.336426
v -47.747856 -1.650703 -56.261963
v -10.159891 -1.236062 -33.664734
v -48.135796 -1.236066 -55.590088
v -10.580662 -0.980734 -32.935730
v -48.556564 -0.980740 -54.861206
v -11.018328 -0.894520 -32.177673
v -48.994232 -0.894525 -54.103027
v -11.456118 -0.980734 -31.419556
v -49.431900 -0.980739 -53.344910
v -11.876884 -1.236062 -30.690613
v -49.852791 -1.236065 -52.616028
v -12.264824 -1.650699 -30.018799
v -50.240730 -1.650702 -51.944275
v -12.604721 -2.208707 -29.430054
v -50.580627 -2.208710 -51.355408
v -7.646744 -5.381445 -29.220459
v -8.341269 -6.256791 -28.687561
v -8.288761 -5.381445 -28.619141
v -9.073812 -6.256790 -28.232056
v -9.947336 -7.098509 -28.174683
v -9.881191 -6.256790 -27.928101
v -10.749161 -7.098509 -28.042419
v -10.732386 -6.256790 -27.787598
v -9.035669 -5.381444 -28.154663
v -9.858980 -5.381444 -27.844849
v -10.726711 -5.381444 -27.701538
v -10.732386 -4.506085 -27.787598
v -9.881191 -4.506085 -27.928101
v -10.749161 -3.664367 -28.042419
v -9.073812 -4.506085 -28.232056
v -9.947336 -3.664367 -28.174683
v -10.776199 -2.888636 -28.456055
v -8.341269 -4.506086 -28.687561
v -9.186789 -3.664367 -28.460999
v -10.054640 -2.888636 -28.575195
v -10.812773 -2.208707 -29.013000
v -10.199121 -2.208707 -29.114258
v -9.370134 -2.888636 -28.832886
v -9.616974 -2.208707 -29.333313
v -8.496733 -3.664367 -28.890137
v -7.711563 -4.506086 -29.277344
v -8.749123 -2.888636 -29.218994
v -9.088778 -2.208707 -29.661743
v -7.903601 -3.664367 -29.445557
v -8.215254 -2.888636 -29.718994
v -8.215254 -7.874241 -29.718994
v -9.088778 -8.554170 -29.661743
v -7.903601 -7.098510 -29.445557
v -8.749123 -7.874241 -29.218994
v -9.616974 -8.554170 -29.333313
v -7.711563 -6.256791 -29.277344
v -8.496733 -7.098510 -28.890137
v -9.370134 -7.874241 -28.832886
v -10.199121 -8.554170 -29.114258
v -10.054640 -7.874241 -28.575195
v -9.186789 -7.098509 -28.460999
v -50.857639 -7.874243 -50.871155
v -51.452217 -7.874243 -51.297180
v -51.065006 -7.098513 -50.512024
v -51.725491 -7.098513 -50.985413
v -51.192711 -6.256794 -50.290894
v -51.893867 -6.256794 -50.793396
v -51.235802 -5.381448 -50.216309
v -51.950722 -5.381448 -50.728577
v -51.893867 -4.506089 -50.793396
v -51.192711 -4.506089 -50.290894
v -51.725491 -3.664370 -50.985413
v -51.065006 -3.664370 -50.512024
v -50.857639 -2.888639 -50.871155
v -51.452217 -2.888639 -51.297180
v -11.434389 -2.208707 -29.033264
v -10.812773 -8.554170 -29.013000
v -12.040075 -8.554170 -29.174500
v -12.606653 -8.554170 -29.431213
v -11.434389 -8.554170 -29.033264
v -12.885595 -7.874241 -28.947937
v -12.219439 -7.874241 -28.646179
v -13.092962 -7.098510 -28.588867
v -11.507174 -7.874240 -28.480103
v -10.776199 -7.874240 -28.456055
v -12.352695 -7.098509 -28.253540
v -13.220547 -6.256790 -28.367737
v -11.561247 -7.098509 -28.068970
v -12.434771 -6.256790 -28.011780
v -13.263638 -5.381444 -28.293091
v -11.594683 -6.256790 -27.815857
v -12.462534 -5.381444 -27.930054
v -11.605909 -5.381444 -27.730286
v -12.434771 -4.506085 -28.011780
v -13.220547 -4.506085 -28.367737
v -11.594683 -4.506085 -27.815857
v -12.352695 -3.664367 -28.253540
v -13.092962 -3.664367 -28.588867
v -12.219439 -2.888636 -28.646179
v -12.885595 -2.888636 -28.947937
v -11.561247 -3.664367 -28.068970
v -12.040075 -2.208707 -29.174500
v -12.606653 -2.208707 -29.431213
v -11.507174 -2.888636 -28.480103
v -12.604721 -2.208707 -29.430054
v -50.580627 -2.208710 -51.355408
v -12.883785 -2.888636 -28.946716
v -50.859692 -2.888639 -50.872070
v -13.091032 -3.664367 -28.587646
v -51.066936 -3.664370 -50.513123
v -13.218737 -4.506085 -28.366516
v -51.194641 -4.506089 -50.291992
v -13.261826 -5.381444 -28.291931
v -51.237732 -5.381448 -50.217285
v -13.218737 -6.256790 -28.366516
v -51.194641 -6.256794 -50.291992
v -13.091032 -7.098510 -28.587646
v -51.066936 -7.098513 -50.513123
v -12.883785 -7.874241 -28.946716
v -50.859692 -7.874243 -50.872070
v -12.604721 -8.554170 -29.430054
v -50.580627 -8.554173 -51.355408
v -3.545757 -7.098501 32.067810
v -3.726208 -6.256782 32.247620
v -4.061277 -7.098501 31.438965
v -4.273592 -6.256782 31.581360
v -3.787161 -5.381435 32.309204
v -4.345169 -5.381435 31.629639
v -4.273592 -4.506077 31.581360
v -3.726208 -4.506077 32.247620
v -4.061277 -3.664358 31.438965
v -3.545757 -3.664358 32.067810
v -3.716431 -2.888627 31.209595
v -3.252569 -2.888627 31.774475
v -3.252569 -2.208697 30.899414
v -3.252569 -7.874231 31.774475
v -3.787161 -5.381443 -17.882629
v -4.273592 -6.256789 -17.154785
v -3.726208 -6.256790 -17.821716
v -4.061277 -7.098508 -17.013000
v -3.545757 -7.098508 -17.641113
v -3.716431 -7.874239 -16.782715
v -3.252569 -7.874239 -17.347961
v -3.252569 -8.554168 -16.472595
v -3.726208 -8.554168 -15.328979
v -3.787161 -8.554168 -14.709961
v -4.345169 -7.874238 -14.709961
v -4.273592 -7.874238 -15.437805
v -4.759903 -7.098507 -14.709961
v -4.680239 -7.098507 -15.518677
v -5.015190 -6.256788 -14.709961
v -4.930576 -6.256788 -15.568542
v -5.101370 -5.381443 -14.709961
v -5.015190 -5.381443 -15.585327
v -4.930576 -4.506083 -15.568542
v -5.015190 -4.506083 -14.709961
v -4.759903 -5.381443 -16.427002
v -4.680239 -6.256789 -16.394043
v -4.680239 -3.664365 -15.518677
v -4.759903 -3.664365 -14.709961
v -4.680239 -4.506084 -16.394043
v -4.345169 -5.381443 -17.202759
v -4.444265 -7.098508 -16.296387
v -4.061277 -7.874239 -16.137634
v -3.545757 -8.554168 -15.924133
v -3.252569 -2.208705 -16.472595
v -3.545757 -2.208705 -15.924133
v -3.726208 -2.208705 -15.328979
v -3.787161 -2.208705 -14.709961
v -4.345169 -2.888634 -14.709961
v -4.273592 -2.888634 -15.437805
v -4.061277 -2.888635 -16.137634
v -4.444265 -3.664365 -16.296387
v -3.716431 -2.888635 -16.782715
v -4.061277 -3.664365 -17.013000
v -4.273592 -4.506084 -17.154785
v -3.252569 -2.888635 -17.347961
v -3.545757 -3.664365 -17.641113
v -3.726208 -4.506085 -17.821716
v -3.545757 -2.208697 30.350220
v -3.252569 -8.554162 30.899414
v -3.726208 -8.554162 29.755127
v -3.787161 -8.554162 29.135925
v -3.545757 -8.554162 30.350220
v -4.345169 -7.874231 29.135925
v -4.273592 -7.874231 29.863770
v -4.759903 -7.098501 29.135925
v -4.061277 -7.874231 30.563843
v -3.716431 -7.874231 31.209595
v -4.680239 -7.098501 29.944641
v -5.015190 -6.256782 29.135925
v -4.444265 -7.098501 30.723145
v -4.930576 -6.256782 29.995300
v -5.101370 -5.381435 29.135925
v -4.680239 -6.256782 30.820923
v -5.015190 -5.381435 30.012207
v -4.759903 -5.381435 30.853516
v -4.930576 -4.506077 29.995300
v -5.015190 -4.506077 29.135925
v -4.680239 -4.506077 30.820923
v -4.680239 -3.664358 29.944641
v -4.759903 -3.664358 29.135925
v -4.273592 -2.888627 29.863770
v -4.345169 -2.888627 29.135925
v -4.444265 -3.664358 30.723145
v -3.726208 -2.208697 29.755127
v -3.787161 -2.208697 29.135925
v -4.061277 -2.888627 30.563843
v -3.787283 -2.208697 29.138306
v -3.787283 -2.208705 -14.712158
v -4.345291 -2.888627 29.138306
v -4.345291 -2.888634 -14.712158
v -4.760023 -3.664358 29.138306
v -4.760023 -3.664365 -14.712158
v -5.015310 -4.506077 29.138306
v -5.015310 -4.506083 -14.712158
v -5.101492 -5.381435 29.138306
v -5.101492 -5.381443 -14.712158
v -5.015310 -6.256782 29.138306
v -5.015310 -6.256788 -14.712158
v -4.760023 -7.098501 29.138306
v -4.760023 -7.098507 -14.712158
v -4.345291 -7.874231 29.138306
v -4.345291 -7.874238 -14.712158
v -3.787283 -8.554162 29.138306
v -3.787283 -8.554168 -14.712158
v 0.599649 -8.554168 -17.641113
v 1.148241 -8.554168 -17.347961
v 1.458208 -7.874239 -17.811890
v 1.629000 -8.554168 -16.953369
v 2.023577 -7.874239 -17.347961
v 2.023577 -7.874231 31.774475
v 2.023577 -8.554162 30.899414
v 1.629000 -8.554162 31.379761
v 1.458208 -7.874231 32.237976
v 1.148241 -8.554161 31.774475
v 0.599649 -8.554161 32.067810
v 0.004465 -8.554161 32.247620
v -0.614498 -8.554161 32.309204
v -1.233459 -8.554161 32.247620
v -1.828644 -8.554161 32.067810
v -2.377115 -8.554161 31.774475
v -2.687201 -7.874231 32.237976
v -2.857994 -8.554162 31.379761
v -3.252569 -7.874231 31.774475
v -3.716431 -7.874239 -16.782715
v -3.252569 -7.874239 -17.347961
v -3.252569 -8.554168 -16.472595
v -2.857994 -8.554168 -16.953369
v -2.687201 -7.874239 -17.811890
v -2.377115 -8.554168 -17.347961
v -1.828644 -8.554168 -17.641113
v -1.233459 -8.554168 -17.821716
v -0.614498 -8.554168 -17.882629
v 0.004465 -8.554168 -17.821716
v -3.107244 -9.112175 -14.709961
v -3.726208 -8.554168 -15.328979
v -3.787161 -8.554168 -14.709961
v -3.059446 -9.112175 -15.196289
v -2.331612 -9.526814 -14.709961
v -2.298538 -9.526814 -15.044922
v -1.489832 -9.782146 -14.709961
v -1.473053 -9.782146 -14.880798
v -0.614498 -9.868364 -14.709961
v -3.545757 -8.554168 -15.924133
v -2.917500 -9.112175 -15.663879
v -2.200890 -9.526814 -15.367065
v -2.687201 -9.112175 -16.094910
v -1.423204 -9.782146 -15.044922
v -0.614498 -9.868364 -14.709961
v -2.042166 -9.526814 -15.663879
v -1.342333 -9.782146 -15.196289
v -0.614498 -9.868364 -14.709961
v -2.377115 -9.112175 -16.472595
v -1.828644 -9.526814 -15.924133
v -1.233459 -9.782146 -15.328979
v -0.614498 -9.868364 -14.709961
v -1.999437 -9.112175 -16.782715
v -1.568409 -9.526814 -16.137634
v -1.100807 -9.782146 -15.437805
v -0.614498 -9.868364 -14.709961
v -1.568409 -9.112175 -17.013000
v -1.271601 -9.526814 -16.296387
v -0.949446 -9.782146 -15.518677
v -0.614498 -9.868364 -14.709961
v -1.100807 -9.112175 -17.154785
v -0.949446 -9.526814 -16.394043
v -0.785292 -9.782146 -15.568542
v -0.614498 -9.868364 -14.709961
v -0.614498 -9.112175 -17.202759
v -0.614498 -9.526814 -16.427002
v -0.614498 -9.782146 -15.585327
v -0.614498 -9.868364 -14.709961
v -0.443703 -9.782146 -15.568542
v -0.614498 -9.868364 -14.709961
v -0.279547 -9.526814 -16.394043
v -0.128187 -9.112175 -17.154785
v -0.279547 -9.782146 -15.518677
v -0.614498 -9.868364 -14.709961
v 0.042606 -9.526814 -16.296387
v -0.128187 -9.782146 -15.437805
v -0.614498 -9.868364 -14.709961
v 0.339415 -9.112175 -17.013000
v 0.339415 -9.526814 -16.137634
v 0.004465 -9.782146 -15.328979
v -0.614498 -9.868364 -14.709961
v 0.770445 -9.112175 -16.782715
v 0.599649 -9.526814 -15.924133
v 0.113340 -9.782146 -15.196289
v -0.614498 -9.868364 -14.709961
v 1.148241 -9.112175 -16.472595
v 0.813171 -9.526814 -15.663879
v 0.194210 -9.782146 -15.044922
v -0.614498 -9.868364 -14.709961
v 1.458208 -9.112175 -16.094910
v 0.971895 -9.526814 -15.367065
v 0.244061 -9.782146 -14.880798
v -0.614498 -9.868364 -14.709961
v 1.688505 -9.112175 -15.663879
v 2.023577 -8.554168 -16.472595
v 1.069546 -9.526814 -15.044922
v 0.260839 -9.782146 -14.709961
v -0.614498 -9.868364 -14.709961
v 1.102617 -9.526814 -14.709961
v 1.830454 -9.112175 -15.196289
v 1.878370 -9.112175 -14.709961
v 2.497335 -8.554168 -15.328979
v 2.558287 -8.554168 -14.709961
v 2.316763 -8.554168 -15.924133
v 2.487555 -7.874239 -16.782715
v 2.497335 -8.554162 29.755127
v 2.316763 -8.554162 30.350220
v 2.487555 -7.874231 31.209595
v 1.878370 -9.112169 29.135925
v 1.830454 -9.112169 29.622375
v 2.558287 -8.554162 29.135925
v 1.102617 -9.526808 29.135925
v 1.069546 -9.526808 29.471497
v 0.260839 -9.782141 29.135925
v 0.244061 -9.782141 29.307312
v -0.614498 -9.868359 29.135925
v 1.688505 -9.112168 30.090698
v 0.971895 -9.526808 29.793762
v 0.194210 -9.782141 29.471497
v -0.614498 -9.868359 29.135925
v 1.458208 -9.112168 30.521606
v 0.813171 -9.526807 30.090698
v 0.113340 -9.782141 29.622375
v -0.614498 -9.868359 29.135925
v 1.148241 -9.112168 30.899414
v 0.599649 -9.526807 30.350220
v 0.004465 -9.782141 29.755127
v -0.614498 -9.868359 29.135925
v 0.770445 -9.112168 31.209595
v 0.339415 -9.526807 30.563843
v -0.128187 -9.782141 29.863770
v -0.614498 -9.868359 29.135925
v 0.339415 -9.112168 31.438965
v 0.042606 -9.526807 30.723145
v -0.279547 -9.782140 29.944641
v -0.614498 -9.868359 29.135925
v -0.128187 -9.112167 31.581360
v -0.279547 -9.526807 30.820923
v -0.443703 -9.782140 29.995300
v -0.614498 -9.868359 29.135925
v -0.614498 -9.112167 31.629639
v -0.614498 -9.526807 30.853516
v -0.614498 -9.782140 30.012207
v -0.614498 -9.868359 29.135925
v -0.785292 -9.782140 29.995300
v -0.614498 -9.868359 29.135925
v -0.949446 -9.526807 30.820923
v -1.100807 -9.112167 31.581360
v -0.949446 -9.782140 29.944641
v -0.614498 -9.868359 29.135925
v -1.271601 -9.526807 30.723145
v -1.100807 -9.782141 29.863770
v -0.614498 -9.868359 29.135925
v -1.568409 -9.112168 31.438965
v -1.568409 -9.526807 30.563843
v -1.233459 -9.782141 29.755127
v -0.614498 -9.868359 29.135925
v -1.999437 -9.112168 31.209595
v -1.828644 -9.526807 30.350220
v -1.342333 -9.782141 29.622375
v -0.614498 -9.868359 29.135925
v -2.377115 -9.112168 30.899414
v -2.042166 -9.526807 30.090698
v -1.423204 -9.782141 29.471497
v -0.614498 -9.868359 29.135925
v -2.687201 -9.112168 30.521606
v -2.200890 -9.526808 29.793762
v -1.473053 -9.782141 29.307312
v -0.614498 -9.868359 29.135925
v -2.917500 -9.112168 30.090698
v -3.252569 -8.554162 30.899414
v -2.298538 -9.526808 29.471497
v -1.489832 -9.782141 29.135925
v -0.614498 -9.868359 29.135925
v -2.331612 -9.526808 29.135925
v -3.059446 -9.112169 29.622375
v -3.107244 -9.112169 29.135925
v -3.726208 -8.554162 29.755127
v -3.787161 -8.554162 29.135925
v -3.545757 -8.554162 30.350220
v -3.716431 -7.874231 31.209595
v 0.260717 -9.782141 29.138306
v -0.614616 -9.868353 -14.712158
v -0.614616 -9.868347 29.138306
v 0.260717 -9.782146 -14.712158
v 1.102495 -9.526808 29.138306
v 1.102495 -9.526814 -14.712158
v 1.878252 -9.112169 29.138306
v 1.878252 -9.112175 -14.712158
v 2.558168 -8.554162 29.138306
v 2.558168 -8.554168 -14.712158
v -3.787283 -8.554162 29.138306
v -3.787283 -8.554168 -14.712158
v -3.107367 -9.112169 29.138306
v -3.107367 -9.112175 -14.712158
v -2.331732 -9.526808 29.138306
v -2.331732 -9.526814 -14.712158
v -1.489952 -9.782141 29.138306
v -1.489952 -9.782146 -14.712158
v -0.614616 -9.868347 29.138306
v -0.614616 -9.868353 -14.712158
v 0.813171 -7.874239 -18.156738
v 0.113340 -7.874239 -18.368958
v 0.599649 -8.554168 -17.641113
v 0.194210 -7.098508 -18.775757
v 1.148241 -8.554168 -17.347961
v -0.614498 -5.381443 -19.196838
v -1.473053 -6.256790 -19.026062
v -0.614498 -6.256790 -19.110657
v -1.489832 -5.381443 -19.110657
v 0.244061 -6.256790 -19.026062
v 0.971895 -7.098508 -18.539734
v 1.458208 -7.874239 -17.811890
v 2.023577 -7.874239 -17.347961
v 1.688505 -7.098508 -18.156738
v 2.316763 -7.098508 -17.641113
v 1.069546 -6.256790 -18.775757
v 0.260839 -5.381443 -19.110657
v 1.830454 -6.256790 -18.368958
v 1.102617 -5.381443 -18.855286
v 0.244061 -4.506085 -19.026062
v 1.069546 -4.506085 -18.775757
v 2.497335 -6.256790 -17.821716
v 1.878370 -5.381443 -18.440674
v 2.558287 -5.381443 -17.882629
v 2.497335 -4.506085 -17.821716
v 1.830454 -4.506085 -18.368958
v 2.316763 -3.664365 -17.641113
v 2.023577 -2.888635 -17.347961
v 1.688505 -3.664365 -18.156738
v 0.971895 -3.664365 -18.539734
v 1.458208 -2.888635 -17.811890
v 1.148241 -2.208705 -17.347961
v 0.813171 -2.888635 -18.156738
v 0.599649 -2.208705 -17.641113
v 0.194210 -3.664365 -18.775757
v 0.113340 -2.888635 -18.368958
v 0.004465 -2.208705 -17.821716
v -0.614498 -4.506085 -19.110657
v -0.614498 -3.664365 -18.855408
v -0.614498 -2.888635 -18.440674
v -0.614498 -2.208705 -17.882629
v -1.233459 -2.208705 -17.821716
v -1.342333 -2.888635 -18.368958
v -1.828644 -2.208705 -17.641113
v -1.423204 -3.664365 -18.775757
v -2.042166 -2.888635 -18.156738
v -2.377115 -2.208705 -17.347961
v -2.687201 -2.888635 -17.811890
v -2.200890 -3.664365 -18.539734
v -2.917500 -3.664365 -18.156738
v -2.298538 -4.506085 -18.775757
v -1.473053 -4.506085 -19.026062
v -3.787161 -5.381443 -17.882629
v -3.726208 -6.256790 -17.821716
v -3.107244 -5.381443 -18.440674
v -3.545757 -7.098508 -17.641113
v -3.059446 -6.256790 -18.368958
v -3.059446 -4.506085 -18.368958
v -2.331612 -5.381443 -18.855408
v -3.252569 -7.874239 -17.347961
v -2.917500 -7.098508 -18.156738
v -2.687201 -7.874239 -17.811890
v -2.377115 -8.554168 -17.347961
v -2.298538 -6.256790 -18.775757
v -2.200890 -7.098508 -18.539734
v -2.042166 -7.874239 -18.156738
v -1.828644 -8.554168 -17.641113
v -1.423204 -7.098508 -18.775757
v -1.342333 -7.874239 -18.368958
v -1.233459 -8.554168 -17.821716
v -0.614498 -7.874239 -18.440674
v -0.614498 -8.554168 -17.882629
v 0.004465 -8.554168 -17.821716
v -0.614498 -7.098508 -18.855408
v 3.786074 -4.506083 -14.712158
v 2.558168 -2.208705 -14.712158
v 0.260717 -0.980734 -14.712158
v 3.530790 -3.664365 -14.712158
v 3.116175 -2.888634 -14.712158
v 1.102495 -1.236060 -14.712158
v 1.878252 -1.650697 -14.712158
v 3.786074 -6.256788 -14.712158
v 3.872259 -5.381443 -14.712158
v 0.260717 -9.782146 -14.712158
v 2.558168 -8.554168 -14.712158
v 3.530790 -7.098507 -14.712158
v 3.116175 -7.874238 -14.712158
v 1.102495 -9.526814 -14.712158
v 1.878252 -9.112175 -14.712158
v -5.015310 -6.256788 -14.712158
v -1.489952 -9.782146 -14.712158
v -0.614616 -9.868353 -14.712158
v -1.489952 -0.980734 -14.712158
v -0.614616 -0.894519 -14.712158
v -5.015310 -4.506083 -14.712158
v -5.101492 -5.381443 -14.712158
v -3.787283 -2.208705 -14.712158
v -4.760023 -3.664365 -14.712158
v -4.345291 -2.888634 -14.712158
v -2.331732 -1.236060 -14.712158
v -3.107367 -1.650697 -14.712158
v -3.787283 -8.554168 -14.712158
v -2.331732 -9.526814 -14.712158
v -3.107367 -9.112175 -14.712158
v -4.760023 -7.098507 -14.712158
v -4.345291 -7.874238 -14.712158
v -3.252569 -2.888635 -17.347961
v -3.545757 -3.664365 -17.641113
v -3.726208 -4.506085 -17.821716
v 2.023577 -7.874239 -17.347961
v 2.316763 -7.098508 -17.641113
v 2.497335 -6.256790 -17.821716
v 2.832285 -7.098508 -17.013000
v 3.044600 -6.256789 -17.154785
v 2.558287 -5.381443 -17.882629
v 3.116297 -5.381443 -17.202759
v 3.044600 -4.506084 -17.154785
v 2.497335 -4.506085 -17.821716
v 2.832285 -3.664365 -17.013000
v 2.316763 -3.664365 -17.641113
v 2.487555 -2.888635 -16.782715
v 2.023577 -2.888635 -17.347961
v 2.023577 -2.888627 31.774475
v 2.497335 -4.506077 32.247620
v 2.316763 -3.664358 32.067810
v 2.832285 -3.664358 31.438965
v 2.487555 -2.888627 31.209595
v 2.023577 -7.874231 31.774475
v 2.023577 -8.554162 30.899414
v 3.044600 -4.506077 31.581360
v 2.558287 -5.381435 32.309204
v 2.497335 -6.256782 32.247620
v 2.316763 -7.098501 32.067810
v 2.023577 -8.554168 -16.472595
v 2.497335 -8.554168 -15.328979
v 2.558287 -8.554168 -14.709961
v 2.316763 -8.554168 -15.924133
v 3.116297 -7.874238 -14.709961
v 3.044600 -7.874238 -15.437805
v 3.530909 -7.098507 -14.709961
v 2.832285 -7.874239 -16.137634
v 2.487555 -7.874239 -16.782715
v 3.451246 -7.098507 -15.518677
v 3.786196 -6.256788 -14.709961
v 3.215391 -7.098508 -16.296387
v 3.701704 -6.256788 -15.568542
v 3.872377 -5.381443 -14.709961
v 3.451246 -6.256789 -16.394043
v 3.786196 -5.381443 -15.585327
v 3.530909 -5.381443 -16.427002
v 3.701704 -4.506083 -15.568542
v 3.786196 -4.506083 -14.709961
v 3.451246 -4.506084 -16.394043
v 3.451246 -3.664365 -15.518677
v 3.530909 -3.664365 -14.709961
v 3.044600 -2.888634 -15.437805
v 3.116297 -2.888634 -14.709961
v 3.215391 -3.664365 -16.296387
v 2.497335 -2.208705 -15.328979
v 2.558287 -2.208705 -14.709961
v 2.832285 -2.888635 -16.137634
v 2.316763 -2.208705 -15.924133
v 2.023577 -2.208705 -16.472595
v 2.023577 -2.208697 30.899414
v 2.497335 -2.208697 29.755127
v 2.558287 -2.208697 29.135925
v 2.316763 -2.208697 30.350220
v 3.116297 -2.888627 29.135925
v 3.044600 -2.888627 29.863770
v 3.530909 -3.664358 29.135925
v 2.832285 -2.888627 30.563843
v 3.451246 -3.664358 29.944641
v 3.786196 -4.506077 29.135925
v 3.215391 -3.664358 30.723145
v 3.701704 -4.506077 29.995300
v 3.451246 -4.506077 30.820923
v 3.872377 -5.381435 29.135925
v 3.786196 -5.381435 30.012207
v 3.530909 -5.381435 30.853516
v 3.701704 -6.256782 29.995300
v 3.786196 -6.256782 29.135925
v 3.116297 -5.381435 31.629639
v 3.451246 -6.256782 30.820923
v 3.451246 -7.098501 29.944641
v 3.530909 -7.098501 29.135925
v 3.044600 -7.874231 29.863770
v 3.116297 -7.874231 29.135925
v 2.497335 -8.554162 29.755127
v 3.215391 -7.098501 30.723145
v 2.832285 -7.874231 30.563843
v 2.316763 -8.554162 30.350220
v 3.044600 -6.256782 31.581360
v 2.832285 -7.098501 31.438965
v 2.487555 -7.874231 31.209595
v 2.558287 -8.554162 29.135925
v 2.558168 -8.554162 29.138306
v 2.558168 -8.554168 -14.712158
v 3.116175 -7.874231 29.138306
v 3.116175 -7.874238 -14.712158
v 3.530790 -7.098501 29.138306
v 3.530790 -7.098507 -14.712158
v 3.786074 -6.256782 29.138306
v 3.786074 -6.256788 -14.712158
v 3.872259 -5.381435 29.138306
v 3.872259 -5.381443 -14.712158
v 3.786074 -4.506077 29.138306
v 3.786074 -4.506083 -14.712158
v 3.530790 -3.664358 29.138306
v 3.530790 -3.664365 -14.712158
v 3.116175 -2.888627 29.138306
v 3.116175 -2.888634 -14.712158
v 2.558168 -2.208697 29.138306
v 2.558168 -2.208705 -14.712158
v 2.487555 -2.888635 -16.782715
v 2.023577 -2.888635 -17.347961
v 1.458208 -2.888635 -17.811890
v 1.629000 -2.208705 -16.953369
v 1.148241 -2.208705 -17.347961
v 0.599649 -2.208705 -17.641113
v 0.004465 -2.208705 -17.821716
v -0.614498 -2.208705 -17.882629
v -1.233459 -2.208705 -17.821716
v -1.828644 -2.208705 -17.641113
v -2.377115 -2.208705 -17.347961
v -2.687201 -2.888635 -17.811890
v -3.716431 -2.888627 31.209595
v -3.252569 -2.888627 31.774475
v -3.252569 -2.208697 30.899414
v -2.857994 -2.208697 31.379761
v -2.687201 -2.888627 32.237976
v -2.377115 -2.208697 31.774475
v -1.828644 -2.208697 32.067810
v -1.233459 -2.208697 32.247620
v -0.614498 -2.208697 32.309204
v 0.004465 -2.208697 32.247620
v 1.458208 -2.888627 32.237976
v 2.023577 -2.888627 31.774475
v 2.487555 -2.888627 31.209595
v 2.497335 -2.208705 -15.328979
v 2.558287 -2.208705 -14.709961
v 1.878370 -1.650697 -14.709961
v 1.830454 -1.650697 -15.196289
v 1.102617 -1.236060 -14.709961
v 2.316763 -2.208705 -15.924133
v 1.069546 -1.236060 -15.044922
v 0.260839 -0.980731 -14.709961
v 1.688505 -1.650697 -15.663879
v 0.244061 -0.980731 -14.880798
v -0.614498 -0.894515 -14.709961
v 0.971895 -1.236060 -15.367065
v 2.023577 -2.208705 -16.472595
v 1.458208 -1.650697 -16.094910
v 0.194210 -0.980731 -15.044922
v -0.614498 -0.894515 -14.709961
v 0.813171 -1.236060 -15.663879
v 0.113340 -0.980731 -15.196289
v -0.614498 -0.894515 -14.709961
v 1.148241 -1.650697 -16.472595
v 0.599649 -1.236060 -15.924133
v 0.004465 -0.980731 -15.328979
v -0.614498 -0.894515 -14.709961
v 0.770445 -1.650697 -16.782715
v 0.339415 -1.236060 -16.137634
v -0.128187 -0.980731 -15.437805
v -0.614498 -0.894515 -14.709961
v 0.339415 -1.650697 -17.013000
v 0.042606 -1.236060 -16.296387
v -0.279547 -0.980731 -15.518677
v -0.614498 -0.894515 -14.709961
v -0.128187 -1.650697 -17.154785
v -0.279547 -1.236060 -16.394043
v -0.443703 -0.980731 -15.568542
v -0.614498 -0.894515 -14.709961
v -0.614498 -1.650697 -17.202759
v -0.614498 -1.236060 -16.427002
v -0.614498 -0.980731 -15.585327
v -0.614498 -0.894515 -14.709961
v -0.785292 -0.980731 -15.568542
v -0.614498 -0.894515 -14.709961
v -0.949446 -1.236060 -16.394043
v -1.100807 -1.650697 -17.154785
v -0.949446 -0.980731 -15.518677
v -0.614498 -0.894515 -14.709961
v -1.271601 -1.236060 -16.296387
v -1.100807 -0.980731 -15.437805
v -0.614498 -0.894515 -14.709961
v -1.568409 -1.650697 -17.013000
v -1.568409 -1.236060 -16.137634
v -1.233459 -0.980731 -15.328979
v -0.614498 -0.894515 -14.709961
v -1.999437 -1.650697 -16.782715
v -1.828644 -1.236060 -15.924133
v -1.342333 -0.980731 -15.196289
v -0.614498 -0.894515 -14.709961
v -2.377115 -1.650697 -16.472595
v -2.042166 -1.236060 -15.663879
v -1.423204 -0.980731 -15.044922
v -0.614498 -0.894515 -14.709961
v -2.687201 -1.650697 -16.094910
v -2.857994 -2.208705 -16.953369
v -2.200890 -1.236060 -15.367065
v -3.252569 -2.208705 -16.472595
v -1.473053 -0.980731 -14.880798
v -0.614498 -0.894515 -14.709961
v -2.917500 -1.650697 -15.663879
v -2.298538 -1.236060 -15.044922
v -1.489832 -0.980731 -14.709961
v -0.614498 -0.894515 -14.709961
v -2.331612 -1.236060 -14.709961
v -3.059446 -1.650697 -15.196289
v -3.107244 -1.650697 -14.709961
v -3.545757 -2.208705 -15.924133
v -3.726208 -2.208705 -15.328979
v -3.787161 -2.208705 -14.709961
v -3.716431 -2.888635 -16.782715
v -3.252569 -2.888635 -17.347961
v -3.059446 -1.650690 29.622375
v -2.331612 -1.236053 29.135925
v -2.298538 -1.236053 29.471497
v -1.489832 -0.980723 29.135925
v -3.545757 -2.208697 30.350220
v -2.917500 -1.650690 30.090698
v -1.473053 -0.980723 29.307312
v -0.614498 -0.894508 29.135925
v -2.200890 -1.236053 29.793762
v -2.687201 -1.650690 30.521606
v -1.423204 -0.980723 29.471497
v -0.614498 -0.894508 29.135925
v -2.042166 -1.236053 30.090698
v -1.342333 -0.980723 29.622375
v -0.614498 -0.894508 29.135925
v -2.377115 -1.650690 30.899414
v -1.828644 -1.236053 30.350220
v -1.233459 -0.980723 29.755127
v -0.614498 -0.894508 29.135925
v -1.999437 -1.650690 31.209595
v -1.568409 -1.236053 30.563843
v -1.100807 -0.980723 29.863770
v -0.614498 -0.894508 29.135925
v -1.568409 -1.650690 31.438965
v -1.271601 -1.236053 30.723145
v -0.949446 -0.980723 29.944641
v -0.614498 -0.894508 29.135925
v -1.100807 -1.650690 31.581360
v -0.949446 -1.236053 30.820923
v -0.785292 -0.980723 29.995300
v -0.614498 -0.894508 29.135925
v -0.614498 -1.650690 31.629639
v -0.614498 -1.236053 30.853516
v -0.614498 -0.980723 30.012207
v -0.614498 -0.894508 29.135925
v -0.443703 -0.980723 29.995300
v -0.614498 -0.894508 29.135925
v -0.279547 -1.236053 30.820923
v -0.128187 -1.650690 31.581360
v -0.279547 -0.980723 29.944641
v -0.614498 -0.894508 29.135925
v 0.042606 -1.236053 30.723145
v -0.128187 -0.980723 29.863770
v -0.614498 -0.894508 29.135925
v 0.339415 -1.650690 31.438965
v 0.339415 -1.236053 30.563843
v 0.004465 -0.980723 29.755127
v -0.614498 -0.894508 29.135925
v 0.770445 -1.650690 31.209595
v 0.599649 -1.236053 30.350220
v 0.113340 -0.980723 29.622375
v -0.614498 -0.894508 29.135925
v 1.148241 -1.650690 30.899414
v 0.599649 -2.208697 32.067810
v 0.813171 -1.236053 30.090698
v 0.194210 -0.980723 29.471497
v -0.614498 -0.894508 29.135925
v 1.148241 -2.208697 31.774475
v 1.458208 -1.650690 30.521606
v 1.629000 -2.208697 31.379761
v 0.971895 -1.236053 29.793762
v 2.023577 -2.208697 30.899414
v 0.244061 -0.980723 29.307312
v -0.614498 -0.894508 29.135925
v 1.688505 -1.650690 30.090698
v 1.069546 -1.236053 29.471497
v 0.260839 -0.980723 29.135925
v -0.614498 -0.894508 29.135925
v 1.102617 -1.236053 29.135925
v 1.830454 -1.650690 29.622375
v 1.878370 -1.650690 29.135925
v 2.497335 -2.208697 29.755127
v 2.558287 -2.208697 29.135925
v 2.316763 -2.208697 30.350220
v -3.726208 -2.208697 29.755127
v -3.787161 -2.208697 29.135925
v -3.107244 -1.650690 29.135925
v 2.558168 -2.208697 29.138306
v 2.558168 -2.208705 -14.712158
v 1.878252 -1.650690 29.138306
v 1.878252 -1.650697 -14.712158
v 1.102495 -1.236053 29.138306
v 1.102495 -1.236060 -14.712158
v 0.260717 -0.980725 29.138306
v 0.260717 -0.980734 -14.712158
v -0.614616 -0.894510 29.138306
v -0.614616 -0.894519 -14.712158
v -1.489952 -0.980725 29.138306
v -1.489952 -0.980734 -14.712158
v -2.331732 -1.236053 29.138306
v -2.331732 -1.236060 -14.712158
v -3.107367 -1.650690 29.138306
v -3.107367 -1.650697 -14.712158
v -3.787283 -2.208697 29.138306
v -3.787283 -2.208705 -14.712158
v -1.489832 -5.381435 33.536743
v -2.298538 -6.256781 33.202393
v -2.331612 -5.381435 33.282043
v -3.059446 -6.256782 32.795654
v -3.545757 -7.098501 32.067810
v -3.726208 -6.256782 32.247620
v -3.107244 -5.381435 32.866821
v -3.787161 -5.381435 32.309204
v -3.726208 -4.506077 32.247620
v -3.059446 -4.506077 32.795654
v -3.545757 -3.664358 32.067810
v -2.298538 -4.506076 33.202393
v -2.917500 -3.664358 32.583191
v -3.252569 -2.888627 31.774475
v -2.687201 -2.888627 32.237976
v -2.377115 -2.208697 31.774475
v -2.200890 -3.664358 32.965820
v -1.473053 -4.506076 33.452271
v -0.614498 -5.381435 33.623657
v -2.042166 -2.888627 32.583191
v -1.828644 -2.208697 32.067810
v -1.423204 -3.664358 33.202393
v -0.614498 -4.506076 33.536743
v -1.342333 -2.888627 32.795654
v -1.233459 -2.208697 32.247620
v -0.614498 -3.664358 33.282043
v 0.244061 -4.506076 33.452271
v -0.614498 -2.888627 32.866821
v -0.614498 -2.208697 32.309204
v 0.004465 -2.208697 32.247620
v 0.113340 -2.888627 32.795654
v 0.260839 -5.381435 33.536743
v 0.194210 -3.664358 33.202393
v 0.813171 -2.888627 32.583191
v 0.971895 -3.664358 32.965820
v 1.458208 -2.888627 32.237976
v 1.069546 -4.506076 33.202393
v 1.102617 -5.381435 33.282043
v 1.688505 -3.664358 32.583191
v 2.023577 -2.888627 31.774475
v 1.830454 -4.506077 32.795654
v 1.878370 -5.381435 32.866821
v 2.497335 -4.506077 32.247620
v 2.316763 -3.664358 32.067810
v 2.023577 -7.874231 31.774475
v 2.558287 -5.381435 32.309204
v 2.497335 -6.256782 32.247620
v 2.316763 -7.098501 32.067810
v 1.830454 -6.256782 32.795654
v 1.688505 -7.098501 32.583191
v 1.458208 -7.874231 32.237976
v 1.148241 -8.554161 31.774475
v 0.813171 -7.874231 32.583191
v 0.599649 -8.554161 32.067810
v 0.971895 -7.098501 32.965820
v 1.069546 -6.256781 33.202393
v 0.113340 -7.874231 32.795654
v 0.004465 -8.554161 32.247620
v 0.194210 -7.098500 33.202393
v 0.244061 -6.256781 33.452271
v -0.614498 -7.874231 32.866821
v -0.614498 -8.554161 32.309204
v -1.233459 -8.554161 32.247620
v -0.614498 -7.098500 33.282043
v -1.342333 -7.874231 32.795654
v -1.828644 -8.554161 32.067810
v -0.614498 -6.256781 33.536743
v -1.423204 -7.098500 33.202393
v -2.042166 -7.874231 32.583191
v -2.377115 -8.554161 31.774475
v -1.473053 -6.256781 33.452271
v -2.200890 -7.098501 32.965820
v -2.687201 -7.874231 32.237976
v -3.252569 -7.874231 31.774475
v -2.917500 -7.098501 32.583191
v -1.489952 -9.782141 29.138306
v -5.015310 -6.256782 29.138306
v -5.015310 -4.506077 29.138306
v -5.101492 -5.381435 29.138306
v -3.787283 -8.554162 29.138306
v -4.760023 -7.098501 29.138306
v -4.345291 -7.874231 29.138306
v -2.331732 -9.526808 29.138306
v -3.107367 -9.112169 29.138306
v 0.260717 -9.782141 29.138306
v -0.614616 -9.868347 29.138306
v -1.489952 -0.980725 29.138306
v -3.787283 -2.208697 29.138306
v -4.760023 -3.664358 29.138306
v -4.345291 -2.888627 29.138306
v -2.331732 -1.236053 29.138306
v -3.107367 -1.650690 29.138306
v 0.260717 -0.980725 29.138306
v -0.614616 -0.894510 29.138306
v 3.786074 -4.506077 29.138306
v 3.786074 -6.256782 29.138306
v 3.872259 -5.381435 29.138306
v 2.558168 -2.208697 29.138306
v 3.530790 -3.664358 29.138306
v 3.116175 -2.888627 29.138306
v 1.102495 -1.236053 29.138306
v 1.878252 -1.650690 29.138306
v 2.558168 -8.554162 29.138306
v 1.102495 -9.526808 29.138306
v 1.878252 -9.112169 29.138306
v 3.530790 -7.098501 29.138306
v 3.116175 -7.874231 29.138306
v 0.599649 -2.208697 32.067810
v 1.148241 -2.208697 31.774475
vn -0.5835 0.8120 0.0158
vn -0.9079 0.4184 0.0237
vn -0.4561 0.6292 0.6293
vn -0.5734 0.8169 0.0628
vn -0.7394 0.3383 0.5821
vn -0.9997 -0.0000 0.0236
vn -0.8247 -0.0001 0.5655
vn -0.9947 -0.0000 0.1026
vn -0.8997 0.4262 0.0947
vn -0.5599 0.8201 0.1183
vn -0.9787 -0.0000 0.2052
vn -0.8845 0.4264 0.1895
vn -0.9495 -0.0000 0.3139
vn -0.8563 0.4321 0.2828
vn -0.9082 -0.0000 0.4186
vn -0.5437 0.8195 0.1812
vn -0.8157 0.4392 0.3765
vn -0.8533 0.0001 0.5215
vn -0.5115 0.8262 0.2361
vn -0.7636 0.4487 0.4644
vn -0.7816 -0.0000 0.6237
vn -0.4725 0.8345 0.2834
vn -0.6955 0.4584 0.5533
vn -0.6143 0.4645 0.6378
vn -0.6990 -0.4475 -0.5577
vn -0.6952 -0.0000 -0.7188
vn -0.6165 -0.4584 -0.6402
vn -0.5583 0.8097 -0.1808
vn -0.8891 0.4170 -0.1888
vn -0.5774 0.8066 -0.1265
vn -0.5913 0.8040 -0.0631
vn -0.9041 0.4167 -0.0943
vn -0.9947 -0.0000 -0.1026
vn -0.5924 0.8055 -0.0158
vn -0.9997 -0.0000 -0.0238
vn -0.9093 0.4155 -0.0235
vn -0.8247 -0.0000 0.5655
vn -0.9093 -0.4155 -0.0235
vn -0.7394 -0.3383 0.5821
vn -0.9041 -0.4167 -0.0943
vn -0.5924 -0.8055 -0.0158
vn -0.6952 0.0001 0.7188
vn -0.8891 -0.4170 -0.1888
vn -0.5774 -0.8066 -0.1265
vn -0.5913 -0.8040 -0.0631
vn -0.4562 -0.6292 0.6293
vn -0.9997 -0.0000 -0.0236
vn -0.8247 -0.0000 0.5656
vn -0.9947 -0.0000 -0.1028
vn -0.9787 -0.0000 -0.2052
vn -0.9093 0.4155 -0.0236
vn -0.6952 -0.0000 0.7188
vn -0.6143 -0.4646 0.6378
vn -0.6955 -0.4584 0.5533
vn -0.7636 -0.4487 0.4644
vn -0.8533 -0.0001 0.5215
vn -0.8157 -0.4392 0.3765
vn -0.5115 -0.8262 0.2361
vn -0.4725 -0.8345 0.2834
vn -0.8563 -0.4321 0.2828
vn -0.9495 -0.0001 0.3139
vn -0.5437 -0.8195 0.1812
vn -0.8844 -0.4264 0.1895
vn -0.9787 -0.0001 0.2052
vn -0.5599 -0.8201 0.1183
vn -0.8997 -0.4262 0.0947
vn -0.9947 -0.0002 0.1026
vn -0.9042 -0.4246 0.0472
vn -0.9985 -0.0000 0.0550
vn -0.5734 -0.8168 0.0628
vn -0.5832 -0.8117 0.0315
vn -0.8592 0.4257 -0.2838
vn -0.5254 0.8154 -0.2431
vn -0.8185 0.4329 -0.3778
vn -0.4855 0.8221 -0.2975
vn -0.9494 -0.0000 -0.3140
vn -0.7662 0.4423 -0.4661
vn -0.8592 -0.4257 -0.2838
vn -0.9082 -0.0000 -0.4186
vn -0.8185 -0.4329 -0.3778
vn -0.5582 -0.8097 -0.1808
vn -0.6143 0.4645 0.6379
vn -0.9495 0.0001 0.3139
vn -0.8844 0.4264 0.1895
vn -0.9787 0.0001 0.2052
vn -0.9947 0.0002 0.1026
vn -0.9042 0.4246 0.0472
vn -0.5254 -0.8154 -0.2431
vn -0.4855 -0.8221 -0.2975
vn -0.7662 -0.4423 -0.4661
vn -0.8533 -0.0000 -0.5214
vn -0.6991 -0.4476 -0.5577
vn -0.7816 -0.0000 -0.6238
vn -0.6991 0.4476 -0.5576
vn -0.6165 -0.4583 -0.6402
vn -0.6165 0.4584 -0.6402
vn -0.5832 0.8117 0.0315
vn -0.7662 -0.4424 -0.4661
vn -0.4855 -0.8220 -0.2975
vn -0.9081 -0.0000 -0.4188
vn -0.8532 -0.0000 -0.5216
vn -0.6990 0.4475 -0.5577
vn -0.7662 0.4424 -0.4661
vn -0.9492 -0.0000 -0.3145
vn -0.8184 0.4329 -0.3778
vn -0.4855 0.8220 -0.2975
vn -0.8845 -0.4264 0.1895
vn -0.9079 -0.4184 0.0237
vn -0.5735 -0.8168 0.0628
vn -0.5835 -0.8120 0.0158
vn 0.4561 -0.6292 0.6293
vn -0.0000 -0.7564 0.6542
vn 0.5923 -0.8056 -0.0158
vn -0.0867 -0.8591 -0.5044
vn -0.0394 -0.8583 -0.5117
vn -0.0000 -1.0000 -0.0079
vn -0.1652 -0.8572 -0.4878
vn -0.1415 -0.4955 -0.8570
vn 0.0396 -0.8705 0.4906
vn 0.0790 -0.8684 0.4895
vn -0.2759 -0.4888 -0.8276
vn -0.4016 -0.4805 -0.7796
vn -0.5180 -0.4709 -0.7141
vn -0.2443 -0.8510 -0.4649
vn -0.3155 -0.8440 -0.4338
vn -0.6164 -0.4585 -0.6401
vn -0.0079 -0.9999 -0.0079
vn -0.3790 -0.8370 -0.3948
vn -0.6990 -0.4478 -0.5576
vn 0.2370 -0.8609 0.4502
vn 0.3063 -0.8561 0.4163
vn 0.1576 -0.8669 0.4729
vn 0.5189 -0.4796 0.7076
vn 0.3695 -0.8491 0.3774
vn 0.4026 -0.4894 0.7735
vn 0.6164 -0.4585 -0.6402
vn 0.3155 -0.8440 -0.4338
vn 0.5179 -0.4709 -0.7141
vn 0.4082 -0.4789 -0.7772
vn -0.1415 -0.4954 -0.8571
vn -0.0708 -0.4958 -0.8655
vn -0.0394 -0.8582 -0.5118
vn 0.0789 -0.8685 0.4894
vn 0.2766 -0.4979 0.8219
vn 0.1419 -0.5048 0.8515
vn 0.4026 -0.4895 0.7735
vn 0.2369 -0.8609 0.4502
vn -0.0079 -0.9999 -0.0078
vn 0.6142 -0.4648 0.6378
vn 0.6955 -0.4584 0.5533
vn 0.4241 -0.8403 0.3377
vn 0.7635 -0.4488 0.4644
vn 0.4724 -0.8346 0.2834
vn 0.5115 -0.8262 0.2361
vn 0.5401 -0.8221 0.1801
vn -0.0157 -0.9999 -0.0000
vn 0.5598 -0.8202 0.1183
vn 0.5733 -0.8169 0.0629
vn 0.5833 -0.8121 0.0158
vn -0.5773 -0.8067 -0.1265
vn -0.0078 -1.0000 -0.0000
vn -0.5911 -0.8041 -0.0630
vn -0.0000 -0.7564 0.6541
vn -0.5922 -0.8056 -0.0158
vn 0.0394 -0.8583 -0.5117
vn 0.0867 -0.8591 -0.5044
vn -0.0396 -0.8705 0.4906
vn 0.1652 -0.8572 -0.4878
vn 0.1416 -0.4954 -0.8570
vn -0.0789 -0.8684 0.4895
vn 0.2759 -0.4888 -0.8276
vn 0.2442 -0.8510 -0.4649
vn -0.1576 -0.8669 0.4728
vn -0.2370 -0.8609 0.4502
vn -0.2766 -0.4980 0.8219
vn -0.1419 -0.5047 0.8515
vn -0.0710 -0.5052 0.8601
vn -0.4026 -0.4894 0.7736
vn -0.5131 -0.4816 0.7105
vn -0.3063 -0.8561 0.4163
vn -0.3695 -0.8491 0.3774
vn -0.6142 -0.4647 0.6378
vn 0.0079 -0.9999 -0.0079
vn 0.0078 -0.9999 -0.0079
vn -0.6955 -0.4585 0.5532
vn -0.4241 -0.8403 0.3377
vn 0.3790 -0.8370 -0.3948
vn -0.4724 -0.8346 0.2834
vn -0.7635 -0.4488 0.4644
vn 0.0079 -0.9999 -0.0078
vn 0.0157 -0.9998 -0.0079
vn -0.5114 -0.8263 0.2360
vn 0.0158 -0.9999 -0.0000
vn -0.5598 -0.8201 0.1183
vn -0.5832 -0.8118 0.0315
vn -0.5733 -0.8169 0.0628
vn 0.0157 -0.9999 -0.0000
vn 0.5912 -0.8041 -0.0631
vn -0.5581 -0.8098 -0.1808
vn -0.5253 -0.8155 -0.2430
vn -0.4854 -0.8221 -0.2975
vn -0.4322 -0.8329 -0.3457
vn -0.6990 -0.4477 -0.5576
vn 0.5971 -0.8016 -0.0314
vn 0.5773 -0.8067 -0.1265
vn 0.5581 -0.8098 -0.1808
vn 0.5252 -0.8155 -0.2431
vn 0.4854 -0.8221 -0.2975
vn 0.4350 -0.8305 -0.3480
vn 0.7662 -0.4424 -0.4660
vn 0.6990 -0.4478 -0.5576
vn 0.6164 -0.4586 -0.6402
vn 0.5179 -0.4710 -0.7141
vn 0.1419 -0.5047 0.8516
vn 0.6955 -0.4585 0.5533
vn 0.7635 -0.4487 0.4644
vn 0.5114 -0.8263 0.2361
vn -0.0158 -0.9999 -0.0000
vn 0.5734 -0.8169 0.0629
vn -0.5582 -0.8098 -0.1808
vn -0.5252 -0.8155 -0.2430
vn 0.2443 -0.8510 -0.4649
vn 0.2759 -0.4889 -0.8276
vn 0.0708 -0.4958 -0.8655
vn 0.1415 -0.4954 -0.8571
vn 0.0866 -0.8591 -0.5044
vn 0.0394 -0.8582 -0.5118
vn -0.0790 -0.8685 0.4894
vn -0.1576 -0.8669 0.4729
vn 0.7662 -0.4425 -0.4660
vn -0.4026 -0.4895 0.7735
vn -0.1419 -0.5048 0.8515
vn 0.0157 -0.9998 -0.0078
vn 0.5253 -0.8155 -0.2431
vn -0.5733 -0.8170 0.0628
vn 0.5911 -0.8041 -0.0631
vn 0.0078 -1.0000 -0.0000
vn -0.5834 -0.8120 0.0158
vn -0.1415 -0.4953 -0.8571
vn -0.0785 -0.0000 -0.9969
vn -0.0708 -0.4957 -0.8656
vn -0.1657 -0.0000 -0.9862
vn -0.2759 -0.4886 -0.8277
vn -0.1415 0.4953 -0.8571
vn -0.0708 0.4957 -0.8656
vn -0.3233 -0.0000 -0.9463
vn -0.4017 -0.4804 -0.7797
vn -0.2759 0.4886 -0.8277
vn -0.0867 0.8591 -0.5044
vn -0.4017 0.4804 -0.7797
vn -0.4628 -0.0000 -0.8865
vn -0.5180 0.4707 -0.7142
vn -0.5180 -0.4707 -0.7142
vn -0.5887 -0.0000 -0.8084
vn -0.6951 -0.0000 -0.7189
vn 0.1657 -0.0000 -0.9862
vn 0.0785 -0.0000 -0.9969
vn 0.1415 0.4954 -0.8571
vn 0.0708 0.4956 -0.8656
vn 0.2759 0.4887 -0.8277
vn 0.3233 -0.0000 -0.9463
vn 0.4082 0.4788 -0.7773
vn 0.4628 -0.0000 -0.8865
vn 0.5180 0.4707 -0.7142
vn 0.5886 -0.0000 -0.8084
vn 0.6165 0.4583 -0.6402
vn 0.6951 -0.0000 -0.7189
vn 0.5180 -0.4707 -0.7142
vn 0.6165 -0.4583 -0.6402
vn 0.4082 -0.4788 -0.7773
vn -0.0708 -0.4956 -0.8656
vn -0.0867 -0.8591 -0.5045
vn 0.1415 0.4953 -0.8571
vn 0.0708 0.4957 -0.8656
vn 0.0867 0.8591 -0.5044
vn 0.1415 -0.4953 -0.8571
vn 0.0708 -0.4957 -0.8656
vn 0.0867 -0.8590 -0.5045
vn 0.2759 -0.4887 -0.8277
vn -0.5886 -0.0000 -0.8084
vn -0.0708 0.4956 -0.8656
vn 0.6165 -0.4584 -0.6402
vn 0.4082 0.4789 -0.7772
vn 0.6165 0.4584 -0.6402
vn 0.0708 -0.4956 -0.8656
vn 0.5924 -0.8055 -0.0158
vn 0.9093 -0.4155 -0.0235
vn 0.5913 -0.8040 -0.0631
vn 0.7394 -0.3382 0.5821
vn 0.9041 -0.4167 -0.0943
vn 0.9997 -0.0000 -0.0238
vn 0.8247 -0.0000 0.5655
vn 0.8891 -0.4170 -0.1888
vn 0.9947 -0.0000 -0.1027
vn 0.9093 0.4155 -0.0236
vn 0.9041 0.4167 -0.0943
vn 0.7394 0.3382 0.5822
vn 0.5924 0.8055 -0.0158
vn 0.4562 0.6292 0.6293
vn 0.5913 0.8040 -0.0630
vn 0.8891 0.4170 -0.1888
vn 0.9787 -0.0000 -0.2052
vn 0.8592 -0.4257 -0.2838
vn 0.5582 -0.8097 -0.1808
vn 0.8185 -0.4329 -0.3778
vn 0.9494 -0.0000 -0.3140
vn 0.8592 0.4257 -0.2838
vn 0.9083 -0.0000 -0.4184
vn 0.7663 -0.4423 -0.4661
vn 0.8532 -0.0000 -0.5215
vn 0.8185 0.4329 -0.3778
vn 0.7663 0.4423 -0.4661
vn 0.6990 0.4477 -0.5576
vn 0.5583 0.8097 -0.1808
vn 0.5774 0.8066 -0.1265
vn 0.5254 0.8154 -0.2431
vn 0.4855 0.8220 -0.2975
vn 0.9495 -0.0000 0.3139
vn 0.9082 0.0001 0.4186
vn 0.8563 0.4321 0.2828
vn 0.8157 0.4392 0.3765
vn 0.8844 0.4265 0.1895
vn 0.5403 0.8220 0.1801
vn 0.5115 0.8262 0.2361
vn 0.9787 0.0002 0.2052
vn 0.8997 0.4262 0.0947
vn 0.9947 0.0002 0.1026
vn 0.5599 0.8201 0.1183
vn 0.9079 0.4185 0.0237
vn 0.9997 0.0001 0.0236
vn 0.5734 0.8169 0.0628
vn 0.8247 -0.0000 0.5656
vn 0.5835 0.8120 0.0158
vn 0.6952 -0.0000 -0.7188
vn 0.6143 -0.4645 0.6379
vn 0.6952 -0.0001 0.7188
vn 0.7816 -0.0001 0.6237
vn 0.6955 -0.4583 0.5533
vn 0.7636 -0.4487 0.4644
vn 0.8533 -0.0000 0.5214
vn 0.8157 -0.4392 0.3765
vn 0.9082 -0.0000 0.4186
vn 0.4725 -0.8345 0.2834
vn 0.8563 -0.4321 0.2828
vn 0.9495 -0.0002 0.3139
vn 0.8844 -0.4265 0.1895
vn 0.9787 -0.0000 0.2052
vn 0.5599 -0.8201 0.1183
vn 0.8997 -0.4262 0.0947
vn 0.9947 -0.0000 0.1026
vn 0.5403 -0.8220 0.1801
vn 0.9079 -0.4185 0.0237
vn 0.9997 -0.0000 0.0236
vn 0.8247 0.0001 0.5655
vn 0.7394 -0.3383 0.5821
vn 0.5735 -0.8168 0.0628
vn 0.5835 -0.8120 0.0158
vn 0.8247 -0.0001 0.5656
vn 0.9495 0.0001 0.3139
vn 0.7662 0.4424 -0.4661
vn 0.5913 0.8040 -0.0631
vn 0.9947 -0.0000 -0.1026
vn 0.5254 -0.8154 -0.2431
vn 0.7662 -0.4424 -0.4661
vn 0.9081 -0.0000 -0.4187
vn 0.8532 -0.0000 -0.5216
vn 0.7816 0.0001 0.6237
vn 0.6952 -0.0000 0.7189
vn 0.6143 0.4646 0.6378
vn 0.6956 0.4583 0.5533
vn 0.7636 0.4487 0.4644
vn 0.4725 0.8345 0.2834
vn 0.9115 -0.4086 -0.0473
vn 0.5973 -0.8014 -0.0314
vn 0.9985 -0.0000 -0.0550
vn 0.5774 -0.8066 -0.1265
vn 0.9115 0.4086 -0.0473
vn 0.5972 0.8015 -0.0314
vn 0.4855 -0.8220 -0.2975
vn 0.6990 -0.4475 -0.5577
vn 0.7816 -0.0000 -0.6238
vn 0.6990 0.4476 -0.5577
vn 0.6142 -0.4646 0.6379
vn 0.8533 -0.0001 0.5215
vn 0.4725 -0.8345 0.2835
vn 0.9082 -0.0001 0.4186
vn 0.5116 -0.8262 0.2361
vn 0.5402 -0.8220 0.1801
vn 0.9787 -0.0002 0.2052
vn 0.9947 -0.0002 0.1026
vn 0.5735 -0.8168 0.0629
vn 0.9997 -0.0002 0.0236
vn 0.4725 0.8345 0.2835
vn 0.6955 0.4584 0.5533
vn 0.8533 0.0001 0.5215
vn 0.6952 0.0001 0.7188
vn 0.6990 -0.4477 -0.5576
vn 0.7817 -0.0000 -0.6237
vn 0.5773 0.8067 -0.1265
vn 0.0157 0.9999 -0.0000
vn 0.5911 0.8041 -0.0631
vn 0.5581 0.8098 -0.1808
vn 0.5252 0.8155 -0.2431
vn 0.5923 0.8056 -0.0158
vn 0.0158 0.9999 -0.0000
vn 0.0079 1.0000 -0.0000
vn 0.4561 0.6292 0.6294
vn -0.5733 0.8169 0.0628
vn -0.5598 0.8202 0.1183
vn -0.0000 0.7564 0.6542
vn -0.5834 0.8120 0.0158
vn -0.4562 0.6292 0.6293
vn 0.0157 0.9998 -0.0078
vn -0.5114 0.8263 0.2361
vn 0.4854 0.8221 -0.2975
vn 0.0079 0.9999 -0.0079
vn 0.4350 0.8305 -0.3480
vn 0.6990 0.4478 -0.5576
vn 0.3790 0.8370 -0.3948
vn 0.0078 0.9999 -0.0079
vn -0.4241 0.8403 0.3377
vn -0.3695 0.8491 0.3774
vn -0.4724 0.8346 0.2834
vn -0.6955 0.4585 0.5533
vn -0.7635 0.4488 0.4644
vn -0.6142 0.4647 0.6378
vn -0.0394 0.8582 -0.5118
vn -0.0708 0.4958 -0.8655
vn -0.0000 1.0000 -0.0079
vn -0.1652 0.8572 -0.4878
vn -0.1416 0.4954 -0.8570
vn -0.2759 0.4888 -0.8276
vn 0.0396 0.8705 0.4906
vn -0.4016 0.4804 -0.7797
vn -0.2443 0.8510 -0.4649
vn -0.5179 0.4710 -0.7141
vn -0.3155 0.8440 -0.4338
vn -0.6164 0.4585 -0.6402
vn 0.5401 0.8221 0.1800
vn 0.5115 0.8262 0.2360
vn -0.0158 0.9999 -0.0000
vn 0.5598 0.8202 0.1183
vn 0.5833 0.8121 0.0157
vn -0.0157 0.9999 -0.0000
vn -0.0079 1.0000 -0.0000
vn -0.5911 0.8041 -0.0631
vn -0.5773 0.8067 -0.1265
vn -0.5581 0.8098 -0.1808
vn -0.5922 0.8056 -0.0158
vn 0.1415 0.4955 -0.8570
vn 0.0708 0.4958 -0.8655
vn 0.0394 0.8582 -0.5118
vn 0.2759 0.4889 -0.8276
vn 0.1652 0.8572 -0.4878
vn -0.0396 0.8705 0.4906
vn -0.0789 0.8684 0.4895
vn -0.0710 0.5052 0.8601
vn -0.1419 0.5047 0.8515
vn -0.2766 0.4979 0.8219
vn -0.1576 0.8669 0.4729
vn -0.4026 0.4894 0.7735
vn -0.2370 0.8609 0.4502
vn -0.5131 0.4816 0.7105
vn 0.0079 0.9999 -0.0078
vn -0.3063 0.8561 0.4163
vn 0.2443 0.8510 -0.4649
vn 0.3155 0.8440 -0.4338
vn 0.4082 0.4790 -0.7772
vn 0.5179 0.4710 -0.7141
vn 0.6164 0.4584 -0.6402
vn -0.0000 0.7564 0.6541
vn -0.0000 1.0000 -0.0078
vn 0.5733 0.8170 0.0628
vn 0.5598 0.8201 0.1183
vn 0.5402 0.8221 0.1800
vn -0.5253 0.8155 -0.2431
vn -0.0079 0.9999 -0.0079
vn 0.5114 0.8263 0.2361
vn -0.4854 0.8221 -0.2975
vn -0.0079 0.9999 -0.0078
vn 0.0080 0.9999 -0.0079
vn -0.6142 0.4647 0.6379
vn -0.6955 0.4585 0.5532
vn 0.5253 0.8155 -0.2430
vn 0.0157 0.9998 -0.0079
vn -0.5436 0.8196 0.1812
vn -0.5598 0.8201 0.1183
vn -0.5734 0.8169 0.0629
vn 0.5912 0.8041 -0.0630
vn 0.5772 0.8067 -0.1265
vn -0.3790 0.8370 -0.3948
vn -0.6990 0.4478 -0.5576
vn -0.0865 0.8591 -0.5044
vn -0.1415 0.4955 -0.8570
vn 0.0790 0.8684 0.4895
vn 0.0710 0.5051 0.8601
vn 0.2766 0.4979 0.8219
vn 0.1419 0.5047 0.8515
vn 0.1576 0.8669 0.4729
vn 0.4026 0.4895 0.7735
vn 0.2370 0.8609 0.4502
vn 0.5189 0.4796 0.7076
vn 0.3063 0.8561 0.4163
vn 0.3695 0.8491 0.3774
vn 0.6142 0.4647 0.6378
vn -0.0078 0.9999 -0.0079
vn 0.6955 0.4585 0.5532
vn 0.4241 0.8403 0.3377
vn -0.4322 0.8329 -0.3457
vn 0.4724 0.8346 0.2834
vn 0.7635 0.4488 0.4644
vn 0.5971 0.8015 -0.0314
vn -0.5830 0.8118 0.0315
vn 0.6164 0.4585 -0.6401
vn 0.5180 0.4709 -0.7141
vn 0.2442 0.8510 -0.4649
vn 0.1652 0.8572 -0.4877
vn -0.0396 0.8705 0.4905
vn -0.0710 0.5051 0.8601
vn -0.2766 0.4980 0.8219
vn -0.1419 0.5047 0.8516
vn -0.4025 0.4894 0.7736
vn -0.6990 0.4477 -0.5576
vn -0.5252 0.8155 -0.2431
vn -0.7662 0.4424 -0.4660
vn 0.7635 0.4487 0.4644
vn 0.6955 0.4584 0.5532
vn 0.2766 0.4980 0.8219
vn -0.4562 -0.6293 0.6292
vn 0.4562 0.6293 0.6292
vn -0.0001 -0.7565 0.6540
vn 0.4562 -0.6292 0.6292
vn 0.7394 0.3383 0.5821
vn -0.0000 0.7565 0.6540
vn -0.4562 0.6292 0.6292
vn -0.7394 0.3382 0.5821
vn -0.4563 -0.6293 0.6292
vn -0.1657 0.0001 0.9862
vn -0.0710 0.5051 0.8602
vn -0.0785 0.0002 0.9969
vn -0.1419 0.5046 0.8516
vn -0.3233 0.0001 0.9463
vn -0.4628 0.0001 0.8865
vn -0.4026 0.4893 0.7736
vn -0.5886 -0.0000 0.8084
vn -0.5132 0.4815 0.7105
vn -0.6951 0.0001 0.7189
vn -0.6142 0.4646 0.6379
vn 0.0789 -0.8684 0.4895
vn 0.0396 -0.8704 0.4908
vn 0.0712 -0.5052 0.8601
vn 0.0785 -0.0001 0.9969
vn 0.1657 -0.0001 0.9862
vn 0.1419 -0.5046 0.8516
vn 0.3233 -0.0002 0.9463
vn 0.2766 -0.4978 0.8220
vn 0.4628 -0.0000 0.8864
vn 0.4026 -0.4893 0.7736
vn 0.5886 -0.0002 0.8084
vn 0.5189 -0.4795 0.7077
vn 0.6951 -0.0000 0.7189
vn 0.4562 -0.6293 0.6292
vn -0.7395 0.3382 0.5821
vn 0.4563 0.6293 0.6292
vn -0.0710 -0.5051 0.8601
vn -0.0396 -0.8704 0.4908
vn -0.0789 -0.8684 0.4896
vn -0.0710 -0.5050 0.8602
vn -0.1419 -0.5045 0.8516
vn -0.1657 -0.0001 0.9862
vn -0.0785 -0.0001 0.9969
vn -0.3233 -0.0000 0.9463
vn -0.2766 -0.4979 0.8219
vn -0.4628 -0.0001 0.8865
vn -0.4026 -0.4893 0.7736
vn -0.5886 -0.0002 0.8084
vn -0.5131 -0.4815 0.7105
vn -0.6951 -0.0001 0.7189
vn -0.6142 -0.4646 0.6379
vn -0.5886 0.0002 0.8084
vn -0.5131 0.4815 0.7105
vn 0.1657 0.0001 0.9862
vn 0.0785 0.0002 0.9969
vn 0.0710 0.5050 0.8602
vn 0.1419 0.5046 0.8516
vn 0.0789 0.8684 0.4895
vn 0.3233 0.0002 0.9463
vn 0.2766 0.4979 0.8220
vn 0.4628 -0.0000 0.8865
vn 0.4026 0.4893 0.7736
vn 0.5886 0.0002 0.8084
vn 0.5189 0.4795 0.7077
vn 0.6951 0.0001 0.7189
vn 0.6142 0.4646 0.6379
vn -0.1419 0.5045 0.8516
vn -0.0710 0.5049 0.8602
vn -0.2766 0.4978 0.8220
vn 0.0395 -0.8704 0.4908
vn 0.0709 -0.5046 0.8604
vn 0.3233 -0.0000 0.9463
vn 0.2766 -0.4979 0.8220
vn 0.4628 -0.0001 0.8864
vn 0.5886 -0.0000 0.8084
vn 0.4628 0.0001 0.8865
vn -0.0790 -0.8684 0.4896
vn -0.5132 -0.4815 0.7105
vn -0.4628 -0.0000 0.8864
vn -0.3233 -0.0001 0.9463
vn -0.1419 -0.5046 0.8516
vn -0.7468 -0.5581 -0.3616
vn -0.6905 -0.5491 -0.4708
vn -0.8247 -0.0001 -0.5655
vn -0.8976 -0.0001 -0.4409
vn -0.7855 -0.5655 -0.2514
vn -0.9541 -0.0000 -0.2996
vn -0.8131 -0.5683 -0.1263
vn -0.9886 -0.0000 -0.1503
vn -0.8244 -0.5651 -0.0314
vn -0.9992 -0.0000 -0.0393
vn -0.6992 -0.0000 -0.7149
vn -0.5902 -0.4014 -0.7004
vn -0.8244 0.5652 -0.0314
vn -0.5902 0.4013 -0.7005
vn -0.6991 -0.0000 -0.7150
vn -0.8131 0.5683 -0.1263
vn -0.7855 0.5655 -0.2513
vn -0.8976 0.0001 -0.4409
vn -0.7468 0.5581 -0.3616
vn -0.8247 0.0001 -0.5655
vn -0.6905 0.5491 -0.4708
vn -0.7417 0.0001 -0.6707
vn -0.6210 0.5423 -0.5659
vn -0.8281 -0.5598 0.0315
vn -0.9992 -0.0000 0.0392
vn -0.8194 -0.5593 0.1260
vn -0.9886 -0.0000 0.1504
vn -0.7954 -0.5512 0.2520
vn -0.8280 0.5598 0.0315
vn -0.8194 0.5593 0.1260
vn -0.7954 0.5512 0.2520
vn -0.9540 -0.0000 0.2998
vn -0.7479 -0.5511 0.3700
vn -0.8976 -0.0000 0.4409
vn -0.6934 -0.5437 0.4728
vn -0.7479 0.5511 0.3700
vn -0.8248 -0.0000 0.5655
vn -0.6284 -0.5341 0.5656
vn -0.7417 -0.0000 0.6707
vn -0.6935 0.5436 0.4728
vn -0.6284 0.5341 0.5655
vn -0.6210 -0.5423 -0.5659
vn -0.7417 -0.0001 -0.6707
vn -0.3689 -0.8949 -0.2512
vn -0.6904 -0.5493 -0.4708
vn -0.7468 -0.5582 -0.3616
vn -0.7855 -0.5656 -0.2513
vn -0.4178 -0.8986 -0.1340
vn -0.8130 -0.5684 -0.1263
vn -0.3938 -0.8978 -0.1969
vn -0.4242 -0.9034 -0.0628
vn -0.8243 -0.5653 -0.0314
vn -0.5902 -0.4013 -0.7005
vn -0.3298 -0.6675 -0.6676
vn 0.0079 -0.9999 0.0077
vn 0.0079 -1.0000 -0.0000
vn 0.0079 -0.9999 0.0079
vn 0.3470 -0.8832 0.3154
vn -0.4345 -0.9005 -0.0158
vn -0.0000 -0.7565 -0.6540
vn 0.3298 -0.6675 -0.6676
vn 0.5935 -0.4035 -0.6964
vn 0.4409 -0.8974 0.0157
vn 0.8279 -0.5600 0.0315
vn 0.4398 -0.8953 0.0707
vn 0.8193 -0.5594 0.1260
vn 0.7953 -0.5513 0.2520
vn 0.4337 -0.8910 0.1341
vn 0.4092 -0.8892 0.2046
vn 0.7479 -0.5512 0.3700
vn -0.4409 -0.8974 0.0157
vn -0.8280 -0.5599 0.0315
vn -0.4398 -0.8953 0.0707
vn -0.5901 -0.4014 -0.7005
vn -0.8192 -0.5594 0.1261
vn -0.7953 -0.5514 0.2520
vn -0.4092 -0.8892 0.2046
vn -0.7479 -0.5512 0.3700
vn 0.4647 -0.5200 0.7167
vn 0.3779 -0.5119 0.7715
vn 0.2212 -0.8691 0.4425
vn 0.2828 -0.5028 0.8168
vn 0.2673 -0.8726 0.4088
vn 0.5515 -0.5278 0.6460
vn 0.6284 -0.5342 0.5655
vn 0.3078 -0.8761 0.3710
vn 0.0078 -0.9999 0.0079
vn -0.2982 -0.8868 -0.3531
vn 0.3843 -0.8862 0.2588
vn 0.6934 -0.5437 0.4728
vn -0.4647 -0.5199 0.7168
vn -0.2212 -0.8691 0.4425
vn -0.3779 -0.5118 0.7715
vn -0.2828 -0.5027 0.8169
vn 0.0553 -0.8611 0.5055
vn 0.0943 -0.4948 0.8639
vn 0.0473 -0.4965 0.8667
vn 0.0316 -0.8619 0.5061
vn -0.0000 -1.0000 0.0080
vn -0.0000 -1.0000 0.0079
vn 0.1898 -0.4982 0.8460
vn -0.0314 -0.8726 -0.4874
vn 0.1098 -0.8625 0.4940
vn -0.0550 -0.8717 -0.4869
vn -0.0471 -0.5024 -0.8633
vn -0.1883 -0.5099 -0.8394
vn -0.0945 -0.5041 -0.8585
vn -0.1103 -0.8743 -0.4726
vn -0.2834 -0.5118 -0.8110
vn -0.1577 -0.8752 -0.4573
vn -0.3764 -0.5176 -0.7684
vn 0.0001 -1.0000 0.0079
vn -0.2115 -0.8773 -0.4308
vn -0.2598 -0.8818 -0.3936
vn -0.4628 -0.5257 -0.7138
vn 0.1651 -0.8658 0.4723
vn -0.5436 -0.5358 -0.6461
vn -0.6209 -0.5424 -0.5659
vn -0.3385 -0.8895 -0.3070
vn -0.1652 -0.8659 0.4723
vn -0.1898 -0.4982 0.8460
vn -0.0473 -0.4965 0.8667
vn -0.0942 -0.4949 0.8639
vn -0.0553 -0.8610 0.5055
vn -0.0316 -0.8619 0.5061
vn -0.1098 -0.8625 0.4940
vn 0.0236 -0.8728 -0.4875
vn 0.0550 -0.8717 -0.4869
vn -0.0001 -1.0000 0.0079
vn 0.1103 -0.8743 -0.4726
vn 0.1577 -0.8752 -0.4573
vn -0.0079 -0.9999 0.0079
vn 0.1883 -0.5100 -0.8393
vn -0.2673 -0.8726 0.4088
vn 0.2115 -0.8772 -0.4310
vn -0.5486 -0.5253 0.6505
vn 0.3764 -0.5176 -0.7684
vn -0.3078 -0.8761 0.3710
vn -0.6284 -0.5342 0.5655
vn -0.3470 -0.8832 0.3155
vn -0.0076 -0.9999 0.0079
vn 0.2982 -0.8868 -0.3531
vn 0.2598 -0.8818 -0.3937
vn 0.3385 -0.8895 -0.3070
vn 0.5436 -0.5359 -0.6460
vn 0.4628 -0.5257 -0.7138
vn 0.6209 -0.5424 -0.5659
vn 0.2835 -0.5118 -0.8110
vn 0.0945 -0.5041 -0.8585
vn 0.3690 -0.8949 -0.2512
vn 0.6904 -0.5493 -0.4707
vn 0.7468 -0.5582 -0.3616
vn -0.0079 -0.9999 0.0078
vn 0.3938 -0.8978 -0.1969
vn 0.4178 -0.8986 -0.1340
vn 0.7854 -0.5657 -0.2513
vn -0.0079 -1.0000 -0.0000
vn -0.3843 -0.8862 0.2588
vn 0.8130 -0.5684 -0.1263
vn 0.4273 -0.9019 -0.0633
vn 0.8243 -0.5653 -0.0314
vn -0.4337 -0.8910 0.1341
vn 0.4345 -0.9005 -0.0158
vn -0.3299 -0.6676 -0.6675
vn -0.5902 -0.4015 -0.7003
vn -0.6993 -0.0000 -0.7148
vn 0.3298 -0.6676 -0.6675
vn -0.3298 0.6676 -0.6675
vn -0.5903 0.4014 -0.7003
vn -0.0000 0.7565 -0.6540
vn 0.3299 0.6676 -0.6675
vn -0.7417 -0.0000 -0.6707
vn -0.6456 0.0002 -0.7637
vn 0.5935 0.4036 -0.6963
vn 0.6993 -0.0000 -0.7148
vn 0.5936 -0.4036 -0.6963
vn -0.5902 0.4014 -0.7003
vn 0.5936 0.4036 -0.6963
vn 0.6456 -0.0000 -0.7637
vn 0.7417 0.0001 -0.6707
vn 0.6210 0.5423 -0.5660
vn 0.5437 0.5357 -0.6461
vn 0.4628 0.5255 -0.7139
vn -0.2835 0.5118 -0.8110
vn -0.3764 0.5174 -0.7685
vn -0.4409 0.0002 -0.8976
vn -0.3304 -0.0000 -0.9438
vn -0.1883 0.5098 -0.8394
vn -0.2203 0.0001 -0.9754
vn -0.0945 0.5040 -0.8585
vn -0.0550 0.8717 -0.4870
vn -0.0471 0.5023 -0.8634
vn -0.1104 -0.0000 -0.9939
vn -0.0550 0.0002 -0.9985
vn -0.5437 0.5357 -0.6461
vn -0.4628 0.5255 -0.7139
vn -0.5420 0.0001 -0.8404
vn 0.1104 -0.0000 -0.9939
vn 0.0471 0.5023 -0.8634
vn 0.0550 0.0002 -0.9985
vn 0.0945 0.5040 -0.8585
vn 0.0550 0.8717 -0.4870
vn 0.2202 0.0001 -0.9754
vn 0.1883 0.5098 -0.8394
vn 0.3303 -0.0000 -0.9439
vn 0.2835 0.5117 -0.8110
vn 0.4409 0.0002 -0.8976
vn 0.3764 0.5174 -0.7685
vn 0.5455 -0.0000 -0.8381
vn -0.0471 -0.5023 -0.8634
vn -0.0550 -0.0002 -0.9985
vn -0.0945 -0.5040 -0.8585
vn -0.0549 -0.8717 -0.4870
vn -0.2202 -0.0001 -0.9754
vn -0.1883 -0.5098 -0.8394
vn -0.3303 -0.0000 -0.9439
vn -0.2835 -0.5118 -0.8110
vn -0.4409 -0.0002 -0.8976
vn -0.3764 -0.5174 -0.7685
vn -0.5419 -0.0001 -0.8404
vn -0.4628 -0.5255 -0.7139
vn -0.6456 -0.0002 -0.7637
vn -0.5437 -0.5357 -0.6461
vn -0.6209 -0.5423 -0.5660
vn 0.0471 -0.5024 -0.8634
vn 0.0550 -0.8717 -0.4870
vn 0.4628 -0.5255 -0.7139
vn 0.5437 -0.5357 -0.6461
vn 0.3764 -0.5174 -0.7685
vn 0.4409 -0.0002 -0.8976
vn 0.6210 -0.5423 -0.5660
vn 0.7417 -0.0001 -0.6707
vn 0.2835 -0.5117 -0.8110
vn 0.3304 -0.0000 -0.9438
vn 0.1883 -0.5098 -0.8394
vn 0.2203 -0.0001 -0.9754
vn 0.0945 -0.5040 -0.8585
vn 0.0550 -0.0002 -0.9985
vn 0.8280 0.5598 0.0315
vn 0.9992 -0.0000 0.0390
vn 0.5934 0.4036 -0.6964
vn 0.8194 0.5593 0.1260
vn 0.6991 -0.0000 -0.7150
vn 0.5934 -0.4035 -0.6964
vn 0.8280 -0.5598 0.0315
vn 0.8193 -0.5593 0.1260
vn 0.9886 -0.0000 0.1504
vn 0.7954 0.5512 0.2520
vn 0.7954 -0.5512 0.2520
vn 0.9539 -0.0000 0.3001
vn 0.7479 -0.5511 0.3700
vn 0.8244 0.5651 -0.0314
vn 0.9992 0.0001 -0.0393
vn 0.9886 0.0001 -0.1503
vn 0.8131 0.5682 -0.1263
vn 0.9541 0.0001 -0.2996
vn 0.7855 0.5655 -0.2514
vn 0.8976 0.0001 -0.4409
vn 0.7468 0.5581 -0.3616
vn 0.8284 0.0001 -0.5602
vn 0.6905 0.5491 -0.4708
vn 0.6210 0.5423 -0.5659
vn 0.6284 0.5340 0.5656
vn 0.7417 -0.0000 0.6707
vn 0.6284 -0.5341 0.5655
vn 0.8976 -0.0000 0.4409
vn 0.6935 -0.5436 0.4728
vn 0.7479 0.5511 0.3700
vn 0.6935 0.5436 0.4728
vn 0.6210 -0.5423 -0.5659
vn 0.6905 -0.5491 -0.4708
vn 0.8284 -0.0001 -0.5602
vn 0.7468 -0.5581 -0.3616
vn 0.8976 -0.0001 -0.4409
vn 0.7855 -0.5655 -0.2514
vn 0.9541 -0.0001 -0.2996
vn 0.8131 -0.5682 -0.1263
vn 0.9886 -0.0001 -0.1503
vn 0.8244 -0.5651 -0.0314
vn 0.9992 -0.0001 -0.0393
vn 0.5934 -0.4036 -0.6964
vn -0.8243 0.5653 -0.0314
vn -0.4345 0.9005 -0.0158
vn -0.3299 0.6674 -0.6676
vn -0.4242 0.9034 -0.0628
vn -0.8130 0.5684 -0.1263
vn -0.7855 0.5656 -0.2513
vn -0.4178 0.8986 -0.1340
vn -0.7468 0.5582 -0.3616
vn 0.0078 1.0000 -0.0000
vn -0.6905 0.5493 -0.4707
vn -0.3690 0.8949 -0.2512
vn -0.6209 0.5424 -0.5659
vn 0.4409 0.8974 0.0157
vn 0.3298 0.6675 -0.6676
vn 0.4398 0.8953 0.0707
vn 0.4337 0.8910 0.1341
vn 0.8279 0.5599 0.0316
vn 0.7953 0.5513 0.2520
vn 0.8192 0.5594 0.1261
vn -0.8279 0.5599 0.0315
vn -0.4409 0.8974 0.0157
vn -0.3298 0.6675 -0.6676
vn -0.4398 0.8953 0.0707
vn -0.8193 0.5594 0.1260
vn -0.7953 0.5514 0.2520
vn -0.4092 0.8892 0.2046
vn -0.6934 0.5437 0.4728
vn -0.4337 0.8910 0.1341
vn -0.3843 0.8862 0.2588
vn 0.4273 0.9019 -0.0633
vn 0.4178 0.8986 -0.1340
vn 0.4345 0.9006 -0.0158
vn 0.8243 0.5653 -0.0314
vn 0.5935 0.4034 -0.6964
vn 0.8130 0.5684 -0.1263
vn 0.7854 0.5657 -0.2513
vn 0.7468 0.5582 -0.3616
vn 0.3938 0.8979 -0.1969
vn 0.3689 0.8949 -0.2512
vn 0.6904 0.5493 -0.4708
vn -0.0079 0.9999 0.0077
vn 0.6209 0.5425 -0.5659
vn -0.3470 0.8832 0.3155
vn -0.6284 0.5342 0.5655
vn -0.0077 0.9999 0.0079
vn -0.3078 0.8761 0.3710
vn -0.5486 0.5253 0.6505
vn -0.2673 0.8726 0.4089
vn -0.0079 0.9999 0.0079
vn 0.2982 0.8868 -0.3531
vn 0.2598 0.8818 -0.3937
vn 0.3385 0.8895 -0.3070
vn 0.5436 0.5358 -0.6461
vn 0.4628 0.5256 -0.7138
vn 0.0078 0.9999 0.0079
vn 0.0079 0.9999 0.0079
vn 0.2673 0.8726 0.4088
vn 0.3078 0.8761 0.3710
vn -0.1577 0.8752 -0.4573
vn -0.2115 0.8773 -0.4308
vn -0.3764 0.5176 -0.7684
vn -0.0000 1.0000 0.0079
vn 0.5514 0.5278 0.6460
vn 0.6284 0.5342 0.5655
vn 0.2212 0.8691 0.4425
vn 0.1651 0.8658 0.4723
vn 0.4647 0.5199 0.7168
vn 0.2828 0.5028 0.8168
vn 0.1098 0.8625 0.4940
vn 0.3779 0.5119 0.7715
vn 0.1898 0.4982 0.8460
vn 0.0553 0.8610 0.5056
vn 0.0942 0.4948 0.8639
vn 0.0473 0.4965 0.8667
vn 0.0316 0.8620 0.5060
vn -0.0314 0.8726 -0.4874
vn -0.0550 0.8717 -0.4869
vn -0.0471 0.5024 -0.8633
vn -0.1103 0.8743 -0.4726
vn -0.1883 0.5099 -0.8394
vn -0.0945 0.5041 -0.8585
vn 0.4092 0.8892 0.2046
vn 0.6934 0.5437 0.4728
vn 0.3843 0.8862 0.2588
vn 0.3470 0.8832 0.3154
vn 0.0079 0.9999 0.0077
vn -0.3938 0.8978 -0.1969
vn 0.0077 0.9999 0.0079
vn -0.3385 0.8895 -0.3070
vn -0.5436 0.5358 -0.6461
vn -0.2982 0.8868 -0.3531
vn -0.2598 0.8818 -0.3937
vn -0.4628 0.5257 -0.7138
vn -0.0553 0.8610 0.5056
vn -0.0943 0.4948 0.8638
vn -0.0473 0.4965 0.8667
vn -0.1898 0.4983 0.8460
vn -0.0316 0.8620 0.5060
vn -0.0000 1.0000 0.0080
vn -0.1098 0.8625 0.4940
vn 0.0236 0.8728 -0.4875
vn 0.0550 0.8717 -0.4869
vn 0.0471 0.5024 -0.8633
vn 0.0945 0.5041 -0.8585
vn 0.1883 0.5099 -0.8394
vn 0.1103 0.8743 -0.4726
vn 0.2834 0.5118 -0.8110
vn 0.1577 0.8752 -0.4573
vn 0.3764 0.5176 -0.7684
vn 0.2115 0.8773 -0.4308
vn -0.1651 0.8659 0.4723
vn -0.2212 0.8691 0.4425
vn -0.2828 0.5027 0.8169
vn -0.3779 0.5118 0.7715
vn -0.4647 0.5200 0.7167
vn -0.5487 0.5250 0.6506
vn -0.6284 0.5341 0.5656
vn 0.5515 0.5278 0.6460
vn 0.4647 0.5198 0.7168
vn 0.5457 -0.0000 0.8380
vn 0.3779 0.5117 0.7716
vn 0.4410 -0.0000 0.8975
vn 0.6456 -0.0000 0.7637
vn 0.3304 -0.0000 0.9438
vn 0.2828 0.5027 0.8169
vn 0.4647 -0.5198 0.7168
vn 0.6284 0.5341 0.5656
vn 0.6284 -0.5341 0.5656
vn 0.3779 -0.5117 0.7716
vn 0.2828 -0.5027 0.8169
vn 0.2203 -0.0000 0.9754
vn 0.1898 -0.4981 0.8461
vn 0.1104 -0.0000 0.9939
vn 0.1898 0.4981 0.8461
vn 0.0942 0.4947 0.8640
vn 0.0550 -0.0000 0.9985
vn 0.0473 0.4964 0.8668
vn 0.0316 0.8619 0.5061
vn -0.1104 -0.0000 0.9939
vn -0.0550 -0.0000 0.9985
vn -0.0943 0.4947 0.8640
vn -0.0473 0.4964 0.8668
vn -0.0316 0.8619 0.5061
vn -0.1898 0.4981 0.8461
vn -0.2203 -0.0000 0.9754
vn -0.2828 0.5026 0.8170
vn -0.3305 -0.0000 0.9438
vn -0.3779 0.5116 0.7716
vn -0.4410 -0.0000 0.8975
vn -0.4648 0.5198 0.7168
vn -0.5420 -0.0000 0.8404
vn -0.3779 -0.5116 0.7716
vn -0.4647 -0.5198 0.7168
vn -0.2828 -0.5026 0.8170
vn 0.0943 -0.4947 0.8640
vn 0.0473 -0.4964 0.8668
vn -0.1898 -0.4981 0.8461
vn -0.0942 -0.4947 0.8640
vn -0.0473 -0.4964 0.8668
vn -0.5487 -0.5250 0.6506
vn -0.6456 -0.0000 0.7637
vn -0.7892 -0.5527 0.2678
vn -0.7234 -0.5504 0.4168
vn -0.8017 -0.3772 0.4637
vn -0.6723 -0.7038 0.2294
vn -0.6161 -0.7029 0.3554
vn -0.8756 -0.3787 0.2997
vn -0.8503 -0.1968 0.4881
vn -0.7039 -0.7039 0.0949
vn -0.8270 -0.5513 0.1103
vn -0.9286 -0.1967 0.3148
vn -0.9175 -0.3797 0.1188
vn -0.8677 -0.0000 0.4971
vn -0.8332 -0.5503 -0.0550
vn -0.7103 -0.7023 -0.0473
vn -0.9725 -0.1960 0.1256
vn -0.9233 -0.3788 -0.0632
vn -0.6874 -0.7032 -0.1817
vn -0.8055 -0.5528 -0.2134
vn -0.9463 -0.0000 0.3233
vn -0.7389 -0.1965 0.6445
vn -0.7492 -0.0000 0.6623
vn -0.7389 0.1965 0.6445
vn -0.6962 -0.3797 0.6092
vn -0.6286 -0.5499 0.5500
vn -0.7952 -0.6063 -0.0079
vn -0.7342 0.6711 0.1026
vn -0.7952 0.6063 -0.0080
vn -0.7342 -0.6711 0.1026
vn -0.6616 -0.7167 0.2204
vn -0.6615 0.7168 0.2205
vn -0.8977 0.4017 -0.1811
vn -0.8522 0.5130 -0.1026
vn -0.8977 -0.4016 -0.1812
vn -0.8523 -0.5129 -0.1027
vn -0.9591 -0.0001 -0.2831
vn -0.9314 -0.2763 -0.2370
vn -0.9509 -0.1415 -0.2751
vn -0.9509 0.1415 -0.2752
vn -0.9314 0.2763 -0.2369
vn -0.5198 0.7169 0.4647
vn -0.5924 0.7268 0.3475
vn -0.5198 -0.7168 0.4647
vn -0.5924 -0.7268 0.3477
vn -0.4576 0.6706 0.5839
vn -0.4575 -0.6707 0.5838
vn -0.3932 -0.6055 0.6919
vn -0.3931 0.6055 0.6920
vn -0.2918 0.4023 0.8678
vn -0.3391 0.5128 0.7887
vn -0.3391 -0.5127 0.7888
vn -0.2918 -0.4024 0.8677
vn -0.2590 -0.2747 0.9260
vn -0.2363 -0.1419 0.9613
vn -0.2363 0.1419 0.9613
vn -0.2589 0.2748 0.9260
vn -0.2277 -0.0001 0.9737
vn -0.9783 -0.1973 -0.0631
vn -0.8941 -0.3798 -0.2374
vn -0.9910 -0.0000 0.1337
vn -0.9472 -0.1973 -0.2526
vn -0.9286 0.1967 0.3148
vn -0.9980 -0.0000 -0.0629
vn -0.9725 0.1960 0.1256
vn -0.9783 0.1973 -0.0631
vn -0.9658 -0.0000 -0.2592
vn -0.8503 0.1968 0.4881
vn -0.6962 0.3797 0.6092
vn -0.9472 0.1973 -0.2526
vn -0.8975 -0.0000 -0.4410
vn -0.8017 0.3773 0.4637
vn -0.8801 -0.1963 -0.4323
vn -0.6286 0.5499 0.5500
vn -0.8756 0.3787 0.2997
vn -0.7234 0.5504 0.4168
vn -0.7892 0.5525 0.2681
vn -0.8292 -0.3791 -0.4107
vn -0.7479 -0.5511 -0.3700
vn -0.6387 -0.7018 -0.3154
vn -0.6161 0.7029 0.3554
vn -0.6723 0.7038 0.2294
vn -0.7039 0.7039 0.0949
vn -0.6387 0.7018 -0.3154
vn -0.5669 0.7008 -0.4330
vn -0.6630 0.5525 -0.5051
vn -0.5500 0.5499 -0.6285
vn -0.6092 0.3797 -0.6962
vn -0.7321 0.3779 -0.5668
vn -0.6446 0.1965 -0.7388
vn -0.7479 0.5512 -0.3699
vn -0.6874 0.7032 -0.1817
vn -0.8055 0.5528 -0.2134
vn -0.8332 0.5502 -0.0550
vn -0.7102 0.7024 -0.0474
vn -0.8269 0.5514 0.1102
vn -0.9175 0.3797 0.1187
vn -0.9233 0.3788 -0.0632
vn -0.8941 0.3798 -0.2374
vn -0.8292 0.3791 -0.4107
vn -0.8801 0.1964 -0.4322
vn -0.7778 0.1964 -0.5971
vn -0.7952 -0.0000 -0.6063
vn -0.6625 -0.0000 -0.7491
vn -0.7778 -0.1963 -0.5971
vn -0.6446 -0.1965 -0.7388
vn -0.7321 -0.3779 -0.5668
vn -0.6092 -0.3797 -0.6962
vn -0.6630 -0.5525 -0.5051
vn -0.5500 -0.5500 -0.6285
vn -0.5669 -0.7007 -0.4331
vn 0.2518 -0.8263 -0.5037
vn 0.3154 -0.7018 -0.6387
vn 0.4331 -0.7008 -0.5668
vn 0.5051 -0.5525 -0.6630
vn 0.6285 -0.5500 -0.5500
vn 0.3399 -0.8298 -0.4426
vn 0.1733 -0.9218 -0.3467
vn 0.2364 -0.9218 -0.3073
vn 0.5371 -0.7030 -0.4661
vn 0.4184 -0.8290 -0.3711
vn 0.7233 -0.5505 -0.4168
vn 0.6160 -0.7030 -0.3554
vn 0.4876 -0.8259 -0.2832
vn 0.6722 -0.7039 -0.2294
vn -0.6161 -0.7030 0.3554
vn -0.5371 -0.7031 0.4661
vn -0.4876 -0.8259 0.2831
vn -0.6722 -0.7039 0.2293
vn -0.5290 -0.8290 0.1814
vn -0.5533 -0.8299 0.0712
vn -0.7102 -0.7024 -0.0473
vn -0.5597 -0.8278 -0.0394
vn -0.5436 -0.8273 -0.1418
vn -0.0473 -0.7024 0.7102
vn -0.1817 -0.7032 0.6874
vn -0.1418 -0.8273 0.5436
vn -0.0394 -0.8278 0.5597
vn -0.3154 -0.7018 0.6387
vn -0.4350 -0.7039 0.5615
vn -0.5052 -0.5525 0.6630
vn -0.6285 -0.5500 0.5500
vn -0.2445 -0.8280 0.5046
vn -0.3398 -0.8298 0.4426
vn -0.1732 -0.9218 0.3468
vn -0.5669 -0.7008 -0.4331
vn -0.4661 -0.7030 -0.5371
vn -0.4880 -0.5511 -0.6769
vn -0.4182 -0.7023 -0.5761
vn -0.4426 -0.8298 -0.3398
vn -0.3710 -0.8290 -0.4185
vn -0.3303 -0.8262 -0.4564
vn -0.2283 -0.9212 -0.3150
vn -0.2597 -0.9207 -0.2912
vn -0.5047 -0.8280 -0.2445
vn -0.1343 -0.9795 -0.1501
vn -0.1184 -0.9790 -0.1658
vn -0.0550 -0.9980 0.0314
vn -0.1579 -0.9793 -0.1264
vn -0.3072 -0.9218 -0.2365
vn -0.3468 -0.9218 -0.1732
vn -0.1817 -0.9795 -0.0869
vn -0.3776 -0.9203 -0.1023
vn -0.1973 -0.9788 -0.0552
vn -0.1976 -0.9801 -0.0158
vn -0.3862 -0.9221 -0.0238
vn -0.3859 -0.9213 0.0472
vn -0.1976 -0.9800 0.0237
vn -0.3697 -0.9206 0.1259
vn -0.1896 -0.9798 0.0632
vn -0.3382 -0.9203 0.1966
vn -0.1738 -0.9794 0.1027
vn -0.1501 -0.9795 0.1342
vn -0.4185 -0.8290 0.3711
vn -0.2918 -0.9226 0.2523
vn -0.2362 -0.9218 0.3075
vn -0.1263 -0.9793 0.1580
vn -0.0870 -0.9795 0.1816
vn -0.0550 -0.9980 0.0315
vn -0.1023 -0.9203 0.3776
vn -0.0552 -0.9788 0.1973
vn -0.0158 -0.9802 0.1976
vn -0.0238 -0.9221 0.3863
vn 0.0474 -0.9213 0.3859
vn 0.0237 -0.9800 0.1976
vn 0.1259 -0.9206 0.3697
vn 0.0632 -0.9798 0.1897
vn 0.1576 -0.9217 0.3545
vn 0.0869 -0.9795 0.1817
vn 0.3382 -0.9203 -0.1966
vn 0.5290 -0.8290 -0.1815
vn 0.7039 -0.7039 -0.0949
vn 0.3696 -0.9206 -0.1259
vn 0.5587 -0.8263 -0.0709
vn 0.7102 -0.7024 0.0473
vn 0.5597 -0.8277 0.0394
vn 0.6874 -0.7032 0.1817
vn 0.5615 -0.7039 0.4350
vn 0.6630 -0.5525 0.5052
vn 0.5500 -0.5500 0.6285
vn 0.4661 -0.7030 0.5371
vn 0.4880 -0.5510 0.6769
vn 0.4182 -0.7023 0.5760
vn 0.3711 -0.8290 0.4185
vn 0.3304 -0.8262 0.4564
vn 0.2284 -0.9212 0.3149
vn 0.4426 -0.8298 0.3399
vn 0.2524 -0.9226 0.2918
vn 0.1342 -0.9795 0.1501
vn 0.1184 -0.9790 0.1658
vn 0.0550 -0.9980 -0.0314
vn 0.1580 -0.9793 0.1264
vn 0.3077 -0.9217 0.2362
vn 0.5047 -0.8280 0.2444
vn 0.6387 -0.7018 0.3154
vn 0.1817 -0.9795 0.0869
vn 0.3467 -0.9218 0.1733
vn 0.5436 -0.8273 0.1418
vn 0.3776 -0.9203 0.1023
vn 0.1973 -0.9788 0.0553
vn 0.1976 -0.9802 0.0158
vn 0.3862 -0.9221 0.0238
vn 0.3859 -0.9213 -0.0473
vn 0.1976 -0.9800 -0.0237
vn 0.1896 -0.9798 -0.0631
vn 0.1738 -0.9794 -0.1027
vn 0.2912 -0.9208 -0.2597
vn 0.1501 -0.9795 -0.1342
vn 0.0550 -0.9980 -0.0315
vn 0.1263 -0.9793 -0.1580
vn 0.0869 -0.9795 -0.1817
vn -0.2286 -0.8277 -0.5124
vn -0.2924 -0.7033 -0.6480
vn -0.2294 -0.7039 -0.6722
vn -0.1816 -0.8290 -0.5290
vn -0.0949 -0.7039 -0.7039
vn -0.1259 -0.9206 -0.3698
vn -0.1576 -0.9217 -0.3545
vn -0.0869 -0.9795 -0.1817
vn -0.0711 -0.8299 -0.5534
vn -0.0632 -0.9798 -0.1896
vn -0.0473 -0.9213 -0.3859
vn 0.0473 -0.7024 -0.7102
vn 0.0394 -0.8278 -0.5597
vn -0.0237 -0.9800 -0.1976
vn 0.0238 -0.9221 -0.3862
vn 0.1418 -0.8273 -0.5436
vn 0.0158 -0.9802 -0.1976
vn 0.1023 -0.9203 -0.3776
vn 0.0552 -0.9788 -0.1973
vn 0.1817 -0.7032 -0.6874
vn 0.1815 -0.8290 0.5290
vn 0.2924 -0.7033 0.6480
vn 0.2294 -0.7039 0.6722
vn 0.2286 -0.8277 0.5124
vn 0.0949 -0.7039 0.7039
vn 0.0708 -0.8263 0.5587
vn -0.5199 -0.7168 0.4647
vn -0.5925 -0.7267 0.3477
vn 0.5926 -0.7267 -0.3476
vn 0.6616 -0.7167 -0.2205
vn -0.4576 -0.6706 0.5839
vn 0.7343 -0.6710 -0.1026
vn -0.3932 -0.6054 0.6920
vn 0.7953 -0.6062 0.0079
vn -0.3392 -0.5127 0.7887
vn 0.8523 -0.5129 0.1024
vn -0.7953 -0.6062 -0.0079
vn -0.8523 -0.5129 -0.1025
vn 0.3392 -0.5126 -0.7888
vn 0.3932 -0.6054 -0.6920
vn -0.7343 -0.6710 0.1027
vn 0.4577 -0.6706 -0.5838
vn -0.6616 -0.7167 0.2205
vn 0.5199 -0.7167 -0.4647
vn -0.5926 -0.7267 0.3476
vn 0.7491 -0.0000 -0.6624
vn 0.6064 -0.0000 -0.7952
vn 0.5971 0.1964 -0.7778
vn 0.5971 -0.1964 -0.7778
vn 0.7388 0.1965 -0.6446
vn 0.4107 -0.3791 -0.8292
vn 0.3700 -0.5511 -0.7479
vn 0.2131 -0.5528 -0.8056
vn 0.5614 -0.3795 -0.7354
vn 0.7388 -0.1965 -0.6446
vn 0.4331 -0.7008 -0.5669
vn 0.6962 -0.3797 -0.6092
vn 0.0550 0.5503 -0.8332
vn 0.0474 0.7023 -0.7103
vn 0.1817 0.7032 -0.6874
vn 0.2132 0.5528 -0.8055
vn 0.0631 0.3788 -0.9233
vn 0.3154 0.7018 -0.6387
vn 0.4331 0.7008 -0.5669
vn 0.5051 0.5525 -0.6630
vn 0.3700 0.5511 -0.7479
vn 0.6285 0.5499 -0.5500
vn 0.6962 0.3797 -0.6092
vn 0.5614 0.3795 -0.7354
vn 0.4107 0.3791 -0.8292
vn 0.2375 0.3798 -0.8941
vn 0.0631 0.1972 -0.9783
vn 0.4322 0.1964 -0.8801
vn 0.2526 0.1973 -0.9472
vn 0.0629 -0.0000 -0.9980
vn -0.1337 -0.0000 -0.9910
vn 0.0631 -0.1972 -0.9783
vn 0.2588 -0.0000 -0.9659
vn 0.4410 -0.0000 -0.8975
vn 0.2526 -0.1973 -0.9472
vn 0.4322 -0.1965 -0.8801
vn 0.2375 -0.3798 -0.8940
vn 0.0631 -0.3788 -0.9233
vn -0.5500 0.5500 -0.6285
vn -0.4880 0.5510 -0.6770
vn -0.5352 0.3778 -0.7555
vn -0.5752 0.1891 -0.7958
vn -0.6445 0.1965 -0.7389
vn -0.5834 -0.0000 -0.8122
vn -0.6624 -0.0000 -0.7491
vn -0.6445 -0.1965 -0.7389
vn -0.5752 -0.1891 -0.7958
vn -0.5352 -0.3778 -0.7555
vn -0.4880 -0.5510 -0.6770
vn -0.2294 -0.7039 -0.6723
vn -0.3452 -0.5493 -0.7610
vn -0.2682 -0.5526 -0.7892
vn -0.3788 -0.3788 -0.8444
vn -0.2998 -0.3787 -0.8756
vn -0.4039 -0.1901 -0.8948
vn -0.1103 -0.5513 -0.8270
vn 0.0473 -0.7023 -0.7103
vn 0.0550 -0.5503 -0.8331
vn -0.1188 -0.3797 -0.9175
vn -0.3148 -0.1967 -0.9286
vn -0.4091 -0.0000 -0.9125
vn -0.1255 -0.1961 -0.9725
vn -0.3148 0.1967 -0.9286
vn -0.4039 0.1901 -0.8948
vn -0.1256 0.1961 -0.9725
vn -0.2997 0.3787 -0.8756
vn -0.3788 0.3788 -0.8444
vn -0.1187 0.3797 -0.9175
vn -0.2681 0.5525 -0.7892
vn -0.3452 0.5492 -0.7610
vn -0.1103 0.5513 -0.8270
vn -0.2294 0.7038 -0.6723
vn -0.2924 0.7033 -0.6480
vn -0.0949 0.7039 -0.7039
vn -0.8977 0.4016 -0.1811
vn -0.8523 0.5129 -0.1026
vn 0.3392 0.5125 -0.7888
vn 0.2919 0.4023 -0.8677
vn -0.9315 0.2763 -0.2368
vn 0.2591 0.2746 -0.9260
vn -0.9510 0.1414 -0.2750
vn 0.2364 0.1418 -0.9612
vn -0.9591 -0.0000 -0.2829
vn 0.2277 -0.0000 -0.9737
vn -0.9510 -0.1415 -0.2750
vn 0.2364 -0.1418 -0.9612
vn -0.9315 -0.2762 -0.2368
vn 0.2590 -0.2747 -0.9260
vn -0.8977 -0.4016 -0.1811
vn 0.2919 -0.4023 -0.8677
vn -0.8523 -0.5129 -0.1026
vn 0.8677 -0.0000 -0.4971
vn 0.7492 -0.0000 -0.6623
vn 0.7389 0.1965 -0.6446
vn 0.7389 -0.1965 -0.6445
vn 0.8503 0.1968 -0.4881
vn 0.8503 -0.1968 -0.4881
vn 0.6286 -0.5499 -0.5500
vn 0.8017 -0.3773 -0.4637
vn 0.7234 -0.5504 -0.4167
vn 0.7891 -0.5528 -0.2679
vn 0.8756 -0.3786 -0.2998
vn 0.9286 -0.1967 -0.3148
vn 0.6723 -0.7038 -0.2294
vn 0.6161 -0.7029 -0.3554
vn 0.7234 0.5504 -0.4167
vn 0.6161 0.7029 -0.3554
vn 0.6723 0.7038 -0.2294
vn 0.6286 0.5499 -0.5499
vn 0.8017 0.3773 -0.4637
vn 0.7952 0.6063 0.0079
vn 0.7952 -0.6063 0.0080
vn 0.7342 -0.6712 -0.1026
vn 0.7342 0.6711 -0.1025
vn 0.6615 0.7168 -0.2205
vn 0.6615 -0.7168 -0.2205
vn 0.8977 0.4017 0.1811
vn 0.8522 0.5130 0.1027
vn 0.8977 -0.4016 0.1811
vn 0.8523 -0.5129 0.1027
vn 0.9569 0.0001 0.2903
vn 0.9314 0.2763 0.2369
vn 0.9509 0.1415 0.2751
vn 0.9509 -0.1415 0.2751
vn 0.9314 -0.2763 0.2369
vn 0.5924 -0.7268 -0.3475
vn 0.5198 -0.7168 -0.4647
vn 0.5198 0.7168 -0.4647
vn 0.5924 0.7268 -0.3475
vn 0.4575 -0.6707 -0.5838
vn 0.4575 0.6707 -0.5839
vn 0.3931 0.6055 -0.6920
vn 0.3932 -0.6055 -0.6919
vn 0.2918 -0.4024 -0.8677
vn 0.3391 -0.5127 -0.7887
vn 0.2918 0.4023 -0.8678
vn 0.3391 0.5127 -0.7888
vn 0.2589 0.2748 -0.9260
vn 0.2363 0.1419 -0.9613
vn 0.2363 -0.1418 -0.9613
vn 0.2277 -0.0001 -0.9737
vn 0.2588 -0.2747 -0.9260
vn 0.8270 -0.5513 -0.1102
vn 0.7103 -0.7023 0.0474
vn 0.9174 -0.3797 -0.1188
vn 0.8332 -0.5503 0.0550
vn 0.8056 -0.5528 0.2132
vn 0.9233 -0.3788 0.0631
vn 0.9725 -0.1961 -0.1255
vn 0.9463 -0.0000 -0.3233
vn 0.9783 -0.1972 0.0631
vn 0.9286 0.1966 -0.3148
vn 0.9910 -0.0000 -0.1336
vn 0.9725 0.1961 -0.1255
vn 0.8756 0.3786 -0.2998
vn 0.9174 0.3797 -0.1188
vn 0.9783 0.1972 0.0631
vn 0.7892 0.5525 -0.2683
vn 0.8270 0.5514 -0.1102
vn 0.7039 0.7039 -0.0949
vn 0.7103 0.7023 0.0474
vn 0.8331 0.5503 0.0550
vn 0.9233 0.3788 0.0631
vn 0.8056 0.5528 0.2132
vn 0.6874 0.7032 0.1817
vn 0.8941 0.3798 0.2374
vn 0.6388 0.7018 0.3154
vn 0.6630 0.5525 0.5051
vn 0.5500 0.5500 0.6285
vn 0.6092 0.3797 0.6962
vn 0.5616 0.7039 0.4350
vn 0.7353 0.3796 0.5614
vn 0.6446 0.1965 0.7388
vn 0.8292 0.3791 0.4107
vn 0.7778 0.1963 0.5971
vn 0.8801 0.1965 0.4322
vn 0.6624 -0.0000 0.7491
vn 0.7952 -0.0000 0.6063
vn 0.9472 0.1973 0.2526
vn 0.8975 -0.0000 0.4409
vn 0.9658 -0.0000 0.2594
vn 0.9980 -0.0000 0.0629
vn 0.9472 -0.1973 0.2526
vn 0.8941 -0.3798 0.2374
vn 0.8801 -0.1964 0.4322
vn 0.7778 -0.1964 0.5971
vn 0.6446 -0.1965 0.7388
vn 0.8292 -0.3790 0.4107
vn 0.7353 -0.3796 0.5614
vn 0.6388 -0.7017 0.3154
vn 0.6630 -0.5525 0.5051
vn 0.6092 -0.3797 0.6962
vn 0.5501 -0.5499 0.6285
vn 0.5616 -0.7038 0.4350
vn -0.0473 0.9214 -0.3858
vn -0.0632 0.9798 -0.1896
vn -0.0238 0.9800 -0.1976
vn 0.0550 0.9980 -0.0315
vn 0.0394 0.8278 -0.5597
vn 0.0238 0.9221 -0.3862
vn 0.0474 0.7024 -0.7102
vn 0.1418 0.8273 -0.5436
vn 0.0158 0.9802 -0.1976
vn 0.1023 0.9203 -0.3776
vn 0.0552 0.9788 -0.1973
vn 0.0550 0.9980 -0.0314
vn 0.0869 0.9795 -0.1817
vn 0.1732 0.9218 -0.3468
vn 0.2518 0.8264 -0.5037
vn 0.3399 0.8298 -0.4426
vn 0.2364 0.9218 -0.3073
vn 0.1263 0.9793 -0.1580
vn 0.4185 0.8290 -0.3711
vn 0.5371 0.7030 -0.4661
vn 0.2912 0.9208 -0.2597
vn 0.1501 0.9795 -0.1342
vn 0.1738 0.9794 -0.1027
vn 0.3382 0.9203 -0.1966
vn 0.1897 0.9798 -0.0633
vn 0.3697 0.9206 -0.1259
vn 0.4876 0.8259 -0.2831
vn 0.6161 0.7030 -0.3554
vn 0.6722 0.7040 -0.2293
vn 0.7234 0.5505 -0.4168
vn 0.6285 0.5500 -0.5500
vn 0.5290 0.8290 -0.1816
vn -0.6285 0.5500 0.5500
vn -0.5371 0.7030 0.4661
vn -0.6161 0.7030 0.3554
vn -0.4876 0.8259 0.2831
vn -0.6722 0.7039 0.2293
vn -0.4185 0.8290 0.3710
vn -0.3399 0.8298 0.4427
vn -0.5290 0.8290 0.1814
vn -0.2362 0.9218 0.3074
vn -0.1733 0.9218 0.3467
vn -0.3382 0.9203 0.1966
vn -0.2918 0.9226 0.2524
vn -0.1263 0.9793 0.1580
vn -0.0869 0.9795 0.1817
vn -0.0550 0.9980 0.0315
vn -0.1501 0.9795 0.1343
vn -0.1738 0.9794 0.1027
vn -0.0550 0.9980 0.0314
vn -0.3697 0.9206 0.1259
vn -0.1897 0.9798 0.0633
vn -0.1976 0.9800 0.0237
vn -0.3858 0.9214 0.0473
vn -0.5533 0.8299 0.0712
vn -0.1976 0.9802 -0.0158
vn -0.3862 0.9221 -0.0238
vn -0.5597 0.8277 -0.0394
vn -0.3776 0.9203 -0.1023
vn -0.5436 0.8273 -0.1418
vn -0.1973 0.9788 -0.0552
vn -0.3467 0.9218 -0.1733
vn -0.1817 0.9795 -0.0869
vn -0.1580 0.9793 -0.1264
vn -0.5047 0.8280 -0.2445
vn -0.3077 0.9217 -0.2361
vn -0.4426 0.8298 -0.3399
vn -0.2597 0.9207 -0.2912
vn -0.1342 0.9795 -0.1501
vn -0.2283 0.9212 -0.3149
vn -0.1184 0.9790 -0.1658
vn -0.3711 0.8290 -0.4184
vn -0.3304 0.8262 -0.4564
vn -0.4182 0.7023 -0.5760
vn -0.4661 0.7030 -0.5371
vn -0.4880 0.5510 -0.6769
vn -0.5669 0.7008 -0.4331
vn -0.6630 0.5525 -0.5052
vn 0.5587 0.8263 -0.0708
vn 0.7102 0.7024 0.0473
vn 0.5597 0.8277 0.0394
vn 0.3859 0.9213 -0.0473
vn 0.1976 0.9800 -0.0237
vn 0.3862 0.9221 0.0238
vn 0.1976 0.9801 0.0158
vn 0.3775 0.9203 0.1023
vn 0.1973 0.9788 0.0553
vn 0.1817 0.9795 0.0869
vn 0.5436 0.8273 0.1418
vn 0.3467 0.9218 0.1733
vn 0.6387 0.7019 0.3154
vn 0.5046 0.8280 0.2445
vn 0.3072 0.9218 0.2364
vn 0.1580 0.9793 0.1264
vn 0.4426 0.8298 0.3399
vn 0.5615 0.7039 0.4350
vn 0.2523 0.9226 0.2918
vn 0.1342 0.9795 0.1501
vn 0.2283 0.9212 0.3150
vn 0.1184 0.9790 0.1658
vn 0.3711 0.8290 0.4185
vn 0.3304 0.8262 0.4564
vn 0.4182 0.7023 0.5761
vn 0.4661 0.7030 0.5371
vn 0.4880 0.5510 0.6769
vn 0.6630 0.5525 0.5052
vn 0.1815 0.8290 0.5290
vn 0.2294 0.7039 0.6722
vn 0.2924 0.7033 0.6480
vn 0.0949 0.7039 0.7039
vn 0.2286 0.8277 0.5124
vn 0.1259 0.9206 0.3698
vn 0.1576 0.9217 0.3545
vn 0.0708 0.8263 0.5587
vn -0.0394 0.8278 0.5597
vn -0.0474 0.7024 0.7102
vn 0.0631 0.9798 0.1896
vn 0.0869 0.9795 0.1817
vn 0.0473 0.9213 0.3859
vn 0.0237 0.9800 0.1976
vn -0.0238 0.9221 0.3863
vn -0.1023 0.9203 0.3776
vn -0.0158 0.9802 0.1976
vn -0.0552 0.9788 0.1973
vn -0.1418 0.8273 0.5436
vn -0.1817 0.7032 0.6874
vn -0.3154 0.7019 0.6387
vn -0.2445 0.8280 0.5046
vn -0.4350 0.7039 0.5615
vn -0.5052 0.5525 0.6630
vn -0.2293 0.7039 -0.6723
vn -0.2286 0.8277 -0.5124
vn -0.1816 0.8290 -0.5290
vn -0.1259 0.9206 -0.3698
vn -0.1575 0.9217 -0.3545
vn -0.0869 0.9795 -0.1817
vn -0.0711 0.8299 -0.5533
vn -0.3392 0.5127 0.7887
vn 0.8523 0.5129 0.1024
vn 0.7953 0.6062 0.0079
vn -0.3932 0.6054 0.6920
vn 0.7343 0.6711 -0.1026
vn 0.6616 0.7167 -0.2205
vn -0.5199 0.7167 0.4648
vn 0.5925 0.7267 -0.3476
vn -0.5925 0.7267 0.3476
vn 0.5199 0.7168 -0.4647
vn -0.6616 0.7167 0.2206
vn 0.4576 0.6706 -0.5839
vn -0.7343 0.6711 0.1027
vn 0.3933 0.6054 -0.6920
vn -0.7953 0.6062 -0.0079
vn 0.3392 0.5126 -0.7888
vn -0.8523 0.5129 -0.1025
vn -0.0631 -0.3788 0.9233
vn -0.2375 -0.3798 0.8941
vn -0.2132 -0.5528 0.8056
vn -0.4107 -0.3791 0.8292
vn -0.0550 -0.5502 0.8332
vn -0.0473 -0.7023 0.7103
vn -0.3700 -0.5511 0.7479
vn -0.5971 -0.1963 0.7778
vn -0.5668 -0.3779 0.7321
vn -0.5051 -0.5525 0.6630
vn -0.7388 -0.1965 0.6446
vn -0.7491 -0.0000 0.6625
vn -0.6285 -0.5499 0.5501
vn -0.4350 -0.7038 0.5616
vn -0.2375 0.3798 0.8941
vn -0.4107 0.3791 0.8292
vn -0.4322 0.1964 0.8801
vn -0.5971 0.1964 0.7778
vn -0.0631 0.1973 0.9783
vn -0.0631 0.3788 0.9233
vn 0.1255 0.1961 0.9725
vn 0.1337 -0.0000 0.9910
vn -0.2526 0.1974 0.9472
vn -0.0629 -0.0000 0.9980
vn -0.0631 -0.1972 0.9783
vn -0.2591 -0.0000 0.9659
vn -0.2526 -0.1973 0.9472
vn -0.6063 -0.0000 0.7952
vn -0.4322 -0.1964 0.8801
vn -0.7388 0.1965 0.6446
vn 0.5500 0.5499 0.6286
vn 0.5352 0.3778 0.7556
vn 0.5752 0.1891 0.7958
vn 0.6445 0.1965 0.7389
vn 0.5834 -0.0000 0.8122
vn 0.6624 -0.0000 0.7492
vn 0.6445 -0.1965 0.7389
vn 0.5752 -0.1891 0.7958
vn 0.5352 -0.3778 0.7556
vn 0.5500 -0.5499 0.6286
vn 0.2681 0.5528 0.7890
vn 0.2998 0.3787 0.8756
vn 0.3788 0.3788 0.8444
vn 0.3452 0.5492 0.7611
vn 0.1103 0.5513 0.8270
vn 0.1188 0.3797 0.9175
vn 0.2294 0.7039 0.6723
vn -0.0550 0.5502 0.8332
vn -0.0474 0.7023 0.7103
vn -0.2132 0.5528 0.8056
vn -0.3700 0.5511 0.7479
vn -0.3154 0.7018 0.6387
vn -0.5051 0.5525 0.6630
vn -0.4350 0.7038 0.5616
vn -0.5668 0.3779 0.7321
vn 0.2294 -0.7039 0.6723
vn 0.3452 -0.5492 0.7611
vn 0.2681 -0.5528 0.7890
vn 0.3788 -0.3788 0.8444
vn 0.2998 -0.3787 0.8756
vn 0.4010 -0.1887 0.8964
vn 0.1103 -0.5513 0.8270
vn 0.3148 -0.1967 0.9286
vn 0.4091 -0.0000 0.9125
vn 0.1187 -0.3797 0.9175
vn 0.1255 -0.1961 0.9725
vn 0.3148 0.1967 0.9286
vn 0.4010 0.1887 0.8964
vn -0.3392 -0.5126 0.7888
vn 0.8523 -0.5128 0.1026
vn -0.2920 -0.4023 0.8677
vn 0.9315 -0.2762 0.2368
vn -0.2590 -0.2746 0.9260
vn 0.9510 -0.1415 0.2749
vn -0.2365 -0.1418 0.9612
vn 0.9570 -0.0000 0.2901
vn -0.2279 -0.0000 0.9737
vn 0.9510 0.1415 0.2749
vn -0.2364 0.1418 0.9612
vn 0.9315 0.2763 0.2367
vn -0.2591 0.2747 0.9260
vn 0.8977 0.4016 0.1811
vn -0.2920 0.4023 0.8677
vn -0.3392 0.5125 0.7888
vn -0.7715 -0.3779 -0.5118
vn -0.6545 -0.3785 -0.6545
vn -0.5902 -0.5508 -0.5902
vn -0.6930 -0.5513 -0.4646
vn -0.8170 0.1964 -0.5422
vn -0.7715 0.3779 -0.5118
vn -0.6545 0.3785 -0.6545
vn -0.9048 0.1967 -0.3777
vn -0.9224 -0.0000 -0.3863
vn -0.6933 0.1969 -0.6933
vn -0.8309 -0.0000 -0.5564
vn -0.8170 -0.1964 -0.5422
vn -0.7071 -0.0000 -0.7071
vn -0.6933 -0.1969 -0.6932
vn -0.6960 0.7038 0.1423
vn -0.7093 0.7013 0.0709
vn -0.8319 0.5494 0.0785
vn -0.8182 0.5507 0.1653
vn -0.6555 0.7028 0.2764
vn -0.9217 0.3781 0.0867
vn -0.7703 0.5503 0.3222
vn -0.9075 0.3788 0.1815
vn -0.9759 0.1967 0.0944
vn -0.5921 0.7026 0.3947
vn -0.9620 0.1971 0.1892
vn -0.6930 0.5512 0.4646
vn -0.8540 0.3796 0.3558
vn -0.9955 -0.0000 0.0948
vn -0.7716 0.3779 0.5117
vn -0.5902 0.5508 0.5902
vn -0.6545 0.3785 0.6545
vn -0.9048 0.1967 0.3777
vn -0.8170 0.1964 0.5421
vn -0.9806 -0.0000 0.1961
vn -0.9224 -0.0000 0.3863
vn -0.6933 0.1969 0.6932
vn -0.8309 -0.0000 0.5564
vn -0.9620 -0.1971 0.1892
vn -0.7071 -0.0000 0.7071
vn -0.9759 -0.1967 0.0944
vn -0.6933 -0.1969 0.6932
vn -0.8170 -0.1964 0.5421
vn -0.6545 -0.3785 0.6545
vn -0.9048 -0.1967 0.3777
vn -0.7715 -0.3779 0.5118
vn -0.5902 -0.5508 0.5902
vn -0.8540 -0.3796 0.3558
vn -0.6930 -0.5512 0.4646
vn -0.7703 -0.5503 0.3222
vn -0.5921 -0.7026 0.3947
vn -0.9075 -0.3788 0.1815
vn -0.9217 -0.3781 0.0867
vn -0.8182 -0.5507 0.1652
vn -0.8319 -0.5494 0.0785
vn -0.6555 -0.7028 0.2764
vn -0.6960 -0.7038 0.1424
vn -0.7093 -0.7013 0.0709
vn -0.8182 0.5507 -0.1652
vn -0.9075 0.3788 -0.1815
vn -0.9217 0.3781 -0.0867
vn -0.8319 0.5494 -0.0785
vn -0.7703 0.5503 -0.3222
vn -0.8540 0.3796 -0.3558
vn -0.6960 0.7038 -0.1424
vn -0.7093 0.7014 -0.0709
vn -0.6555 0.7028 -0.2764
vn -0.6930 0.5512 -0.4646
vn -0.5921 0.7026 -0.3947
vn -0.5902 0.5508 -0.5902
vn -0.6960 -0.7038 -0.1424
vn -0.7093 -0.7014 -0.0709
vn -0.8319 -0.5494 -0.0785
vn -0.8182 -0.5507 -0.1652
vn -0.9217 -0.3781 -0.0866
vn -0.6555 -0.7028 -0.2764
vn -0.9075 -0.3788 -0.1815
vn -0.9759 -0.1967 -0.0945
vn -0.7703 -0.5503 -0.3222
vn -0.5921 -0.7026 -0.3947
vn -0.9620 -0.1971 -0.1892
vn -0.9955 -0.0000 -0.0948
vn -0.8540 -0.3796 -0.3557
vn -0.9048 -0.1967 -0.3777
vn -0.9806 -0.0000 -0.1960
vn -0.9620 0.1971 -0.1892
vn -0.9759 0.1968 -0.0944
vn -0.5135 -0.5135 -0.6874
vn -0.5135 -0.5135 0.6874
vn -0.6068 -0.4019 0.6858
vn -0.6069 -0.4018 -0.6857
vn -0.6715 -0.2765 0.6875
vn -0.6716 -0.2765 -0.6874
vn -0.7155 -0.1415 0.6842
vn -0.7155 -0.1415 -0.6842
vn -0.7266 -0.0000 0.6871
vn -0.7266 -0.0000 -0.6871
vn -0.7155 0.1415 0.6842
vn -0.7155 0.1415 -0.6842
vn -0.6715 0.2765 0.6875
vn -0.6716 0.2765 -0.6874
vn -0.6068 0.4019 0.6858
vn -0.6069 0.4019 -0.6857
vn -0.5135 0.5135 0.6874
vn -0.5135 0.5135 -0.6874
vn 0.4646 -0.5513 0.6930
vn 0.3947 -0.7026 0.5921
vn 0.5902 -0.5509 0.5901
vn 0.3152 -0.8274 0.4649
vn 0.2764 -0.7029 0.6554
vn 0.2127 -0.8273 0.5199
vn 0.2128 -0.9221 0.3231
vn 0.1499 -0.9228 0.3549
vn 0.1424 -0.7039 0.6959
vn 0.1103 -0.8270 0.5513
vn -0.0000 -0.7032 0.7110
vn -0.0000 -0.8286 0.5598
vn -0.1423 -0.7039 0.6959
vn -0.0000 -0.8286 -0.5598
vn -0.0000 -0.7032 -0.7110
vn 0.1423 -0.7039 -0.6959
vn -0.1424 -0.7039 -0.6959
vn 0.1103 -0.8270 -0.5513
vn 0.2764 -0.7029 -0.6554
vn 0.2127 -0.8272 -0.5200
vn 0.3947 -0.7026 -0.5921
vn 0.3152 -0.8274 -0.4649
vn 0.3951 -0.8293 -0.3951
vn 0.5042 -0.7012 -0.5042
vn 0.4646 -0.5513 -0.6930
vn 0.5902 -0.5508 -0.5902
vn -0.5041 -0.7012 -0.5042
vn -0.4646 -0.5513 -0.6930
vn -0.3950 -0.8294 -0.3950
vn -0.4649 -0.8274 -0.3152
vn -0.3947 -0.7026 -0.5921
vn -0.3082 -0.8294 -0.4660
vn -0.2764 -0.7029 -0.6554
vn -0.2127 -0.8273 -0.5200
vn -0.2128 -0.9221 -0.3231
vn 0.6930 -0.5513 -0.4646
vn 0.5921 -0.7026 -0.3947
vn 0.6554 -0.7029 -0.2764
vn 0.5200 -0.8273 -0.2127
vn 0.6959 -0.7039 -0.1423
vn 0.5513 -0.8270 -0.1102
vn 0.7092 -0.7014 -0.0709
vn 0.5594 -0.8270 -0.0552
vn 0.3860 -0.9216 -0.0394
vn 0.3784 -0.9223 -0.0788
vn 0.4649 -0.8274 -0.3152
vn 0.1971 -0.9796 -0.0392
vn 0.2051 -0.9785 -0.0237
vn -0.0000 -0.9980 -0.0628
vn 0.1894 -0.9787 -0.0789
vn -0.0000 -0.9980 -0.0629
vn 0.3549 -0.9228 -0.1498
vn 0.3231 -0.9221 -0.2128
vn 0.1659 -0.9799 -0.1106
vn 0.2755 -0.9210 -0.2755
vn 0.1421 -0.9796 -0.1421
vn 0.1107 -0.9799 -0.1661
vn 0.2128 -0.9221 -0.3231
vn 0.1499 -0.9228 -0.3550
vn 0.0789 -0.9787 -0.1894
vn 0.0788 -0.9223 -0.3784
vn 0.0393 -0.9796 -0.1971
vn -0.0000 -0.9224 -0.3863
vn -0.0000 -0.9787 -0.2052
vn -0.0395 -0.9795 -0.1976
vn -0.1103 -0.8270 -0.5513
vn -0.0788 -0.9223 -0.3784
vn -0.1499 -0.9228 -0.3549
vn -0.0789 -0.9787 -0.1894
vn -0.1106 -0.9799 -0.1660
vn -0.2754 -0.9210 -0.2754
vn -0.1421 -0.9796 -0.1421
vn -0.1660 -0.9799 -0.1106
vn -0.3231 -0.9221 -0.2128
vn -0.3549 -0.9228 -0.1498
vn -0.1894 -0.9787 -0.0789
vn -0.3784 -0.9223 -0.0788
vn -0.1971 -0.9796 -0.0392
vn -0.3860 -0.9216 -0.0394
vn -0.1976 -0.9800 -0.0237
vn -0.0000 -0.9224 0.3863
vn -0.1103 -0.8270 0.5513
vn -0.2764 -0.7029 0.6554
vn -0.0788 -0.9223 0.3784
vn -0.2127 -0.8273 0.5199
vn -0.3947 -0.7026 0.5921
vn -0.3080 -0.8294 0.4661
vn -0.4646 -0.5513 0.6930
vn -0.5042 -0.7012 0.5042
vn -0.5901 -0.5509 0.5902
vn -0.6930 -0.5513 0.4646
vn -0.5513 -0.8270 0.1103
vn -0.6959 -0.7039 0.1424
vn -0.7093 -0.7014 0.0709
vn -0.5595 -0.8270 0.0552
vn -0.3860 -0.9217 0.0394
vn -0.5199 -0.8273 0.2127
vn -0.3784 -0.9223 0.0788
vn -0.1971 -0.9796 0.0392
vn -0.0000 -0.9980 0.0629
vn -0.1894 -0.9787 0.0789
vn -0.3549 -0.9228 0.1499
vn -0.4649 -0.8274 0.3152
vn -0.1660 -0.9799 0.1106
vn -0.3231 -0.9221 0.2129
vn -0.3951 -0.8294 0.3951
vn -0.2754 -0.9210 0.2754
vn -0.1421 -0.9796 0.1421
vn -0.1107 -0.9799 0.1661
vn -0.2128 -0.9221 0.3231
vn -0.1498 -0.9228 0.3550
vn -0.0789 -0.9787 0.1894
vn -0.0393 -0.9796 0.1971
vn -0.0000 -0.9787 0.2052
vn 0.0788 -0.9223 0.3784
vn 0.0393 -0.9796 0.1971
vn 0.0789 -0.9787 0.1894
vn 0.1106 -0.9799 0.1660
vn 0.5593 -0.8271 0.0551
vn 0.7092 -0.7014 0.0709
vn 0.6959 -0.7039 0.1423
vn 0.5512 -0.8270 0.1103
vn 0.6555 -0.7028 0.2764
vn 0.3784 -0.9223 0.0788
vn 0.3860 -0.9217 0.0394
vn 0.2051 -0.9785 0.0236
vn 0.5200 -0.8273 0.2127
vn 0.1971 -0.9796 0.0392
vn 0.3549 -0.9228 0.1499
vn 0.5921 -0.7026 0.3947
vn 0.4649 -0.8274 0.3152
vn 0.1894 -0.9787 0.0789
vn 0.3231 -0.9221 0.2128
vn 0.3951 -0.8294 0.3951
vn 0.1661 -0.9799 0.1106
vn 0.2754 -0.9210 0.2754
vn 0.1421 -0.9796 0.1421
vn 0.5042 -0.7012 0.5042
vn 0.6930 -0.5513 0.4646
vn -0.5513 -0.8270 -0.1102
vn -0.7092 -0.7014 -0.0709
vn -0.6959 -0.7039 -0.1423
vn -0.5588 -0.8275 -0.0550
vn -0.6554 -0.7029 -0.2764
vn -0.5199 -0.8273 -0.2127
vn -0.1416 -0.7155 -0.6841
vn -0.0000 -0.7265 -0.6872
vn -0.0000 -0.7265 0.6872
vn -0.1415 -0.7155 0.6842
vn -0.2765 -0.6716 -0.6874
vn -0.2765 -0.6715 0.6874
vn -0.4019 -0.6068 -0.6857
vn -0.4019 -0.6069 0.6857
vn -0.5136 -0.5135 -0.6874
vn -0.5135 -0.5136 0.6874
vn 0.4020 -0.6068 -0.6857
vn 0.5136 -0.5135 -0.6874
vn 0.5134 -0.5136 0.6875
vn 0.4020 -0.6068 0.6857
vn 0.2765 -0.6715 -0.6875
vn 0.2765 -0.6715 0.6874
vn 0.1415 -0.7155 -0.6842
vn 0.1415 -0.7155 0.6842
vn -0.0000 -0.5511 -0.8344
vn -0.0000 -0.7031 -0.7111
vn -0.1424 -0.7038 -0.6959
vn 0.1652 -0.5507 -0.8182
vn -0.0000 -0.3796 -0.9251
vn 0.1424 -0.7038 -0.6959
vn 0.1815 -0.3788 -0.9075
vn -0.0000 -0.1961 -0.9806
vn 0.2764 -0.7028 -0.6555
vn 0.3223 -0.5502 -0.7703
vn 0.1892 -0.1971 -0.9619
vn 0.3558 -0.3796 -0.8540
vn -0.0000 -0.0000 -1.0000
vn 0.3776 -0.1967 -0.9048
vn 0.5118 -0.3779 -0.7715
vn 0.1961 -0.0000 -0.9806
vn -0.5118 -0.3779 -0.7715
vn -0.4646 -0.5512 -0.6930
vn -0.3777 -0.1967 -0.9048
vn -0.3558 -0.3796 -0.8540
vn -0.3223 -0.5502 -0.7703
vn -0.1892 -0.1971 -0.9619
vn -0.1961 -0.0000 -0.9806
vn -0.1815 -0.3789 -0.9075
vn -0.1892 0.1971 -0.9619
vn -0.1652 -0.5507 -0.8182
vn -0.2764 -0.7028 -0.6555
vn -0.5118 0.3779 -0.7715
vn -0.5422 0.1964 -0.8170
vn -0.3776 0.1967 -0.9048
vn -0.6932 0.1969 -0.6933
vn -0.5564 -0.0000 -0.8309
vn -0.6932 -0.1969 -0.6933
vn -0.3863 -0.0000 -0.9224
vn -0.5422 -0.1964 -0.8170
vn 0.4019 -0.6069 -0.6856
vn 0.2766 0.6716 -0.6874
vn 0.4020 0.6068 -0.6856
vn 0.2765 -0.6716 -0.6874
vn 0.1415 -0.7156 -0.6840
vn 0.1416 0.7156 -0.6841
vn 0.6069 0.4020 -0.6856
vn 0.5135 0.5136 -0.6874
vn 0.6068 -0.4020 -0.6856
vn 0.7267 0.0001 -0.6870
vn 0.6716 -0.2766 -0.6873
vn 0.7156 -0.1416 -0.6840
vn 0.7156 0.1416 -0.6840
vn 0.6716 0.2766 -0.6873
vn -0.1414 0.7156 -0.6841
vn -0.0001 0.7266 -0.6871
vn -0.1415 -0.7156 -0.6840
vn 0.0001 -0.7266 -0.6871
vn -0.2766 0.6716 -0.6873
vn -0.2765 -0.6716 -0.6873
vn -0.4019 -0.6069 -0.6857
vn -0.4020 0.6069 -0.6857
vn -0.6069 0.4020 -0.6856
vn -0.5136 0.5136 -0.6873
vn -0.5136 -0.5136 -0.6874
vn -0.6069 -0.4019 -0.6856
vn -0.6716 -0.2766 -0.6873
vn -0.7157 -0.1416 -0.6840
vn -0.7156 0.1415 -0.6840
vn -0.7266 -0.0001 -0.6870
vn 0.5422 -0.1964 -0.8170
vn 0.6545 -0.3785 -0.6545
vn 0.3863 -0.0000 -0.9224
vn 0.6933 -0.1969 -0.6933
vn 0.1892 0.1971 -0.9620
vn 0.5565 -0.0000 -0.8309
vn 0.3777 0.1967 -0.9048
vn 0.5421 0.1964 -0.8170
vn 0.7071 -0.0000 -0.7071
vn -0.0000 0.1961 -0.9806
vn -0.1815 0.3789 -0.9075
vn 0.6932 0.1969 -0.6933
vn -0.0000 0.3796 -0.9251
vn -0.1652 0.5507 -0.8182
vn 0.1815 0.3789 -0.9075
vn -0.0000 0.5511 -0.8344
vn 0.1652 0.5507 -0.8182
vn -0.1424 0.7038 -0.6959
vn -0.0000 0.7031 -0.7111
vn 0.1424 0.7038 -0.6959
vn 0.2764 0.7028 -0.6555
vn 0.3947 0.7026 -0.5921
vn 0.4646 0.5513 -0.6930
vn 0.3223 0.5502 -0.7703
vn 0.3558 0.3796 -0.8540
vn 0.5118 0.3779 -0.7715
vn 0.5902 0.5508 -0.5902
vn 0.6545 0.3785 -0.6545
vn -0.3223 0.5502 -0.7703
vn -0.4646 0.5512 -0.6930
vn -0.3947 0.7026 -0.5921
vn -0.2764 0.7028 -0.6555
vn -0.3558 0.3796 -0.8540
vn 0.7715 0.3779 0.5118
vn 0.6930 0.5512 0.4646
vn 0.5902 0.5508 0.5902
vn 0.6545 0.3785 0.6545
vn 0.8170 0.1964 0.5421
vn 0.6933 0.1969 0.6932
vn 0.8310 -0.0000 0.5563
vn 0.9224 -0.0000 0.3863
vn 0.8170 -0.1964 0.5422
vn 0.7071 -0.0000 0.7071
vn 0.6933 -0.1969 0.6932
vn 0.6545 -0.3785 0.6545
vn 0.7716 -0.3779 0.5117
vn 0.5902 -0.5508 0.5902
vn 0.6933 -0.1969 -0.6932
vn 0.8309 -0.0000 -0.5564
vn 0.6933 0.1969 -0.6933
vn 0.8170 -0.1964 -0.5421
vn 0.7715 -0.3779 -0.5118
vn 0.6959 0.7038 -0.1424
vn 0.7093 0.7014 -0.0709
vn 0.8295 0.5529 -0.0790
vn 0.8182 0.5507 -0.1652
vn 0.6555 0.7028 -0.2764
vn 0.9217 0.3781 -0.0867
vn 0.5921 0.7026 -0.3947
vn 0.7703 0.5502 -0.3223
vn 0.9075 0.3789 -0.1815
vn 0.9774 0.1892 -0.0946
vn 0.9620 0.1971 -0.1892
vn 0.9955 -0.0000 -0.0948
vn 0.8540 0.3796 -0.3558
vn 0.6930 0.5513 -0.4646
vn 0.7715 0.3779 -0.5118
vn 0.8170 0.1964 -0.5421
vn 0.9048 0.1967 -0.3777
vn 0.9224 -0.0000 -0.3863
vn 0.9806 -0.0000 -0.1960
vn 0.9048 -0.1967 -0.3777
vn 0.9620 -0.1971 -0.1892
vn 0.9759 -0.1967 -0.0945
vn 0.8540 -0.3796 -0.3558
vn 0.9075 -0.3789 -0.1815
vn 0.9217 -0.3781 -0.0867
vn 0.7703 -0.5502 -0.3223
vn 0.8182 -0.5507 -0.1652
vn 0.8295 -0.5530 -0.0790
vn 0.6555 -0.7028 -0.2764
vn 0.6960 -0.7038 -0.1424
vn 0.7093 -0.7013 -0.0709
vn 0.6960 -0.7038 0.1424
vn 0.7093 -0.7014 0.0709
vn 0.8295 -0.5529 0.0790
vn 0.8182 -0.5507 0.1652
vn 0.9217 -0.3781 0.0867
vn 0.9075 -0.3788 0.1815
vn 0.9759 -0.1968 0.0944
vn 0.7703 -0.5502 0.3223
vn 0.6930 -0.5512 0.4646
vn 0.8540 -0.3796 0.3558
vn 0.9620 -0.1971 0.1892
vn 0.9955 -0.0000 0.0948
vn 0.9048 -0.1967 0.3777
vn 0.9806 -0.0000 0.1960
vn 0.9620 0.1971 0.1892
vn 0.9774 0.1892 0.0946
vn 0.9048 0.1967 0.3777
vn 0.9075 0.3789 0.1815
vn 0.9217 0.3781 0.0867
vn 0.8540 0.3796 0.3557
vn 0.8182 0.5507 0.1652
vn 0.8295 0.5530 0.0790
vn 0.7703 0.5502 0.3223
vn 0.6960 0.7038 0.1424
vn 0.7093 0.7014 0.0709
vn 0.6555 0.7028 0.2764
vn 0.5921 0.7026 0.3947
vn 0.6068 0.4019 -0.6858
vn 0.5135 0.5135 -0.6874
vn 0.5135 0.5135 0.6874
vn 0.6068 0.4019 0.6858
vn 0.6715 0.2765 -0.6875
vn 0.6715 0.2765 0.6875
vn 0.7155 0.1415 -0.6842
vn 0.7155 0.1415 0.6842
vn 0.7266 -0.0000 -0.6871
vn 0.7266 -0.0000 0.6871
vn 0.7155 -0.1415 -0.6842
vn 0.7155 -0.1415 0.6842
vn 0.6715 -0.2765 -0.6875
vn 0.6715 -0.2765 0.6875
vn 0.6068 -0.4019 -0.6858
vn 0.6068 -0.4019 0.6858
vn 0.5135 -0.5135 -0.6874
vn 0.5135 -0.5135 0.6874
vn 0.3549 0.9228 0.1498
vn 0.1970 0.9796 0.0392
vn 0.1894 0.9787 0.0789
vn -0.0000 0.9980 0.0629
vn 0.4649 0.8274 0.3152
vn 0.3231 0.9221 0.2128
vn 0.5042 0.7012 0.5042
vn 0.6930 0.5513 0.4646
vn 0.3951 0.8294 0.3951
vn 0.5901 0.5509 0.5902
vn 0.1661 0.9799 0.1106
vn 0.2755 0.9210 0.2755
vn 0.1421 0.9796 0.1421
vn 0.1106 0.9799 0.1660
vn 0.2128 0.9221 0.3231
vn 0.3151 0.8274 0.4649
vn 0.3947 0.7026 0.5921
vn 0.2764 0.7029 0.6554
vn 0.2127 0.8273 0.5200
vn 0.1499 0.9228 0.3550
vn 0.0789 0.9787 0.1894
vn 0.1103 0.8270 0.5513
vn 0.1423 0.7039 0.6959
vn 0.0788 0.9223 0.3784
vn 0.0395 0.9795 0.1976
vn -0.0000 0.9787 0.2052
vn -0.0000 0.9224 0.3863
vn -0.0392 0.9796 0.1971
vn -0.0788 0.9223 0.3784
vn -0.0000 0.8286 0.5598
vn -0.0000 0.7032 0.7110
vn -0.1424 0.7039 0.6959
vn -0.1103 0.8270 0.5513
vn 0.4646 0.5513 0.6930
vn -0.0000 0.8286 -0.5598
vn -0.0000 0.7032 -0.7110
vn -0.1423 0.7039 -0.6959
vn 0.1424 0.7039 -0.6959
vn -0.1103 0.8270 -0.5513
vn -0.2127 0.8273 -0.5200
vn 0.1103 0.8270 -0.5513
vn 0.2764 0.7029 -0.6554
vn -0.1499 0.9228 -0.3549
vn -0.2128 0.9221 -0.3231
vn -0.0000 0.9224 -0.3863
vn -0.0788 0.9223 -0.3784
vn -0.0789 0.9787 -0.1894
vn -0.1107 0.9799 -0.1661
vn -0.0000 0.9980 -0.0629
vn -0.0394 0.9795 -0.1974
vn -0.0000 0.9787 -0.2052
vn 0.0788 0.9223 -0.3784
vn 0.0392 0.9796 -0.1971
vn 0.0789 0.9787 -0.1894
vn 0.1499 0.9228 -0.3549
vn 0.2127 0.8273 -0.5199
vn 0.1106 0.9799 -0.1660
vn 0.2128 0.9221 -0.3231
vn 0.3152 0.8274 -0.4649
vn 0.2755 0.9210 -0.2755
vn 0.3952 0.8293 -0.3951
vn 0.1421 0.9796 -0.1421
vn 0.3231 0.9221 -0.2128
vn 0.1660 0.9799 -0.1106
vn 0.1894 0.9787 -0.0789
vn 0.4649 0.8274 -0.3151
vn 0.3550 0.9228 -0.1498
vn 0.5200 0.8273 -0.2127
vn 0.3784 0.9223 -0.0788
vn 0.1970 0.9796 -0.0392
vn 0.3860 0.9217 -0.0394
vn 0.2052 0.9784 -0.0237
vn 0.5513 0.8270 -0.1103
vn 0.5592 0.8272 -0.0551
vn 0.7092 0.7014 -0.0709
vn 0.6959 0.7039 -0.1423
vn 0.6554 0.7029 -0.2764
vn 0.5042 0.7012 -0.5042
vn -0.2764 0.7029 0.6554
vn -0.2127 0.8273 0.5200
vn -0.3947 0.7026 0.5921
vn -0.4646 0.5513 0.6930
vn -0.5042 0.7012 0.5042
vn -0.5902 0.5509 0.5901
vn -0.3081 0.8294 0.4660
vn -0.1498 0.9228 0.3550
vn -0.0789 0.9787 0.1894
vn -0.2128 0.9221 0.3231
vn -0.1106 0.9799 0.1660
vn -0.2754 0.9210 0.2754
vn -0.1421 0.9796 0.1421
vn -0.1660 0.9799 0.1107
vn -0.3950 0.8294 0.3950
vn -0.3231 0.9221 0.2128
vn -0.5920 0.7026 0.3947
vn -0.4649 0.8274 0.3152
vn -0.3549 0.9228 0.1498
vn -0.1894 0.9787 0.0789
vn -0.5199 0.8273 0.2127
vn -0.3784 0.9223 0.0788
vn -0.1971 0.9796 0.0392
vn -0.3860 0.9217 0.0394
vn -0.5512 0.8270 0.1103
vn -0.5594 0.8270 0.0552
vn -0.7092 0.7014 0.0709
vn -0.6959 0.7039 0.1423
vn -0.6930 0.5513 0.4646
vn -0.5513 0.8270 -0.1103
vn -0.6959 0.7039 -0.1424
vn -0.7092 0.7014 -0.0709
vn -0.6554 0.7029 -0.2764
vn -0.5589 0.8274 -0.0550
vn -0.3784 0.9223 -0.0788
vn -0.3860 0.9217 -0.0394
vn -0.5200 0.8273 -0.2127
vn -0.4649 0.8274 -0.3152
vn -0.1970 0.9796 -0.0392
vn -0.1976 0.9800 -0.0237
vn -0.0000 0.9980 -0.0628
vn -0.3549 0.9228 -0.1499
vn -0.1894 0.9787 -0.0789
vn -0.3231 0.9221 -0.2128
vn -0.2755 0.9210 -0.2755
vn -0.1660 0.9799 -0.1107
vn -0.1421 0.9796 -0.1421
vn -0.3951 0.8293 -0.3951
vn -0.5041 0.7012 -0.5041
vn -0.6930 0.5513 -0.4646
vn -0.4646 0.5513 -0.6930
vn -0.3080 0.8294 -0.4660
vn -0.2764 0.7029 -0.6554
vn 0.6959 0.7039 0.1423
vn 0.7092 0.7014 0.0709
vn 0.5593 0.8271 0.0551
vn 0.5513 0.8270 0.1103
vn 0.6554 0.7029 0.2764
vn 0.3784 0.9223 0.0788
vn 0.3860 0.9217 0.0394
vn 0.2052 0.9784 0.0237
vn 0.5200 0.8273 0.2127
vn -0.5136 0.5135 -0.6874
vn -0.5134 0.5136 0.6874
vn -0.4020 0.6068 0.6857
vn -0.4019 0.6068 -0.6858
vn -0.2765 0.6715 0.6874
vn -0.2765 0.6715 -0.6874
vn -0.1415 0.7155 0.6842
vn -0.1415 0.7155 -0.6842
vn -0.0000 0.7266 0.6871
vn -0.0000 0.7266 -0.6871
vn 0.1415 0.7155 0.6842
vn 0.1415 0.7155 -0.6842
vn 0.2765 0.6715 0.6874
vn 0.2765 0.6716 -0.6874
vn 0.4020 0.6068 0.6857
vn 0.4019 0.6068 -0.6858
vn 0.5135 0.5136 0.6874
vn 0.5136 0.5135 -0.6874
vn 0.1961 -0.0000 0.9806
vn 0.3863 -0.0000 0.9224
vn 0.3777 0.1967 0.9048
vn 0.3777 -0.1967 0.9048
vn 0.1892 0.1971 0.9620
vn 0.5118 -0.3779 0.7715
vn 0.3558 -0.3796 0.8540
vn 0.1892 -0.1971 0.9619
vn -0.0000 -0.0000 1.0000
vn -0.0000 0.1961 0.9806
vn 0.3222 -0.5502 0.7703
vn 0.2764 -0.7028 0.6555
vn 0.1814 -0.3789 0.9075
vn 0.1652 -0.5507 0.8182
vn 0.1424 -0.7038 0.6960
vn -0.0000 -0.1961 0.9806
vn -0.0000 -0.3796 0.9251
vn -0.0000 -0.5512 0.8344
vn -0.0000 -0.7031 0.7111
vn -0.1652 -0.5507 0.8182
vn -0.1814 -0.3789 0.9075
vn -0.1892 -0.1971 0.9619
vn -0.1423 -0.7038 0.6960
vn 0.1424 0.7038 0.6960
vn -0.0000 0.7031 0.7111
vn -0.0000 0.5511 0.8345
vn -0.1424 0.7038 0.6960
vn 0.1653 0.5507 0.8182
vn 0.2764 0.7028 0.6555
vn 0.3223 0.5502 0.7703
vn -0.0000 0.3797 0.9251
vn 0.1814 0.3789 0.9075
vn 0.3558 0.3796 0.8540
vn 0.5118 0.3779 0.7715
vn 0.5421 0.1964 0.8170
vn 0.6932 0.1969 0.6933
vn 0.5564 -0.0000 0.8309
vn 0.6932 -0.1969 0.6933
vn 0.5422 -0.1964 0.8170
vn -0.4020 0.6069 0.6856
vn -0.4020 -0.6069 0.6856
vn -0.2766 -0.6716 0.6874
vn -0.2765 0.6716 0.6874
vn -0.1415 0.7156 0.6840
vn -0.1416 -0.7156 0.6840
vn -0.6069 0.4020 0.6856
vn -0.5136 0.5136 0.6873
vn -0.6069 -0.4020 0.6856
vn -0.5136 -0.5136 0.6873
vn -0.7266 0.0001 0.6871
vn -0.6716 0.2766 0.6873
vn -0.7156 0.1415 0.6840
vn -0.7156 -0.1415 0.6840
vn -0.6716 -0.2765 0.6874
vn -0.0001 -0.7266 0.6871
vn 0.1415 -0.7156 0.6840
vn 0.1415 0.7156 0.6840
vn 0.0001 0.7266 0.6871
vn 0.2765 -0.6716 0.6874
vn 0.2766 0.6716 0.6874
vn 0.4020 0.6069 0.6856
vn 0.4020 -0.6069 0.6856
vn 0.6069 -0.4020 0.6856
vn 0.5136 -0.5136 0.6873
vn 0.6069 0.4020 0.6856
vn 0.5136 0.5137 0.6873
vn 0.6717 0.2765 0.6873
vn 0.7156 0.1416 0.6840
vn 0.7155 -0.1416 0.6841
vn 0.7266 -0.0001 0.6871
vn 0.6716 -0.2766 0.6873
vn -0.2764 -0.7028 0.6555
vn -0.3222 -0.5503 0.7703
vn -0.3558 -0.3796 0.8540
vn -0.4646 -0.5512 0.6930
vn -0.5118 -0.3779 0.7715
vn -0.3777 -0.1967 0.9048
vn -0.1961 -0.0000 0.9806
vn -0.5421 -0.1964 0.8170
vn -0.1892 0.1971 0.9620
vn -0.3863 -0.0000 0.9224
vn -0.3776 0.1967 0.9048
vn -0.1814 0.3789 0.9075
vn -0.3558 0.3796 0.8540
vn -0.5421 0.1964 0.8170
vn -0.1653 0.5507 0.8182
vn -0.3222 0.5502 0.7703
vn -0.2764 0.7028 0.6555
vn -0.4646 0.5512 0.6930
vn -0.5118 0.3779 0.7715
vn -0.6932 0.1969 0.6933
vn -0.5564 -0.0000 0.8309
vn -0.6932 -0.1969 0.6933
vn -0.9463 -0.0000 -0.3233
vn -0.9910 -0.0000 -0.1336
vn -0.9725 0.1961 -0.1256
vn -0.9725 -0.1961 -0.1256
vn -0.9286 0.1967 -0.3148
vn -0.9233 -0.3788 0.0631
vn -0.8332 -0.5502 0.0550
vn -0.8055 -0.5529 0.2133
vn -0.7103 -0.7023 0.0474
vn -0.9174 -0.3797 -0.1188
vn -0.9286 -0.1967 -0.3148
vn -0.8643 -0.0000 -0.5029
vn -0.8503 0.1968 -0.4881
vn -0.8270 -0.5513 -0.1102
vn -0.7039 -0.7039 -0.0949
vn -0.8756 -0.3787 -0.2998
vn -0.7891 -0.5526 -0.2682
vn -0.6723 -0.7039 -0.2294
vn -0.8503 -0.1968 -0.4881
vn -0.8017 -0.3773 -0.4637
vn -0.7235 -0.5504 -0.4167
vn -0.6161 -0.7029 -0.3554
vn -0.6286 -0.5499 -0.5500
vn -0.6962 -0.3797 -0.6092
vn -0.7389 -0.1965 -0.6445
vn -0.6387 0.7018 0.3154
vn -0.6874 0.7032 0.1817
vn -0.8056 0.5528 0.2132
vn -0.8292 0.3791 0.4107
vn -0.7103 0.7023 0.0473
vn -0.6723 0.7039 -0.2294
vn -0.6161 0.7029 -0.3554
vn -0.7235 0.5504 -0.4167
vn -0.7891 0.5527 -0.2679
vn -0.7039 0.7039 -0.0949
vn -0.8270 0.5513 -0.1102
vn -0.8017 0.3773 -0.4637
vn -0.8332 0.5502 0.0550
vn -0.8756 0.3787 -0.2998
vn -0.9174 0.3797 -0.1188
vn -0.9233 0.3788 0.0631
vn -0.8941 0.3798 0.2374
vn -0.8801 0.1964 0.4322
vn -0.9783 0.1972 0.0631
vn -0.9472 0.1973 0.2526
vn -0.8975 -0.0000 0.4410
vn -0.7952 -0.0000 0.6064
vn -0.8801 -0.1963 0.4323
vn -0.9658 -0.0000 0.2593
vn -0.9980 -0.0000 0.0629
vn -0.9472 -0.1974 0.2526
vn -0.9783 -0.1971 0.0631
vn -0.8941 -0.3798 0.2374
vn -0.8292 -0.3791 0.4107
vn -0.3931 0.6055 -0.6920
vn -0.3931 -0.6056 -0.6920
vn -0.4576 -0.6706 -0.5839
vn -0.4576 0.6707 -0.5838
vn -0.5198 0.7168 -0.4647
vn -0.5198 -0.7168 -0.4648
vn -0.2918 0.4023 -0.8678
vn -0.3391 0.5127 -0.7888
vn -0.2918 -0.4024 -0.8677
vn -0.3391 -0.5127 -0.7887
vn -0.2277 -0.0001 -0.9737
vn -0.2608 0.2767 -0.9249
vn -0.2363 0.1419 -0.9613
vn -0.2363 -0.1418 -0.9613
vn -0.2608 -0.2767 -0.9249
vn -0.5924 -0.7268 -0.3476
vn -0.6615 -0.7168 -0.2205
vn -0.6616 0.7167 -0.2204
vn -0.5924 0.7269 -0.3475
vn -0.7342 -0.6711 -0.1026
vn -0.7342 0.6711 -0.1026
vn -0.7952 0.6063 0.0080
vn -0.7952 -0.6063 0.0079
vn -0.8977 -0.4017 0.1811
vn -0.8522 -0.5130 0.1026
vn -0.8977 0.4016 0.1812
vn -0.8522 0.5130 0.1027
vn -0.9314 0.2763 0.2369
vn -0.9509 0.1416 0.2751
vn -0.9509 -0.1415 0.2752
vn -0.9570 -0.0001 0.2902
vn -0.9314 -0.2763 0.2368
vn -0.7492 -0.0000 -0.6623
vn -0.7389 0.1965 -0.6445
vn -0.6962 0.3798 -0.6092
vn -0.6286 0.5499 -0.5500
vn -0.6630 -0.5525 0.5051
vn -0.5500 -0.5500 0.6285
vn -0.6092 -0.3798 0.6961
vn -0.6387 -0.7018 0.3154
vn -0.5669 -0.7008 0.4331
vn -0.6874 -0.7032 0.1817
vn -0.7352 -0.3796 0.5615
vn -0.6446 -0.1965 0.7389
vn -0.7778 -0.1964 0.5971
vn -0.6624 -0.0000 0.7491
vn -0.7778 0.1964 0.5971
vn -0.6446 0.1965 0.7389
vn -0.7353 0.3796 0.5614
vn -0.6092 0.3797 0.6962
vn -0.6630 0.5525 0.5051
vn -0.5500 0.5499 0.6285
vn -0.5669 0.7008 0.4331
vn -0.5597 -0.8278 0.0394
vn -0.7102 -0.7024 0.0474
vn -0.5534 -0.8299 -0.0712
vn -0.3862 -0.9221 0.0237
vn -0.3858 -0.9214 -0.0473
vn -0.6723 -0.7039 -0.2293
vn -0.5290 -0.8290 -0.1815
vn -0.5370 -0.7031 -0.4661
vn -0.7233 -0.5505 -0.4168
vn -0.6285 -0.5500 -0.5500
vn -0.4876 -0.8259 -0.2831
vn 0.5371 -0.7030 0.4661
vn 0.6161 -0.7029 0.3554
vn 0.7234 -0.5505 0.4168
vn 0.6285 -0.5500 0.5500
vn 0.4876 -0.8259 0.2831
vn 0.6722 -0.7039 0.2293
vn 0.4184 -0.8290 0.3711
vn 0.4350 -0.7039 0.5615
vn 0.5052 -0.5525 0.6630
vn 0.3399 -0.8298 0.4426
vn 0.3154 -0.7019 0.6387
vn 0.2444 -0.8280 0.5047
vn 0.1419 -0.8273 0.5436
vn 0.1817 -0.7032 0.6874
vn 0.6387 -0.7019 -0.3154
vn 0.6874 -0.7032 -0.1817
vn 0.5436 -0.8273 -0.1418
vn 0.5047 -0.8280 -0.2445
vn 0.7102 -0.7024 -0.0474
vn 0.5597 -0.8278 -0.0394
vn 0.7039 -0.7039 0.0949
vn 0.5587 -0.8263 0.0708
vn 0.3862 -0.9221 -0.0238
vn 0.0473 -0.7024 0.7102
vn -0.0949 -0.7039 0.7039
vn -0.0708 -0.8263 0.5587
vn -0.2293 -0.7040 0.6722
vn -0.1816 -0.8290 0.5290
vn -0.2924 -0.7033 0.6480
vn -0.2286 -0.8277 0.5124
vn -0.1576 -0.9217 0.3545
vn -0.1259 -0.9206 0.3698
vn 0.0394 -0.8277 0.5597
vn -0.0633 -0.9798 0.1897
vn -0.0869 -0.9795 0.1817
vn 0.0550 -0.9980 0.0315
vn -0.0237 -0.9800 0.1976
vn 0.0550 -0.9980 0.0314
vn -0.0472 -0.9213 0.3859
vn 0.0238 -0.9221 0.3863
vn 0.0158 -0.9802 0.1976
vn 0.1023 -0.9203 0.3776
vn 0.0553 -0.9788 0.1973
vn 0.0870 -0.9795 0.1817
vn 0.1732 -0.9218 0.3468
vn 0.2364 -0.9218 0.3073
vn 0.1264 -0.9793 0.1580
vn 0.2918 -0.9226 0.2523
vn 0.1501 -0.9795 0.1342
vn 0.3382 -0.9203 0.1966
vn 0.1738 -0.9794 0.1027
vn 0.1897 -0.9798 0.0632
vn 0.5290 -0.8290 0.1816
vn 0.3697 -0.9206 0.1259
vn 0.3859 -0.9213 0.0473
vn 0.1976 -0.9800 0.0237
vn 0.1976 -0.9802 -0.0158
vn 0.3776 -0.9203 -0.1023
vn 0.1973 -0.9788 -0.0552
vn 0.1817 -0.9795 -0.0869
vn 0.3467 -0.9218 -0.1734
vn 0.3073 -0.9218 -0.2363
vn 0.1580 -0.9793 -0.1263
vn 0.2524 -0.9226 -0.2918
vn 0.1343 -0.9795 -0.1501
vn 0.2283 -0.9212 -0.3149
vn 0.1184 -0.9790 -0.1658
vn -0.3382 -0.9203 -0.1966
vn -0.4331 -0.7008 -0.5669
vn -0.4185 -0.8290 -0.3711
vn -0.2912 -0.9208 -0.2597
vn -0.3399 -0.8298 -0.4426
vn -0.5052 -0.5525 -0.6630
vn -0.3154 -0.7018 -0.6387
vn -0.2445 -0.8280 -0.5046
vn -0.1817 -0.7032 -0.6874
vn 0.1815 -0.8290 -0.5290
vn 0.2294 -0.7039 -0.6723
vn 0.2924 -0.7033 -0.6480
vn 0.2286 -0.8277 -0.5124
vn 0.1575 -0.9217 -0.3545
vn 0.0711 -0.8299 -0.5533
vn 0.0949 -0.7039 -0.7039
vn 0.1259 -0.9206 -0.3697
vn 0.0632 -0.9798 -0.1896
vn -0.0550 -0.9980 -0.0315
vn 0.0237 -0.9800 -0.1976
vn 0.0473 -0.9213 -0.3859
vn -0.0394 -0.8278 -0.5597
vn -0.0474 -0.7024 -0.7102
vn -0.0158 -0.9802 -0.1976
vn -0.0550 -0.9980 -0.0314
vn -0.0238 -0.9221 -0.3862
vn -0.1418 -0.8273 -0.5436
vn -0.1023 -0.9203 -0.3776
vn -0.0553 -0.9788 -0.1973
vn -0.1733 -0.9218 -0.3467
vn -0.2363 -0.9218 -0.3074
vn -0.1264 -0.9793 -0.1580
vn -0.1501 -0.9795 -0.1343
vn -0.1738 -0.9794 -0.1027
vn -0.3698 -0.9205 -0.1259
vn -0.1896 -0.9798 -0.0632
vn -0.1976 -0.9802 0.0158
vn -0.3305 -0.8262 0.4564
vn -0.4183 -0.7023 0.5760
vn -0.4661 -0.7030 0.5371
vn -0.4880 -0.5511 0.6769
vn -0.3711 -0.8290 0.4184
vn -0.6630 -0.5525 0.5052
vn -0.2597 -0.9207 0.2912
vn -0.2283 -0.9212 0.3150
vn -0.1184 -0.9791 0.1656
vn -0.4426 -0.8298 0.3399
vn -0.1342 -0.9795 0.1502
vn -0.3071 -0.9218 0.2365
vn -0.5037 -0.8264 0.2518
vn -0.1579 -0.9793 0.1264
vn -0.3467 -0.9218 0.1732
vn -0.5436 -0.8273 0.1418
vn -0.1817 -0.9795 0.0869
vn -0.3775 -0.9203 0.1022
vn -0.1973 -0.9788 0.0553
vn 0.3710 -0.8290 -0.4185
vn 0.4182 -0.7023 -0.5761
vn 0.4661 -0.7030 -0.5372
vn 0.4880 -0.5511 -0.6769
vn 0.3304 -0.8262 -0.4564
vn 0.5500 -0.5500 -0.6285
vn 0.5615 -0.7039 -0.4350
vn 0.4426 -0.8298 -0.3398
vn 0.6629 -0.5525 -0.5052
vn 0.6616 -0.7167 0.2206
vn 0.5925 -0.7267 0.3476
vn -0.5925 -0.7267 -0.3476
vn -0.5199 -0.7167 -0.4648
vn 0.7343 -0.6711 0.1026
vn -0.4577 -0.6706 -0.5838
vn 0.7953 -0.6062 -0.0078
vn -0.3932 -0.6054 -0.6920
vn 0.8523 -0.5129 -0.1025
vn -0.3393 -0.5127 -0.7887
vn 0.3932 -0.6054 0.6920
vn 0.3392 -0.5127 0.7887
vn -0.8523 -0.5129 0.1026
vn -0.7953 -0.6062 0.0079
vn 0.4577 -0.6706 0.5838
vn -0.7343 -0.6710 -0.1027
vn 0.5199 -0.7168 0.4647
vn -0.6616 -0.7167 -0.2205
vn 0.5925 -0.7267 0.3477
vn -0.5926 -0.7267 -0.3476
vn -0.5051 -0.5525 -0.6630
vn -0.5668 -0.3779 -0.7321
vn -0.7389 -0.1965 -0.6446
vn -0.3700 -0.5512 -0.7479
vn -0.2132 -0.5528 -0.8055
vn -0.4107 -0.3791 -0.8292
vn -0.5971 -0.1963 -0.7778
vn -0.7491 -0.0000 -0.6624
vn -0.4322 -0.1964 -0.8801
vn -0.6063 -0.0000 -0.7952
vn -0.7389 0.1965 -0.6446
vn -0.5971 0.1964 -0.7778
vn -0.5668 0.3779 -0.7321
vn -0.6962 0.3797 -0.6092
vn -0.4322 0.1965 -0.8801
vn -0.6285 0.5499 -0.5500
vn -0.5051 0.5525 -0.6630
vn -0.4331 0.7008 -0.5669
vn -0.3154 0.7018 -0.6387
vn -0.3700 0.5511 -0.7479
vn -0.4107 0.3791 -0.8292
vn -0.2133 0.5528 -0.8055
vn -0.1817 0.7032 -0.6874
vn -0.2374 0.3798 -0.8941
vn -0.0473 0.7023 -0.7103
vn 0.2294 0.7039 -0.6723
vn 0.2924 0.7033 -0.6480
vn 0.3452 0.5492 -0.7611
vn 0.2682 0.5525 -0.7892
vn 0.0949 0.7039 -0.7039
vn 0.3788 0.3788 -0.8444
vn 0.1102 0.5513 -0.8270
vn 0.2998 0.3787 -0.8756
vn 0.4010 0.1887 -0.8964
vn 0.3148 0.1966 -0.9286
vn -0.0550 0.5502 -0.8332
vn 0.1187 0.3797 -0.9175
vn 0.4091 -0.0000 -0.9125
vn -0.0631 0.3788 -0.9233
vn 0.1255 0.1961 -0.9725
vn -0.0631 0.1972 -0.9783
vn 0.1337 -0.0000 -0.9910
vn -0.2526 0.1973 -0.9472
vn -0.0629 -0.0000 -0.9980
vn 0.3148 -0.1967 -0.9286
vn -0.2588 -0.0000 -0.9659
vn 0.4010 -0.1887 -0.8964
vn -0.4409 -0.0000 -0.8975
vn -0.2526 -0.1973 -0.9472
vn -0.2374 -0.3798 -0.8941
vn -0.0631 -0.1972 -0.9783
vn 0.1256 -0.1961 -0.9725
vn -0.0631 -0.3788 -0.9233
vn 0.1187 -0.3797 -0.9175
vn -0.0550 -0.5502 -0.8332
vn -0.0474 -0.7023 -0.7103
vn 0.1102 -0.5513 -0.8270
vn 0.2998 -0.3787 -0.8756
vn 0.3788 -0.3788 -0.8444
vn 0.2684 -0.5524 -0.7892
vn 0.3452 -0.5492 -0.7611
vn 0.5500 0.5500 -0.6285
vn 0.6092 0.3797 -0.6962
vn 0.5352 0.3778 -0.7555
vn 0.4880 0.5510 -0.6769
vn 0.4880 -0.5510 -0.6769
vn 0.5352 -0.3778 -0.7555
vn 0.6092 -0.3797 -0.6962
vn 0.5752 -0.1891 -0.7958
vn 0.6445 -0.1965 -0.7389
vn 0.5833 -0.0000 -0.8122
vn 0.6624 -0.0000 -0.7492
vn 0.6445 0.1965 -0.7389
vn 0.5752 0.1891 -0.7958
vn 0.8523 -0.5129 -0.1026
vn -0.3392 -0.5125 -0.7888
vn -0.2919 -0.4023 -0.8677
vn 0.8977 -0.4016 -0.1811
vn -0.2609 -0.2767 -0.9249
vn 0.9315 -0.2763 -0.2368
vn -0.2364 -0.1418 -0.9612
vn 0.9510 -0.1415 -0.2750
vn -0.2278 -0.0000 -0.9737
vn 0.9591 -0.0000 -0.2830
vn -0.2364 0.1418 -0.9612
vn 0.9510 0.1414 -0.2750
vn -0.2609 0.2767 -0.9249
vn 0.9315 0.2763 -0.2368
vn -0.2919 0.4023 -0.8677
vn 0.8977 0.4016 -0.1811
vn -0.3393 0.5126 -0.7888
vn 0.8523 0.5129 -0.1026
vn 0.7235 -0.5504 0.4167
vn 0.6162 -0.7029 0.3554
vn 0.6723 -0.7039 0.2294
vn 0.6286 -0.5499 0.5500
vn 0.8017 -0.3773 0.4637
vn 0.6962 -0.3797 0.6092
vn 0.8503 -0.1968 0.4881
vn 0.7389 -0.1965 0.6445
vn 0.8677 -0.0000 0.4970
vn 0.7492 -0.0000 0.6623
vn 0.8292 -0.3791 -0.4107
vn 0.8941 -0.3798 -0.2374
vn 0.8056 -0.5528 -0.2132
vn 0.9233 -0.3788 -0.0632
vn 0.7479 -0.5511 -0.3700
vn 0.6388 -0.7018 -0.3154
vn 0.8332 -0.5502 -0.0550
vn 0.9725 -0.1960 0.1256
vn 0.9175 -0.3797 0.1187
vn 0.7103 -0.7023 -0.0474
vn 0.8270 -0.5513 0.1102
vn 0.9286 -0.1967 0.3148
vn 0.9463 -0.0000 0.3233
vn 0.8756 -0.3787 0.2998
vn 0.9286 0.1967 0.3148
vn 0.7891 -0.5528 0.2678
vn 0.8941 0.3798 -0.2374
vn 0.9233 0.3788 -0.0632
vn 0.9783 0.1971 -0.0631
vn 0.9725 0.1960 0.1256
vn 0.8801 0.1963 -0.4323
vn 0.8292 0.3791 -0.4107
vn 0.7778 0.1963 -0.5971
vn 0.7952 -0.0000 -0.6064
vn 0.9472 0.1974 -0.2526
vn 0.8975 -0.0000 -0.4409
vn 0.8801 -0.1964 -0.4322
vn 0.9658 -0.0000 -0.2592
vn 0.9472 -0.1973 -0.2526
vn 0.9980 -0.0000 -0.0629
vn 0.9910 -0.0000 0.1336
vn 0.9783 -0.1972 -0.0631
vn 0.3931 -0.6055 0.6920
vn 0.4576 0.6707 0.5838
vn 0.3930 0.6055 0.6920
vn 0.4575 -0.6707 0.5839
vn 0.5198 -0.7169 0.4647
vn 0.5198 0.7168 0.4647
vn 0.2918 0.4023 0.8678
vn 0.3390 0.5127 0.7888
vn 0.2918 -0.4024 0.8677
vn 0.3390 -0.5127 0.7888
vn 0.2277 0.0001 0.9737
vn 0.2589 -0.2747 0.9260
vn 0.2363 -0.1418 0.9613
vn 0.2362 0.1418 0.9613
vn 0.2588 0.2747 0.9260
vn 0.6615 0.7167 0.2205
vn 0.5924 0.7269 0.3475
vn 0.6615 -0.7168 0.2205
vn 0.5924 -0.7268 0.3476
vn 0.7342 0.6712 0.1026
vn 0.7342 -0.6711 0.1025
vn 0.7952 -0.6063 -0.0079
vn 0.7952 0.6064 -0.0079
vn 0.8977 0.4016 -0.1812
vn 0.8522 -0.5130 -0.1027
vn 0.8977 -0.4017 -0.1811
vn 0.9314 -0.2763 -0.2369
vn 0.9509 -0.1414 -0.2752
vn 0.9509 0.1415 -0.2752
vn 0.9314 0.2763 -0.2369
vn 0.9591 -0.0001 -0.2831
vn 0.7389 0.1965 0.6445
vn 0.8503 0.1968 0.4881
vn 0.8756 0.3787 0.2998
vn 0.8017 0.3773 0.4637
vn 0.7891 0.5528 0.2678
vn 0.6962 0.3797 0.6092
vn 0.7235 0.5504 0.4167
vn 0.6286 0.5499 0.5500
vn 0.6723 0.7039 0.2294
vn 0.6162 0.7029 0.3554
vn 0.6630 0.5525 -0.5051
vn 0.7321 0.3779 -0.5668
vn 0.5500 0.5499 -0.6285
vn 0.7479 0.5512 -0.3699
vn 0.5615 0.7039 -0.4350
vn 0.6388 0.7017 -0.3154
vn 0.6874 0.7032 -0.1817
vn 0.8056 0.5528 -0.2132
vn 0.8332 0.5502 -0.0550
vn 0.7103 0.7023 -0.0473
vn 0.8269 0.5514 0.1102
vn 0.7039 0.7039 0.0949
vn 0.9175 0.3797 0.1187
vn 0.6630 -0.5525 -0.5051
vn 0.5500 -0.5499 -0.6285
vn 0.7321 -0.3779 -0.5668
vn 0.6446 -0.1965 -0.7389
vn 0.7778 -0.1963 -0.5971
vn 0.6625 -0.0000 -0.7491
vn 0.6446 0.1965 -0.7389
vn -0.3074 0.9218 0.2363
vn -0.1343 0.9795 0.1501
vn -0.1579 0.9793 0.1264
vn -0.0550 0.9980 -0.0314
vn -0.5037 0.8264 0.2518
vn -0.3467 0.9218 0.1732
vn -0.5436 0.8273 0.1418
vn -0.1817 0.9795 0.0870
vn -0.3776 0.9203 0.1023
vn -0.1973 0.9788 0.0552
vn -0.1976 0.9802 0.0158
vn -0.3862 0.9221 0.0238
vn -0.5597 0.8278 0.0394
vn -0.7102 0.7024 0.0473
vn -0.5533 0.8299 -0.0712
vn -0.3859 0.9213 -0.0472
vn -0.5290 0.8290 -0.1815
vn -0.6722 0.7039 -0.2294
vn -0.3698 0.9206 -0.1259
vn -0.1896 0.9798 -0.0632
vn -0.1738 0.9794 -0.1026
vn -0.3382 0.9203 -0.1966
vn -0.1501 0.9795 -0.1342
vn -0.0550 0.9980 -0.0315
vn -0.2912 0.9207 -0.2597
vn -0.4876 0.8258 -0.2832
vn -0.6160 0.7030 -0.3554
vn -0.5371 0.7030 -0.4661
vn -0.7234 0.5505 -0.4168
vn -0.4184 0.8290 -0.3711
vn 0.7234 0.5504 0.4168
vn 0.6161 0.7030 0.3554
vn 0.5371 0.7030 0.4661
vn 0.6285 0.5500 0.5500
vn 0.4876 0.8259 0.2831
vn 0.6722 0.7039 0.2294
vn 0.5290 0.8290 0.1816
vn 0.5587 0.8263 0.0708
vn 0.4184 0.8290 0.3711
vn 0.4350 0.7039 0.5615
vn 0.3859 0.9213 0.0474
vn 0.3862 0.9221 -0.0237
vn 0.3382 0.9203 0.1966
vn 0.3697 0.9206 0.1259
vn 0.1976 0.9800 0.0237
vn 0.1976 0.9802 -0.0158
vn 0.0550 0.9980 0.0314
vn 0.1897 0.9798 0.0632
vn 0.1738 0.9794 0.1027
vn 0.2918 0.9226 0.2523
vn 0.1501 0.9795 0.1343
vn 0.1264 0.9793 0.1579
vn 0.0550 0.9980 0.0315
vn 0.2362 0.9218 0.3074
vn 0.3398 0.8298 0.4426
vn 0.0870 0.9795 0.1817
vn 0.1732 0.9218 0.3468
vn 0.3154 0.7019 0.6387
vn 0.2445 0.8280 0.5046
vn 0.1023 0.9203 0.3776
vn 0.1418 0.8273 0.5436
vn 0.0553 0.9788 0.1973
vn 0.0238 0.9221 0.3863
vn 0.0158 0.9802 0.1976
vn -0.0237 0.9800 0.1976
vn 0.0394 0.8278 0.5597
vn -0.0472 0.9213 0.3859
vn 0.0473 0.7024 0.7102
vn -0.0708 0.8263 0.5587
vn -0.1259 0.9205 0.3698
vn -0.0632 0.9798 0.1896
vn -0.1576 0.9217 0.3545
vn -0.1816 0.8290 0.5290
vn -0.2287 0.8277 0.5124
vn -0.2924 0.7033 0.6480
vn -0.2294 0.7039 0.6722
vn -0.0949 0.7039 0.7039
vn 0.1817 0.7032 0.6874
vn 0.5051 0.5525 0.6630
vn -0.6285 0.5500 -0.5500
vn -0.3399 0.8298 -0.4426
vn -0.3154 0.7019 -0.6387
vn -0.2445 0.8280 -0.5047
vn -0.2363 0.9218 -0.3074
vn -0.1264 0.9793 -0.1580
vn -0.1733 0.9218 -0.3467
vn -0.1023 0.9203 -0.3776
vn -0.0553 0.9788 -0.1973
vn -0.0158 0.9802 -0.1976
vn -0.1418 0.8273 -0.5436
vn -0.0236 0.9221 -0.3862
vn -0.0473 0.7024 -0.7102
vn -0.0394 0.8278 -0.5597
vn 0.0473 0.9213 -0.3859
vn 0.0237 0.9800 -0.1976
vn 0.0711 0.8299 -0.5533
vn 0.1259 0.9206 -0.3697
vn 0.0632 0.9798 -0.1896
vn 0.1576 0.9217 -0.3545
vn 0.1816 0.8290 -0.5290
vn 0.2286 0.8277 -0.5124
vn 0.4661 0.7030 -0.5371
vn 0.4182 0.7023 -0.5761
vn 0.3711 0.8290 -0.4184
vn 0.3304 0.8262 -0.4564
vn 0.2523 0.9226 -0.2918
vn 0.2283 0.9212 -0.3150
vn 0.4426 0.8298 -0.3398
vn 0.5047 0.8280 -0.2445
vn 0.6387 0.7019 -0.3154
vn 0.1342 0.9795 -0.1501
vn 0.1184 0.9790 -0.1658
vn 0.3073 0.9218 -0.2364
vn 0.1580 0.9793 -0.1263
vn 0.3467 0.9218 -0.1733
vn 0.3776 0.9203 -0.1023
vn 0.1817 0.9795 -0.0870
vn 0.1973 0.9788 -0.0552
vn 0.5436 0.8273 -0.1418
vn 0.7102 0.7024 -0.0473
vn 0.5597 0.8278 -0.0394
vn -0.4661 0.7030 0.5371
vn -0.5500 0.5500 0.6285
vn -0.4880 0.5511 0.6769
vn -0.4183 0.7023 0.5760
vn -0.3304 0.8262 0.4564
vn -0.6630 0.5525 0.5052
vn -0.3711 0.8290 0.4184
vn -0.2597 0.9207 0.2912
vn -0.2283 0.9212 0.3150
vn -0.1184 0.9791 0.1656
vn -0.4426 0.8298 0.3399
vn 0.8523 0.5129 -0.1025
vn -0.3392 0.5126 -0.7888
vn -0.3932 0.6054 -0.6920
vn 0.7953 0.6062 -0.0079
vn -0.4576 0.6705 -0.5839
vn 0.7342 0.6711 0.1027
vn -0.5199 0.7168 -0.4647
vn 0.6616 0.7167 0.2205
vn -0.5925 0.7267 -0.3476
vn 0.5925 0.7267 0.3476
vn -0.6616 0.7167 -0.2206
vn 0.5199 0.7167 0.4648
vn -0.7343 0.6710 -0.1026
vn 0.4576 0.6706 0.5839
vn -0.7953 0.6062 0.0079
vn 0.3932 0.6055 0.6919
vn -0.8523 0.5129 0.1026
vn 0.3392 0.5127 0.7887
vn 0.5051 -0.5525 0.6630
vn 0.6962 -0.3798 0.6092
vn 0.5614 -0.3796 0.7354
vn 0.7388 -0.1965 0.6447
vn 0.3700 -0.5511 0.7479
vn 0.3154 -0.7018 0.6387
vn 0.4350 -0.7039 0.5616
vn 0.5971 -0.1964 0.7778
vn 0.4107 -0.3791 0.8292
vn 0.2132 -0.5528 0.8056
vn 0.7491 -0.0000 0.6625
vn 0.4322 -0.1964 0.8801
vn 0.2374 -0.3798 0.8941
vn 0.6064 -0.0000 0.7952
vn 0.2526 -0.1973 0.9472
vn 0.5971 0.1963 0.7778
vn 0.7389 0.1965 0.6446
vn 0.4322 0.1964 0.8801
vn 0.2591 -0.0000 0.9659
vn 0.2526 0.1973 0.9472
vn 0.0629 -0.0000 0.9980
vn 0.0631 -0.1972 0.9783
vn 0.0631 -0.3788 0.9233
vn 0.0550 -0.5502 0.8332
vn 0.0474 -0.7023 0.7103
vn -0.2294 0.7039 0.6723
vn -0.3452 0.5492 0.7610
vn -0.2684 0.5522 0.7893
vn -0.3855 0.3777 0.8419
vn 0.0473 0.7023 0.7103
vn -0.1103 0.5513 0.8270
vn -0.2998 0.3787 0.8756
vn -0.4039 0.1901 0.8948
vn -0.3148 0.1967 0.9286
vn -0.4091 -0.0000 0.9125
vn -0.1187 0.3797 0.9175
vn 0.0550 0.5503 0.8332
vn 0.2133 0.5528 0.8055
vn 0.3700 0.5511 0.7479
vn 0.3154 0.7018 0.6387
vn 0.4350 0.7038 0.5616
vn 0.6962 0.3798 0.6092
vn 0.5614 0.3796 0.7354
vn 0.4107 0.3791 0.8292
vn 0.2375 0.3798 0.8941
vn 0.0631 0.3788 0.9233
vn 0.0631 0.1972 0.9783
vn -0.1255 0.1961 0.9725
vn -0.1337 -0.0000 0.9910
vn -0.1255 -0.1961 0.9725
vn -0.3148 -0.1966 0.9286
vn -0.4039 -0.1901 0.8948
vn -0.1188 -0.3797 0.9174
vn -0.2998 -0.3787 0.8756
vn -0.3855 -0.3777 0.8419
vn -0.1103 -0.5513 0.8270
vn -0.2684 -0.5522 0.7893
vn -0.3452 -0.5492 0.7610
vn -0.2294 -0.7039 0.6723
vn -0.4880 -0.5510 0.6769
vn -0.5352 -0.3778 0.7555
vn -0.6091 -0.3797 0.6963
vn -0.5752 -0.1891 0.7959
vn -0.6445 -0.1965 0.7389
vn -0.5835 -0.0000 0.8121
vn -0.6623 -0.0000 0.7492
vn -0.6445 0.1965 0.7389
vn -0.5752 0.1891 0.7959
vn -0.6091 0.3797 0.6963
vn -0.5352 0.3778 0.7555
vn -0.4880 0.5510 0.6769
vn 0.2920 0.4023 0.8677
vn 0.3392 0.5125 0.7888
vn -0.8523 0.5128 0.1026
vn -0.8977 0.4016 0.1811
vn 0.2591 0.2746 0.9260
vn -0.9315 0.2762 0.2367
vn 0.2364 0.1418 0.9612
vn -0.9510 0.1415 0.2749
vn 0.2278 -0.0000 0.9737
vn -0.9570 -0.0000 0.2901
vn 0.2364 -0.1418 0.9612
vn -0.9510 -0.1414 0.2750
vn 0.2590 -0.2746 0.9260
vn -0.9315 -0.2763 0.2367
vn 0.2920 -0.4023 0.8677
vn -0.8977 -0.4016 0.1811
vn 0.3392 -0.5126 0.7888
vn -0.8523 -0.5128 0.1026
vn -0.9487 -0.0000 0.3162
vn -0.9920 -0.0000 0.1260
vn -0.9725 -0.1961 0.1255
vn -0.9778 -0.1971 -0.0710
vn -0.9434 -0.1965 -0.2673
vn -0.8880 -0.3851 -0.2515
vn -0.8188 -0.3858 -0.4252
vn -0.8722 -0.1965 -0.4479
vn -0.9975 -0.0000 -0.0707
vn -0.9633 -0.0000 -0.2684
vn -0.8897 -0.0000 -0.4566
vn -0.8722 0.1964 -0.4479
vn -0.9434 0.1965 -0.2673
vn -0.8188 0.3858 -0.4252
vn -0.9778 0.1971 -0.0710
vn -0.8880 0.3851 -0.2515
vn -0.7354 0.5614 -0.3795
vn -0.9725 0.1961 0.1256
vn -0.9201 0.3853 -0.0708
vn -0.7964 0.5599 -0.2287
vn -0.6222 0.7167 -0.3150
vn -0.6746 0.7137 -0.1883
vn -0.8268 0.5590 -0.0630
vn -0.6982 0.7138 -0.0549
vn -0.9147 0.3864 0.1183
vn -0.8643 -0.0000 0.5029
vn -0.8215 0.5608 0.1027
vn -0.6926 0.7161 0.0866
vn -0.8751 0.3863 0.2917
vn -0.7858 0.5579 0.2672
vn -0.6616 0.7167 0.2205
vn -0.7964 0.3864 0.4652
vn -0.7353 0.1976 0.6483
vn -0.7165 0.5590 0.4173
vn -0.6043 0.7142 0.3532
vn -0.6211 0.5581 0.5503
vn -0.7492 -0.0000 0.6624
vn -0.6941 0.3865 0.6073
vn -0.6043 -0.7142 0.3532
vn -0.7165 -0.5590 0.4173
vn -0.7964 -0.3864 0.4652
vn -0.6211 -0.5581 0.5503
vn -0.6941 -0.3865 0.6073
vn -0.7857 -0.5579 0.2672
vn -0.6926 -0.7161 0.0866
vn -0.7353 -0.1976 0.6483
vn -0.8751 -0.3863 0.2917
vn -0.8216 -0.5608 0.1027
vn -0.6982 -0.7138 -0.0549
vn -0.9147 -0.3864 0.1183
vn -0.8268 -0.5590 -0.0630
vn -0.6746 -0.7138 -0.1883
vn -0.7964 -0.5599 -0.2287
vn -0.9201 -0.3853 -0.0708
vn -0.2604 -0.9629 -0.0710
vn -0.6455 0.1890 -0.7400
vn -0.6455 -0.1889 -0.7400
vn -0.6540 -0.0000 -0.7565
vn -0.5129 -0.6942 -0.5050
vn -0.6141 -0.3779 -0.6928
vn -0.5740 -0.5425 -0.6134
vn -0.3547 -0.9066 -0.2285
vn -0.4329 -0.8185 -0.3778
vn -0.0710 -0.9629 0.2604
vn -0.1649 -0.9818 0.0942
vn -0.2604 0.9629 -0.0710
vn -0.5128 0.6943 -0.5050
vn -0.6141 0.3780 -0.6928
vn -0.5740 0.5426 -0.6133
vn -0.3547 0.9066 -0.2286
vn -0.4329 0.8185 -0.3777
vn -0.0710 0.9629 0.2604
vn -0.1649 0.9818 0.0943
vn 0.3152 0.1891 0.9300
vn 0.3152 -0.1892 0.9300
vn 0.1818 0.6953 0.6953
vn 0.2906 0.3769 0.8795
vn 0.2441 0.5434 0.8032
vn 0.0237 0.9080 0.4184
vn 0.1100 0.8172 0.5657
vn 0.1817 -0.6953 0.6953
vn 0.0237 -0.9080 0.4184
vn 0.1100 -0.8172 0.5657
vn 0.2906 -0.3768 0.8795
vn 0.2441 -0.5434 0.8032
vn -0.5499 0.7148 -0.4320
vn -0.7354 -0.5614 -0.3795
vn -0.5499 -0.7148 -0.4320
vn -0.6222 -0.7167 -0.3150
vn -0.6459 -0.5592 -0.5198
vn -0.5362 -0.5519 -0.6387
vn -0.7192 -0.3872 -0.5769
vn -0.5924 -0.3791 -0.7109
vn -0.7640 -0.1969 -0.6144
vn -0.6278 -0.1962 -0.7533
vn -0.7816 -0.0000 -0.6237
vn -0.6371 -0.0000 -0.7708
vn -0.6278 0.1962 -0.7532
vn -0.7640 0.1969 -0.6144
vn -0.5924 0.3791 -0.7109
vn -0.7192 0.3873 -0.5769
vn -0.5362 0.5519 -0.6387
vn -0.6459 0.5592 -0.5198
vn -0.4238 -0.7141 0.5572
vn -0.4970 -0.5602 0.6627
vn -0.6210 -0.5582 0.5503
vn -0.5256 -0.7138 0.4628
vn 0.4238 -0.7141 -0.5572
vn 0.4970 -0.5602 -0.6627
vn 0.6210 -0.5582 -0.5503
vn 0.5256 -0.7138 -0.4628
vn 0.7165 -0.5590 -0.4173
vn 0.6043 -0.7142 -0.3532
vn -0.2357 -0.8170 -0.5263
vn -0.2997 -0.6940 -0.6546
vn -0.2355 -0.7066 -0.6673
vn -0.1892 -0.8278 -0.5282
vn -0.1655 -0.9140 -0.3703
vn -0.1259 -0.9205 -0.3698
vn -0.0943 -0.9744 -0.2043
vn -0.0631 -0.9783 -0.1972
vn 0.0784 -0.9958 -0.0471
vn -0.1022 -0.7151 -0.6915
vn -0.0788 -0.8355 -0.5438
vn 0.0314 -0.7146 -0.6988
vn -0.0471 -0.9253 -0.3764
vn 0.0316 -0.8377 -0.5453
vn -0.0235 -0.9803 -0.1961
vn 0.0236 -0.9288 -0.3699
vn 0.1731 -0.7158 -0.6765
vn 0.0157 -0.9819 -0.1886
vn 0.1334 -0.8400 -0.5260
vn 0.0946 -0.9302 -0.3547
vn 0.0472 -0.9838 -0.1732
vn 0.2358 -0.8408 -0.4872
vn 0.3064 -0.7149 -0.6285
vn 0.1577 -0.9303 -0.3311
vn 0.0788 -0.9844 -0.1575
vn 0.3318 -0.8373 -0.4345
vn 0.2208 -0.9306 -0.2918
vn 0.1102 -0.9838 -0.1417
vn 0.0784 -0.9958 -0.0470
vn 0.4104 -0.8365 -0.3630
vn 0.2758 -0.9297 -0.2442
vn 0.1338 -0.9839 -0.1181
vn 0.4735 -0.8364 -0.2762
vn 0.3157 -0.9313 -0.1815
vn 0.1498 -0.9849 -0.0865
vn 0.1654 -0.9847 -0.0551
vn 0.3469 -0.9304 -0.1183
vn 0.5205 -0.8360 -0.1735
vn 0.1733 -0.9846 -0.0236
vn 0.3628 -0.9307 -0.0473
vn 0.1810 -0.9835 0.0079
vn 0.5409 -0.8388 -0.0627
vn 0.3631 -0.9314 0.0238
vn 0.1732 -0.9838 0.0472
vn 0.5415 -0.8398 0.0392
vn 0.6925 -0.7162 -0.0866
vn 0.3547 -0.9302 0.0946
vn 0.1652 -0.9831 0.0787
vn 0.5248 -0.8381 0.1488
vn 0.6981 -0.7139 0.0549
vn 0.3307 -0.9291 0.1654
vn 0.1569 -0.9806 0.1177
vn 0.4895 -0.8369 0.2448
vn 0.6745 -0.7138 0.1882
vn 0.2985 -0.9268 0.2278
vn 0.1418 -0.9773 0.1576
vn 0.4333 -0.8351 0.3388
vn 0.6222 -0.7167 0.3150
vn 0.2597 -0.9208 0.2912
vn 0.1259 -0.9754 0.1809
vn 0.2363 -0.9136 0.3308
vn 0.3630 -0.8286 0.4261
vn 0.3384 -0.8185 0.4643
vn 0.4579 -0.7026 0.5447
vn 0.4167 -0.6919 0.5896
vn 0.5529 -0.7110 0.4345
vn 0.4875 -0.5426 0.6841
vn 0.5362 -0.5520 0.6386
vn 0.6458 -0.5592 0.5198
vn 0.2355 -0.7066 0.6673
vn 0.1892 -0.8278 0.5282
vn 0.2357 -0.8170 0.5263
vn 0.2997 -0.6941 0.6546
vn 0.1655 -0.9140 0.3704
vn 0.1259 -0.9206 0.3698
vn 0.0943 -0.9744 0.2043
vn 0.1021 -0.7151 0.6915
vn 0.0631 -0.9783 0.1972
vn -0.0784 -0.9958 0.0471
vn 0.0788 -0.8354 0.5439
vn 0.0470 -0.9253 0.3764
vn 0.0235 -0.9803 0.1961
vn -0.0316 -0.8376 0.5453
vn -0.0314 -0.7146 0.6988
vn -0.0236 -0.9288 0.3699
vn -0.0157 -0.9819 0.1886
vn -0.1334 -0.8400 0.5260
vn -0.1731 -0.7159 0.6764
vn -0.0946 -0.9302 0.3547
vn -0.0472 -0.9838 0.1732
vn -0.0784 -0.9958 0.0470
vn -0.2358 -0.8408 0.4872
vn -0.3064 -0.7150 0.6284
vn -0.1577 -0.9303 0.3311
vn -0.0788 -0.9844 0.1575
vn -0.3296 -0.8397 0.4316
vn -0.2209 -0.9306 0.2918
vn -0.1102 -0.9838 0.1417
vn -0.4104 -0.8365 0.3630
vn -0.2758 -0.9297 0.2442
vn -0.1338 -0.9839 0.1181
vn -0.4734 -0.8364 0.2762
vn -0.3157 -0.9313 0.1815
vn -0.1498 -0.9849 0.0865
vn -0.1654 -0.9847 0.0551
vn -0.3469 -0.9304 0.1183
vn -0.5206 -0.8360 0.1735
vn -0.1733 -0.9846 0.0236
vn -0.3628 -0.9307 0.0473
vn -0.1810 -0.9834 -0.0079
vn -0.5445 -0.8364 0.0631
vn -0.3631 -0.9314 -0.0238
vn -0.1731 -0.9838 -0.0472
vn -0.5415 -0.8398 -0.0392
vn -0.6925 -0.7162 0.0866
vn -0.3547 -0.9302 -0.0946
vn -0.1652 -0.9831 -0.0787
vn -0.5248 -0.8381 -0.1488
vn -0.6981 -0.7139 -0.0549
vn -0.3307 -0.9291 -0.1654
vn -0.1569 -0.9806 -0.1176
vn -0.4895 -0.8369 -0.2448
vn -0.6746 -0.7138 -0.1882
vn -0.2985 -0.9268 -0.2278
vn -0.1419 -0.9773 -0.1576
vn -0.4333 -0.8351 -0.3388
vn -0.1336 -0.9744 -0.1807
vn -0.2363 -0.9136 -0.3308
vn -0.3698 -0.8263 -0.4248
vn -0.3384 -0.8185 -0.4643
vn -0.4579 -0.7026 -0.5447
vn -0.4167 -0.6919 -0.5896
vn -0.4875 -0.5426 -0.6841
vn -0.5362 -0.5520 -0.6386
vn -0.6458 -0.5592 -0.5198
vn 0.1649 -0.9818 -0.0942
vn 0.2604 -0.9629 0.0710
vn 0.0237 -0.9079 0.4184
vn 0.3547 -0.9066 0.2286
vn 0.1101 -0.8172 0.5657
vn 0.4391 -0.8157 0.3765
vn 0.1818 -0.6954 0.6953
vn 0.5128 -0.6943 0.5049
vn -0.4328 -0.8185 -0.3778
vn -0.5127 -0.6943 -0.5050
vn -0.1817 -0.6953 -0.6953
vn -0.1100 -0.8172 -0.5658
vn -0.3547 -0.9066 -0.2286
vn -0.0237 -0.9080 -0.4184
vn 0.0710 -0.9629 -0.2604
vn 0.6210 0.5581 -0.5503
vn 0.6908 0.3846 -0.6123
vn 0.4970 0.5601 -0.6628
vn 0.3064 0.7149 -0.6285
vn 0.4238 0.7141 -0.5572
vn 0.3616 0.5581 -0.7468
vn 0.5597 0.3863 -0.7331
vn 0.4002 0.3845 -0.8318
vn 0.5920 0.1973 -0.7814
vn 0.7353 0.1976 -0.6483
vn 0.2444 -0.0000 -0.9697
vn 0.2434 -0.1963 -0.9499
vn 0.0474 -0.1974 -0.9792
vn 0.4345 -0.0000 -0.9007
vn 0.0472 -0.3859 -0.9213
vn 0.2292 -0.3872 -0.8930
vn 0.0394 -0.5597 -0.8277
vn 0.4258 -0.1971 -0.8831
vn 0.4258 0.1971 -0.8831
vn 0.6063 -0.0000 -0.7953
vn 0.2048 -0.5592 -0.8034
vn 0.0314 -0.7146 -0.6989
vn 0.4002 -0.3845 -0.8318
vn 0.3616 -0.5581 -0.7468
vn 0.5920 -0.1973 -0.7814
vn 0.5597 -0.3863 -0.7331
vn 0.4970 -0.5601 -0.6628
vn 0.7353 -0.1976 -0.6483
vn 0.6908 -0.3846 -0.6123
vn 0.6210 -0.5581 -0.5503
vn -0.3467 -0.5437 -0.7643
vn -0.2355 -0.7065 -0.6674
vn -0.2846 -0.5535 -0.7827
vn -0.3867 -0.3709 -0.8444
vn -0.3162 -0.3794 -0.8695
vn -0.4010 -0.1887 -0.8964
vn -0.3382 -0.1966 -0.9203
vn -0.3468 -0.0000 -0.9379
vn -0.3382 0.1966 -0.9203
vn -0.4010 0.1887 -0.8964
vn -0.1491 -0.0000 -0.9888
vn -0.1497 -0.1969 -0.9689
vn -0.3162 0.3794 -0.8695
vn -0.3867 0.3709 -0.8443
vn -0.1497 0.1969 -0.9689
vn 0.0472 -0.0000 -0.9989
vn -0.1415 -0.3852 -0.9119
vn -0.1261 -0.5593 -0.8193
vn -0.3467 0.5437 -0.7643
vn -0.2982 0.6904 -0.6591
vn -0.2368 0.7026 -0.6710
vn -0.2846 0.5535 -0.7827
vn -0.1261 0.5593 -0.8193
vn -0.1022 0.7151 -0.6915
vn -0.1415 0.3852 -0.9119
vn 0.0394 0.5597 -0.8277
vn 0.0314 0.7145 -0.6989
vn 0.0473 0.3859 -0.9213
vn 0.0474 0.1974 -0.9792
vn 0.2048 0.5592 -0.8034
vn 0.1731 0.7158 -0.6765
vn 0.2292 0.3873 -0.8930
vn 0.2434 0.1963 -0.9499
vn -0.5424 -0.3694 -0.7546
vn -0.4875 -0.5425 -0.6841
vn -0.6277 -0.1962 -0.7533
vn -0.6277 0.1962 -0.7533
vn -0.5752 0.1891 -0.7959
vn -0.5424 0.3694 -0.7546
vn -0.4875 0.5425 -0.6841
vn -0.1818 0.6953 -0.6953
vn -0.2442 0.5434 -0.8032
vn -0.6141 0.3779 -0.6929
vn -0.2906 0.3769 -0.8795
vn -0.6455 0.1889 -0.7400
vn -0.3153 0.1892 -0.9299
vn -0.3305 -0.0000 -0.9438
vn -0.3153 -0.1891 -0.9300
vn -0.6141 -0.3779 -0.6929
vn -0.2906 -0.3769 -0.8795
vn -0.5740 -0.5426 -0.6133
vn -0.2443 -0.5434 -0.8032
vn -0.5128 -0.6943 -0.5050
vn -0.1818 -0.6953 -0.6953
vn 0.8215 -0.5609 -0.1027
vn 0.6926 -0.7161 -0.0866
vn 0.7857 -0.5579 -0.2672
vn 0.8750 -0.3863 -0.2917
vn 0.6982 -0.7138 0.0549
vn 0.9147 -0.3864 -0.1183
vn 0.8268 -0.5590 0.0630
vn 0.6746 -0.7138 0.1883
vn 0.7965 -0.5598 0.2286
vn 0.9201 -0.3853 0.0708
vn 0.8880 -0.3851 0.2515
vn 0.9487 -0.0000 -0.3162
vn 0.9778 -0.1971 0.0709
vn 0.9920 -0.0000 -0.1260
vn 0.9286 0.1967 -0.3148
vn 0.9725 0.1960 -0.1256
vn 0.9434 -0.1965 0.2673
vn 0.8188 -0.3858 0.4251
vn 0.8722 -0.1964 0.4479
vn 0.9975 -0.0000 0.0707
vn 0.9633 -0.0000 0.2685
vn 0.8897 -0.0000 0.4566
vn 0.8722 0.1965 0.4479
vn 0.9434 0.1965 0.2673
vn 0.8188 0.3858 0.4251
vn 0.9778 0.1971 0.0709
vn 0.8880 0.3851 0.2515
vn 0.7354 0.5614 0.3795
vn 0.7964 0.5599 0.2287
vn 0.9201 0.3853 0.0708
vn 0.9147 0.3864 -0.1183
vn 0.8267 0.5590 0.0630
vn 0.6746 0.7138 0.1883
vn 0.6982 0.7138 0.0549
vn 0.8215 0.5609 -0.1027
vn 0.6926 0.7161 -0.0866
vn 0.8751 0.3863 -0.2917
vn 0.7857 0.5579 -0.2672
vn 0.7964 0.3864 -0.4652
vn 0.7165 0.5590 -0.4173
vn 0.6043 0.7142 -0.3532
vn 0.6044 -0.7141 -0.3532
vn 0.7964 -0.3864 -0.4652
vn 0.6455 0.1889 0.7400
vn 0.2604 0.9629 0.0710
vn 0.5128 0.6943 0.5049
vn 0.6142 0.3778 0.6929
vn 0.5740 0.5425 0.6133
vn 0.3547 0.9066 0.2287
vn 0.4328 0.8185 0.3778
vn 0.6540 -0.0000 0.7565
vn 0.6455 -0.1889 0.7400
vn 0.2604 -0.9629 0.0711
vn 0.5128 -0.6943 0.5050
vn 0.6141 -0.3780 0.6929
vn 0.5739 -0.5427 0.6133
vn 0.3547 -0.9066 0.2287
vn 0.4392 -0.8157 0.3764
vn -0.3153 -0.1890 -0.9300
vn 0.1649 -0.9818 -0.0943
vn 0.0710 0.9629 -0.2604
vn 0.1649 0.9818 -0.0943
vn -0.3152 0.1891 -0.9300
vn -0.2441 0.5433 -0.8033
vn -0.0237 0.9079 -0.4185
vn -0.1100 0.8172 -0.5657
vn -0.0237 -0.9079 -0.4184
vn -0.2441 -0.5433 -0.8032
vn 0.7354 -0.5614 0.3795
vn 0.5530 -0.7109 0.4345
vn 0.7192 -0.3872 0.5769
vn 0.5362 -0.5519 0.6387
vn 0.5906 -0.3859 0.7087
vn 0.7640 -0.1969 0.6144
vn 0.6278 -0.1962 0.7532
vn 0.7778 -0.0000 0.6285
vn 0.6410 -0.0000 0.7675
vn 0.6278 0.1962 0.7532
vn 0.7640 0.1969 0.6144
vn 0.5924 0.3791 0.7109
vn 0.7192 0.3872 0.5769
vn 0.5362 0.5519 0.6387
vn 0.6458 0.5592 0.5198
vn 0.5530 0.7109 0.4345
vn 0.6222 0.7167 0.3150
vn 0.5256 0.7138 -0.4628
vn 0.6210 0.5582 -0.5503
vn 0.4970 0.5602 -0.6627
vn -0.5256 0.7138 0.4628
vn -0.6210 0.5582 0.5503
vn 0.4875 0.5426 0.6841
vn 0.5362 0.5520 0.6386
vn 0.4579 0.7026 0.5447
vn 0.4167 0.6919 0.5896
vn 0.3384 0.8185 0.4643
vn 0.3630 0.8286 0.4261
vn 0.2363 0.9136 0.3308
vn 0.5529 0.7110 0.4345
vn 0.2597 0.9208 0.2912
vn 0.1259 0.9754 0.1809
vn 0.4333 0.8351 0.3388
vn 0.1418 0.9773 0.1576
vn 0.0784 0.9958 -0.0470
vn 0.2985 0.9268 0.2278
vn 0.4895 0.8369 0.2448
vn 0.1569 0.9806 0.1177
vn 0.3307 0.9291 0.1654
vn 0.1652 0.9831 0.0787
vn 0.5248 0.8381 0.1488
vn 0.6745 0.7139 0.1882
vn 0.3547 0.9302 0.0946
vn 0.6981 0.7139 0.0549
vn 0.1732 0.9838 0.0472
vn 0.5415 0.8398 0.0392
vn 0.3631 0.9314 0.0237
vn 0.1810 0.9835 0.0079
vn 0.5445 0.8364 -0.0631
vn 0.6925 0.7162 -0.0866
vn 0.3628 0.9307 -0.0473
vn 0.1733 0.9846 -0.0236
vn 0.5205 0.8360 -0.1735
vn 0.3470 0.9304 -0.1183
vn 0.1654 0.9847 -0.0551
vn 0.4735 0.8364 -0.2762
vn 0.3157 0.9313 -0.1815
vn 0.1499 0.9849 -0.0865
vn 0.1338 0.9839 -0.1181
vn 0.2758 0.9297 -0.2442
vn 0.4104 0.8365 -0.3630
vn 0.1102 0.9838 -0.1417
vn 0.0784 0.9958 -0.0471
vn 0.2208 0.9306 -0.2918
vn 0.0788 0.9844 -0.1575
vn 0.3318 0.8373 -0.4345
vn 0.1577 0.9303 -0.3311
vn 0.0472 0.9838 -0.1732
vn 0.2358 0.8408 -0.4872
vn 0.0946 0.9302 -0.3547
vn 0.0157 0.9819 -0.1886
vn 0.1334 0.8400 -0.5260
vn 0.0236 0.9288 -0.3699
vn -0.0235 0.9803 -0.1961
vn 0.0316 0.8376 -0.5453
vn 0.1731 0.7159 -0.6765
vn -0.0471 0.9253 -0.3764
vn 0.0314 0.7146 -0.6988
vn -0.0631 0.9783 -0.1972
vn -0.0788 0.8355 -0.5438
vn -0.1259 0.9206 -0.3697
vn -0.0943 0.9744 -0.2043
vn -0.1655 0.9140 -0.3703
vn -0.1892 0.8278 -0.5282
vn -0.2357 0.8170 -0.5263
vn -0.2981 0.6906 -0.6590
vn -0.3630 0.8286 -0.4261
vn -0.2363 0.9136 -0.3308
vn -0.1336 0.9744 -0.1807
vn -0.4333 0.8351 -0.3388
vn -0.1419 0.9773 -0.1576
vn -0.0784 0.9958 0.0470
vn -0.2985 0.9268 -0.2278
vn -0.4895 0.8369 -0.2448
vn -0.1569 0.9806 -0.1176
vn -0.3307 0.9291 -0.1654
vn -0.1651 0.9831 -0.0786
vn -0.5248 0.8381 -0.1488
vn -0.6746 0.7138 -0.1882
vn -0.3547 0.9302 -0.0946
vn -0.6981 0.7139 -0.0549
vn -0.1731 0.9838 -0.0472
vn -0.5415 0.8398 -0.0392
vn -0.3699 0.9288 -0.0236
vn -0.1809 0.9835 -0.0079
vn -0.5445 0.8364 0.0631
vn -0.6925 0.7162 0.0866
vn -0.3628 0.9307 0.0473
vn -0.1733 0.9846 0.0236
vn -0.5206 0.8360 0.1735
vn -0.3469 0.9304 0.1183
vn -0.1654 0.9847 0.0551
vn -0.4734 0.8364 0.2762
vn -0.3157 0.9313 0.1815
vn -0.1498 0.9849 0.0865
vn -0.1338 0.9839 0.1181
vn -0.2758 0.9297 0.2442
vn -0.4104 0.8365 0.3630
vn -0.1102 0.9838 0.1417
vn -0.2208 0.9306 0.2918
vn -0.0788 0.9844 0.1575
vn -0.3318 0.8373 0.4345
vn -0.1577 0.9303 0.3311
vn -0.0472 0.9838 0.1731
vn -0.0784 0.9958 0.0471
vn -0.2358 0.8408 0.4872
vn -0.0946 0.9302 0.3547
vn -0.0157 0.9819 0.1885
vn -0.1334 0.8400 0.5260
vn -0.4238 0.7141 0.5572
vn -0.0236 0.9288 0.3699
vn 0.0235 0.9803 0.1961
vn -0.3064 0.7149 0.6285
vn -0.0316 0.8376 0.5453
vn -0.4970 0.5602 0.6627
vn -0.1731 0.7159 0.6764
vn 0.0471 0.9253 0.3764
vn -0.0314 0.7146 0.6988
vn 0.0631 0.9783 0.1972
vn 0.0788 0.8354 0.5439
vn 0.0943 0.9744 0.2043
vn 0.1655 0.9140 0.3703
vn 0.1892 0.8278 0.5282
vn 0.2357 0.8170 0.5263
vn 0.2355 0.7066 0.6673
vn 0.2997 0.6941 0.6546
vn 0.1022 0.7151 0.6915
vn -0.4579 0.7026 -0.5447
vn -0.4875 0.5426 -0.6841
vn -0.5362 0.5520 -0.6386
vn -0.4167 0.6918 -0.5897
vn -0.6458 0.5592 -0.5198
vn -0.3384 0.8185 -0.4643
vn 0.1101 0.8172 0.5657
vn 0.1818 0.6954 0.6953
vn 0.3547 0.9066 0.2286
vn -0.1649 0.9818 0.0942
vn 0.1649 0.9818 -0.0942
vn -0.0237 0.9080 -0.4184
vn -0.4328 0.8185 -0.3778
vn -0.1100 0.8172 -0.5658
vn -0.5127 0.6943 -0.5050
vn -0.1818 0.6954 -0.6953
vn -0.4970 0.5601 0.6628
vn -0.6210 0.5581 0.5503
vn -0.6941 0.3865 0.6074
vn -0.5597 0.3863 0.7331
vn -0.7353 0.1977 0.6483
vn -0.3616 0.5581 0.7468
vn -0.5920 0.1973 0.7814
vn -0.7491 -0.0000 0.6624
vn -0.6064 -0.0000 0.7952
vn -0.4002 0.3845 0.8318
vn -0.2048 0.5592 0.8033
vn -0.4258 0.1971 0.8831
vn -0.4345 -0.0000 0.9007
vn -0.2434 0.1963 0.9499
vn -0.2292 0.3873 0.8930
vn -0.0473 0.3859 0.9213
vn -0.0394 0.5597 0.8278
vn -0.2048 -0.5592 0.8033
vn -0.1731 -0.7158 0.6765
vn -0.0314 -0.7145 0.6989
vn -0.0474 0.1974 0.9792
vn -0.2444 -0.0000 0.9697
vn -0.2434 -0.1963 0.9499
vn -0.2292 -0.3873 0.8930
vn -0.4258 -0.1971 0.8831
vn -0.4002 -0.3845 0.8318
vn -0.3616 -0.5582 0.7468
vn -0.3064 -0.7149 0.6285
vn -0.4970 -0.5601 0.6628
vn -0.5597 -0.3863 0.7331
vn -0.5920 -0.1973 0.7814
vn -0.6941 -0.3865 0.6074
vn -0.6210 -0.5581 0.5503
vn -0.7353 -0.1977 0.6483
vn 0.5424 -0.3694 0.7546
vn 0.4875 -0.5425 0.6841
vn 0.6277 -0.1962 0.7533
vn 0.6409 -0.0000 0.7676
vn 0.6277 0.1962 0.7533
vn 0.5424 0.3694 0.7546
vn 0.4875 0.5425 0.6841
vn -0.1731 0.7158 0.6765
vn 0.3467 0.5437 0.7643
vn 0.2997 0.6940 0.6546
vn 0.2355 0.7065 0.6673
vn 0.2846 0.5535 0.7827
vn 0.3867 0.3709 0.8444
vn 0.1261 0.5593 0.8193
vn -0.0314 0.7145 0.6989
vn 0.3162 0.3794 0.8695
vn 0.1415 0.3852 0.9119
vn 0.3382 0.1966 0.9203
vn 0.1497 0.1969 0.9689
vn 0.4090 -0.0000 0.9125
vn 0.3468 -0.0000 0.9379
vn 0.1491 -0.0000 0.9888
vn 0.3382 -0.1966 0.9203
vn -0.0472 -0.0000 0.9989
vn 0.1497 -0.1969 0.9689
vn 0.3162 -0.3794 0.8695
vn 0.3867 -0.3709 0.8443
vn 0.2846 -0.5534 0.7828
vn 0.3466 -0.5437 0.7644
vn 0.2355 -0.7065 0.6673
vn 0.1415 -0.3852 0.9119
vn 0.1261 -0.5593 0.8193
vn 0.1022 -0.7151 0.6915
vn -0.0474 -0.1974 0.9792
vn -0.0473 -0.3859 0.9213
vn -0.0394 -0.5597 0.8278
vn 0.2997 -0.6940 0.6546
vn 0.2442 -0.5434 0.8032
vn 0.1819 -0.6953 0.6953
vn 0.5740 -0.5426 0.6133
vn 0.2907 -0.3769 0.8795
vn 0.6141 -0.3779 0.6929
vn 0.3153 -0.1892 0.9299
vn 0.6539 -0.0000 0.7565
vn 0.3153 0.1892 0.9299
vn 0.2907 0.3769 0.8795
vn 0.6141 0.3779 0.6929
vn 0.2442 0.5434 0.8032
vn 0.5740 0.5426 0.6133
vn 0.1819 0.6953 0.6953
vn 0.5128 0.6943 0.5050
vn -0.9487 -0.0000 -0.3162
vn -0.7353 -0.1976 -0.6483
vn -0.6941 -0.3865 -0.6073
vn -0.7492 -0.0000 -0.6624
vn -0.7353 0.1977 -0.6483
vn -0.6941 0.3865 -0.6073
vn -0.6211 0.5580 -0.5503
vn -0.7964 0.3864 -0.4652
vn -0.7165 0.5590 -0.4173
vn -0.6044 0.7141 -0.3532
vn -0.6616 0.7167 -0.2205
vn -0.7858 0.5578 -0.2672
vn -0.6926 0.7161 -0.0866
vn -0.8750 0.3863 -0.2917
vn -0.8216 0.5608 -0.1027
vn -0.6982 0.7138 0.0549
vn -0.8267 0.5590 0.0630
vn -0.9147 0.3864 -0.1183
vn -0.9201 0.3853 0.0708
vn -0.9725 0.1961 -0.1255
vn -0.9286 0.1966 -0.3148
vn -0.9633 -0.0000 0.2685
vn -0.9434 -0.1965 0.2673
vn -0.8722 -0.1964 0.4479
vn -0.9975 -0.0000 0.0707
vn -0.8188 -0.3858 0.4251
vn -0.8880 -0.3851 0.2515
vn -0.7354 -0.5614 0.3795
vn -0.9778 -0.1971 0.0710
vn -0.9778 0.1971 0.0710
vn -0.9920 -0.0000 -0.1260
vn -0.7964 -0.5599 0.2287
vn -0.6222 -0.7167 0.3150
vn -0.6746 -0.7138 0.1883
vn -0.9201 -0.3853 0.0708
vn -0.8268 -0.5590 0.0630
vn -0.6982 -0.7138 0.0549
vn -0.9725 -0.1961 -0.1255
vn -0.9147 -0.3864 -0.1183
vn -0.8216 -0.5608 -0.1027
vn -0.6926 -0.7161 -0.0866
vn -0.8750 -0.3863 -0.2917
vn -0.7858 -0.5579 -0.2672
vn -0.7165 -0.5590 -0.4173
vn -0.6044 -0.7141 -0.3532
vn -0.7964 -0.3864 -0.4652
vn -0.6211 -0.5581 -0.5503
vn 0.3153 0.1890 -0.9300
vn -0.0710 0.9629 -0.2605
vn 0.1817 0.6953 -0.6953
vn 0.2906 0.3768 -0.8795
vn 0.2441 0.5434 -0.8032
vn 0.0237 0.9080 -0.4184
vn 0.1101 0.8172 -0.5657
vn 0.3153 -0.1891 -0.9300
vn -0.0710 -0.9629 -0.2604
vn 0.1818 -0.6953 -0.6953
vn 0.2906 -0.3769 -0.8795
vn 0.2442 -0.5433 -0.8032
vn 0.0237 -0.9079 -0.4185
vn 0.1101 -0.8172 -0.5657
vn -0.6455 -0.1890 0.7400
vn -0.1649 -0.9818 -0.0942
vn -0.2604 -0.9629 0.0710
vn -0.2605 0.9629 0.0710
vn -0.1649 0.9818 -0.0942
vn -0.6455 0.1889 0.7400
vn -0.6540 -0.0000 0.7565
vn -0.5128 0.6943 0.5050
vn -0.6141 0.3779 0.6929
vn -0.5740 0.5425 0.6134
vn -0.3548 0.9066 0.2286
vn -0.4328 0.8185 0.3777
vn -0.5128 -0.6943 0.5050
vn -0.3547 -0.9066 0.2287
vn -0.4328 -0.8185 0.3778
vn -0.6141 -0.3779 0.6929
vn -0.5740 -0.5426 0.6133
vn -0.6278 -0.1962 0.7532
vn -0.6371 -0.0000 0.7708
vn -0.6278 0.1962 0.7532
vn -0.5924 -0.3791 0.7108
vn -0.7641 -0.1969 0.6144
vn -0.7641 0.1969 0.6143
vn -0.5925 0.3791 0.7108
vn -0.8897 -0.0000 0.4566
vn -0.7192 -0.3872 0.5769
vn -0.5362 -0.5519 0.6387
vn -0.6459 -0.5592 0.5198
vn -0.5499 -0.7148 0.4320
vn -0.5362 0.5519 0.6387
vn -0.7192 0.3872 0.5769
vn -0.6458 0.5592 0.5198
vn -0.5499 0.7148 0.4320
vn -0.7354 0.5614 0.3795
vn -0.6222 0.7167 0.3150
vn -0.8188 0.3858 0.4251
vn -0.8722 0.1964 0.4479
vn -0.7964 0.5599 0.2287
vn -0.6746 0.7138 0.1883
vn -0.8880 0.3851 0.2515
vn -0.9434 0.1965 0.2673
vn -0.4970 -0.5602 -0.6627
vn -0.4238 -0.7141 -0.5572
vn -0.6210 -0.5582 -0.5503
vn 0.5256 -0.7138 0.4628
vn 0.6043 -0.7142 0.3532
vn 0.7165 -0.5590 0.4173
vn 0.6210 -0.5581 0.5503
vn 0.4238 -0.7141 0.5572
vn 0.4971 -0.5602 0.6627
vn -0.5256 -0.7138 -0.4628
vn -0.6043 -0.7142 -0.3532
vn -0.3384 -0.8185 0.4643
vn -0.4167 -0.6919 0.5897
vn -0.4579 -0.7026 0.5447
vn -0.4875 -0.5426 0.6841
vn -0.3698 -0.8263 0.4248
vn -0.2363 -0.9136 0.3308
vn -0.5362 -0.5520 0.6386
vn -0.1336 -0.9744 0.1807
vn -0.1419 -0.9773 0.1576
vn -0.0784 -0.9958 -0.0470
vn -0.6458 -0.5592 0.5198
vn -0.4333 -0.8351 0.3388
vn -0.2985 -0.9268 0.2278
vn -0.4895 -0.8369 0.2448
vn -0.1569 -0.9806 0.1177
vn -0.3307 -0.9291 0.1654
vn -0.6746 -0.7138 0.1882
vn -0.1652 -0.9831 0.0786
vn -0.5248 -0.8381 0.1488
vn -0.3547 -0.9302 0.0946
vn -0.1731 -0.9838 0.0472
vn -0.5415 -0.8398 0.0392
vn -0.6981 -0.7139 0.0549
vn -0.3631 -0.9314 0.0237
vn -0.1810 -0.9835 0.0079
vn -0.5445 -0.8364 -0.0631
vn -0.6925 -0.7162 -0.0866
vn -0.3628 -0.9307 -0.0473
vn -0.1733 -0.9846 -0.0236
vn -0.5205 -0.8360 -0.1735
vn -0.3469 -0.9304 -0.1183
vn -0.1654 -0.9847 -0.0551
vn -0.4734 -0.8364 -0.2762
vn -0.3157 -0.9313 -0.1815
vn -0.1499 -0.9849 -0.0864
vn -0.1338 -0.9839 -0.1181
vn -0.2758 -0.9297 -0.2442
vn -0.4104 -0.8365 -0.3630
vn -0.1102 -0.9838 -0.1417
vn -0.0784 -0.9958 -0.0471
vn -0.2208 -0.9306 -0.2918
vn -0.0788 -0.9844 -0.1575
vn -0.3296 -0.8397 -0.4316
vn -0.1577 -0.9303 -0.3311
vn -0.0472 -0.9838 -0.1732
vn -0.2358 -0.8409 -0.4872
vn -0.0946 -0.9302 -0.3547
vn -0.0157 -0.9819 -0.1885
vn -0.1334 -0.8400 -0.5260
vn -0.3064 -0.7149 -0.6285
vn -0.0236 -0.9288 -0.3699
vn 0.0235 -0.9803 -0.1960
vn -0.0316 -0.8376 -0.5453
vn -0.1731 -0.7158 -0.6765
vn 0.0470 -0.9253 -0.3764
vn 0.0631 -0.9783 -0.1972
vn 0.0788 -0.8355 -0.5439
vn -0.0314 -0.7146 -0.6989
vn 0.1259 -0.9206 -0.3698
vn 0.0943 -0.9744 -0.2043
vn 0.1655 -0.9140 -0.3703
vn 0.1892 -0.8278 -0.5282
vn 0.2357 -0.8170 -0.5263
vn 0.2355 -0.7066 -0.6673
vn 0.2997 -0.6941 -0.6546
vn 0.1022 -0.7151 -0.6915
vn 0.4579 -0.7026 -0.5447
vn 0.4875 -0.5426 -0.6841
vn 0.5362 -0.5520 -0.6386
vn 0.6458 -0.5592 -0.5198
vn 0.5529 -0.7110 -0.4345
vn 0.3630 -0.8286 -0.4262
vn 0.3384 -0.8185 -0.4643
vn 0.4167 -0.6919 -0.5896
vn 0.2363 -0.9136 -0.3308
vn 0.2597 -0.9208 -0.2912
vn 0.1259 -0.9754 -0.1809
vn 0.1418 -0.9773 -0.1576
vn 0.0784 -0.9958 0.0470
vn 0.4334 -0.8351 -0.3388
vn 0.2985 -0.9268 -0.2278
vn 0.1569 -0.9806 -0.1177
vn 0.4895 -0.8369 -0.2448
vn 0.6222 -0.7167 -0.3150
vn 0.3307 -0.9291 -0.1654
vn 0.1652 -0.9831 -0.0787
vn 0.5248 -0.8381 -0.1488
vn 0.6746 -0.7138 -0.1882
vn 0.3547 -0.9302 -0.0946
vn 0.1731 -0.9838 -0.0472
vn 0.5415 -0.8398 -0.0392
vn 0.6982 -0.7138 -0.0549
vn 0.3631 -0.9314 -0.0237
vn 0.1810 -0.9835 -0.0079
vn 0.5409 -0.8388 0.0627
vn 0.6925 -0.7162 0.0866
vn 0.3628 -0.9307 0.0473
vn 0.1733 -0.9846 0.0236
vn 0.5205 -0.8360 0.1735
vn 0.6616 -0.7167 0.2205
vn 0.3470 -0.9304 0.1183
vn 0.1654 -0.9847 0.0552
vn 0.4734 -0.8364 0.2762
vn 0.3157 -0.9313 0.1815
vn 0.1498 -0.9849 0.0865
vn 0.1338 -0.9839 0.1181
vn 0.2758 -0.9297 0.2443
vn 0.4104 -0.8365 0.3630
vn 0.1102 -0.9838 0.1417
vn 0.0784 -0.9958 0.0471
vn 0.2208 -0.9306 0.2918
vn 0.0788 -0.9844 0.1575
vn 0.3318 -0.8373 0.4345
vn 0.1577 -0.9303 0.3311
vn 0.0472 -0.9838 0.1732
vn 0.2358 -0.8408 0.4872
vn 0.0946 -0.9302 0.3547
vn 0.0157 -0.9819 0.1886
vn 0.1335 -0.8399 0.5260
vn 0.3064 -0.7149 0.6285
vn 0.0236 -0.9288 0.3699
vn -0.0235 -0.9803 0.1961
vn 0.0316 -0.8376 0.5453
vn 0.1731 -0.7158 0.6765
vn -0.0470 -0.9253 0.3764
vn -0.0631 -0.9783 0.1973
vn -0.0788 -0.8354 0.5439
vn 0.0314 -0.7146 0.6988
vn -0.0943 -0.9744 0.2043
vn -0.1655 -0.9141 0.3703
vn -0.1892 -0.8278 0.5282
vn -0.2357 -0.8170 0.5263
vn -0.2355 -0.7066 0.6673
vn -0.2997 -0.6941 0.6546
vn -0.1021 -0.7151 0.6915
vn 0.2604 -0.9629 -0.0710
vn 0.1649 -0.9818 0.0942
vn -0.1649 -0.9818 -0.0943
vn 0.3547 -0.9066 -0.2286
vn 0.0237 -0.9080 -0.4184
vn 0.4392 -0.8157 -0.3765
vn 0.5128 -0.6943 -0.5049
vn 0.1818 -0.6954 -0.6953
vn -0.1101 -0.8172 0.5657
vn -0.1818 -0.6954 0.6953
vn -0.5128 -0.6943 0.5049
vn -0.0237 -0.9080 0.4184
vn -0.3547 -0.9066 0.2286
vn 0.0710 -0.9629 0.2604
vn -0.6941 -0.3865 -0.6074
vn -0.4970 -0.5601 -0.6627
vn -0.6210 -0.5581 -0.5503
vn -0.5597 -0.3863 -0.7331
vn -0.7353 -0.1977 -0.6483
vn -0.3616 -0.5581 -0.7468
vn -0.2048 -0.5592 -0.8033
vn -0.4002 -0.3845 -0.8318
vn -0.2292 -0.3872 -0.8930
vn -0.5920 -0.1973 -0.7814
vn -0.7491 -0.0000 -0.6625
vn -0.4258 -0.1971 -0.8831
vn -0.5920 0.1973 -0.7814
vn -0.2434 -0.1963 -0.9499
vn -0.0473 -0.3859 -0.9213
vn -0.0474 -0.1974 -0.9792
vn -0.4346 -0.0000 -0.9006
vn -0.2444 -0.0000 -0.9697
vn -0.0472 -0.0000 -0.9989
vn -0.0474 0.1974 -0.9792
vn -0.2434 0.1963 -0.9499
vn -0.0473 0.3859 -0.9213
vn -0.4258 0.1971 -0.8831
vn -0.2292 0.3872 -0.8930
vn -0.0394 0.5597 -0.8277
vn -0.2048 0.5592 -0.8033
vn -0.4003 0.3845 -0.8318
vn -0.5597 0.3863 -0.7331
vn -0.3616 0.5581 -0.7468
vn -0.1731 0.7158 -0.6765
vn -0.3064 0.7149 -0.6285
vn -0.4970 0.5601 -0.6627
vn -0.4238 0.7141 -0.5572
vn -0.6941 0.3865 -0.6074
vn -0.6210 0.5581 -0.5504
vn 0.3468 -0.5437 -0.7643
vn 0.2997 -0.6940 -0.6546
vn 0.2846 -0.5535 -0.7827
vn 0.3867 -0.3709 -0.8444
vn 0.1260 -0.5593 -0.8193
vn 0.1021 -0.7151 -0.6915
vn -0.0394 -0.5597 -0.8277
vn -0.0314 -0.7145 -0.6989
vn 0.3162 -0.3794 -0.8695
vn 0.1415 -0.3852 -0.9119
vn 0.3382 -0.1966 -0.9203
vn 0.4090 -0.0000 -0.9125
vn 0.1497 -0.1969 -0.9689
vn 0.3468 -0.0000 -0.9379
vn 0.1491 -0.0000 -0.9888
vn 0.3382 0.1966 -0.9203
vn 0.1497 0.1969 -0.9689
vn 0.3162 0.3794 -0.8695
vn 0.3867 0.3709 -0.8443
vn 0.2846 0.5534 -0.7828
vn 0.3468 0.5437 -0.7643
vn 0.1415 0.3852 -0.9119
vn 0.2355 0.7066 -0.6673
vn 0.2997 0.6940 -0.6546
vn 0.1260 0.5593 -0.8193
vn 0.1022 0.7151 -0.6915
vn -0.0314 0.7145 -0.6989
vn 0.5423 0.3694 -0.7546
vn 0.4875 0.5426 -0.6841
vn 0.5362 0.5519 -0.6387
vn 0.5924 0.3791 -0.7109
vn 0.6277 0.1962 -0.7533
vn 0.5835 -0.0000 -0.8121
vn 0.6409 -0.0000 -0.7676
vn 0.6277 -0.1962 -0.7533
vn 0.5906 -0.3859 -0.7087
vn 0.5423 -0.3694 -0.7546
vn 0.5362 -0.5519 -0.6387
vn 0.4875 -0.5425 -0.6841
vn 0.5740 -0.5425 -0.6133
vn 0.5128 -0.6943 -0.5050
vn 0.2443 -0.5434 -0.8032
vn 0.6141 -0.3779 -0.6929
vn 0.2907 -0.3769 -0.8795
vn 0.6455 -0.1889 -0.7400
vn 0.6540 -0.0000 -0.7565
vn 0.6455 0.1889 -0.7400
vn 0.3153 0.1892 -0.9299
vn 0.6141 0.3779 -0.6929
vn 0.2907 0.3769 -0.8795
vn 0.5740 0.5426 -0.6133
vn 0.2443 0.5434 -0.8032
vn 0.5128 0.6943 -0.5050
vn 0.1818 0.6953 -0.6953
vn 0.7353 0.1977 0.6482
vn 0.6908 0.3846 0.6123
vn 0.7964 0.3864 0.4652
vn 0.6211 0.5581 0.5503
vn 0.7165 0.5590 0.4173
vn 0.6044 0.7141 0.3532
vn 0.7857 0.5579 0.2672
vn 0.9487 -0.0000 0.3162
vn 0.8750 0.3863 0.2917
vn 0.8215 0.5609 0.1027
vn 0.9147 0.3864 0.1183
vn 0.8268 0.5590 -0.0630
vn 0.9920 -0.0000 0.1260
vn 0.9201 0.3853 -0.0708
vn 0.7964 0.5599 -0.2287
vn 0.9778 0.1971 -0.0709
vn 0.9975 -0.0000 -0.0707
vn 0.9434 0.1965 -0.2673
vn 0.8879 0.3851 -0.2515
vn 0.8188 0.3858 -0.4251
vn 0.7354 0.5614 -0.3795
vn 0.7964 -0.5599 -0.2287
vn 0.6746 -0.7138 -0.1883
vn 0.8722 0.1965 -0.4479
vn 0.9633 -0.0000 -0.2684
vn 0.9434 -0.1965 -0.2673
vn 0.8880 -0.3851 -0.2515
vn 0.9778 -0.1971 -0.0709
vn 0.9201 -0.3853 -0.0708
vn 0.8267 -0.5590 -0.0630
vn 0.8215 -0.5609 0.1027
vn 0.6926 -0.7161 0.0866
vn 0.9147 -0.3864 0.1183
vn 0.9725 -0.1961 0.1255
vn 0.7857 -0.5579 0.2672
vn 0.8750 -0.3863 0.2917
vn 0.6044 -0.7141 0.3532
vn 0.7964 -0.3864 0.4652
vn 0.6908 -0.3846 0.6123
vn 0.7353 -0.1977 0.6483
vn -0.3153 0.1891 0.9300
vn -0.3153 -0.1891 0.9299
vn -0.3303 -0.0000 0.9439
vn -0.1818 -0.6953 0.6953
vn -0.2906 -0.3769 0.8795
vn -0.2441 -0.5433 0.8032
vn -0.0237 -0.9079 0.4185
vn -0.1100 -0.8172 0.5657
vn 0.0710 0.9629 0.2605
vn -0.1817 0.6953 0.6953
vn -0.2906 0.3769 0.8795
vn -0.2441 0.5433 0.8032
vn -0.0237 0.9080 0.4184
vn -0.1100 0.8172 0.5657
vn 0.2604 0.9629 -0.0711
vn 0.1649 0.9818 0.0942
vn 0.6455 -0.1890 -0.7400
vn 0.5129 0.6942 -0.5050
vn 0.6141 0.3779 -0.6928
vn 0.5740 0.5425 -0.6134
vn 0.3548 0.9066 -0.2286
vn 0.4328 0.8185 -0.3778
vn 0.3547 -0.9066 -0.2287
vn 0.6141 -0.3780 -0.6928
vn 0.5740 -0.5426 -0.6133
vn 0.6926 0.7161 0.0866
vn 0.6982 0.7138 -0.0549
vn 0.6746 0.7138 -0.1883
vn 0.5530 0.7109 -0.4345
vn 0.6222 0.7167 -0.3150
vn 0.6459 0.5592 -0.5198
vn 0.7192 0.3872 -0.5769
vn 0.5924 0.3791 -0.7108
vn 0.7640 0.1969 -0.6144
vn 0.6278 0.1962 -0.7533
vn 0.7778 -0.0000 -0.6285
vn 0.6410 -0.0000 -0.7675
vn 0.8897 -0.0000 -0.4566
vn 0.7640 -0.1969 -0.6144
vn 0.7192 -0.3872 -0.5769
vn 0.8722 -0.1964 -0.4479
vn 0.8188 -0.3858 -0.4251
vn 0.5530 -0.7109 -0.4345
vn 0.7354 -0.5614 -0.3795
vn -0.4970 0.5602 -0.6627
vn -0.6210 0.5582 -0.5503
vn -0.5256 0.7138 -0.4628
vn -0.6043 0.7142 -0.3532
vn 0.4238 0.7141 0.5572
vn 0.4970 0.5602 0.6627
vn 0.6210 0.5582 0.5503
vn 0.5256 0.7138 0.4628
vn 0.6043 0.7142 0.3532
vn 0.2357 0.8170 -0.5263
vn 0.2997 0.6941 -0.6546
vn 0.1892 0.8278 -0.5282
vn 0.1655 0.9140 -0.3703
vn 0.0943 0.9744 -0.2043
vn 0.0788 0.8354 -0.5439
vn 0.0631 0.9783 -0.1972
vn -0.0784 0.9958 -0.0471
vn 0.0470 0.9253 -0.3764
vn -0.0314 0.7146 -0.6989
vn -0.0316 0.8377 -0.5453
vn 0.0235 0.9803 -0.1961
vn -0.0236 0.9288 -0.3699
vn -0.0157 0.9819 -0.1886
vn -0.0784 0.9958 -0.0470
vn -0.1332 0.8399 -0.5261
vn -0.0946 0.9302 -0.3547
vn -0.0472 0.9838 -0.1732
vn -0.2357 0.8409 -0.4872
vn -0.1577 0.9303 -0.3312
vn -0.0788 0.9844 -0.1575
vn -0.3318 0.8373 -0.4345
vn -0.2208 0.9306 -0.2918
vn -0.1102 0.9838 -0.1417
vn -0.4104 0.8365 -0.3630
vn -0.2757 0.9297 -0.2442
vn -0.1338 0.9839 -0.1181
vn -0.4734 0.8364 -0.2762
vn -0.3157 0.9313 -0.1815
vn -0.1499 0.9849 -0.0864
vn -0.1654 0.9847 -0.0551
vn -0.3470 0.9304 -0.1183
vn -0.5206 0.8360 -0.1735
vn -0.1733 0.9846 -0.0236
vn -0.3628 0.9307 -0.0473
vn -0.1809 0.9835 0.0079
vn -0.5445 0.8364 -0.0631
vn -0.3699 0.9288 0.0236
vn -0.1731 0.9838 0.0472
vn -0.5415 0.8398 0.0392
vn -0.6925 0.7162 -0.0866
vn -0.3547 0.9302 0.0946
vn -0.6981 0.7139 0.0549
vn -0.1651 0.9831 0.0786
vn -0.5248 0.8381 0.1488
vn -0.3307 0.9291 0.1654
vn -0.1569 0.9806 0.1177
vn -0.4895 0.8369 0.2448
vn -0.6746 0.7138 0.1882
vn -0.2985 0.9268 0.2278
vn -0.1419 0.9773 0.1576
vn -0.4333 0.8351 0.3388
vn -0.2596 0.9208 0.2912
vn -0.1336 0.9744 0.1808
vn -0.2363 0.9136 0.3308
vn -0.3630 0.8286 0.4261
vn -0.3384 0.8185 0.4643
vn -0.4579 0.7026 0.5447
vn -0.4167 0.6919 0.5896
vn -0.4875 0.5426 0.6841
vn -0.5362 0.5520 0.6386
vn -0.1892 0.8278 0.5282
vn -0.1655 0.9141 0.3703
vn -0.0943 0.9744 0.2043
vn -0.1021 0.7151 0.6915
vn -0.0788 0.8355 0.5439
vn -0.0631 0.9783 0.1973
vn 0.0784 0.9958 0.0470
vn -0.0470 0.9253 0.3764
vn 0.0314 0.7146 0.6988
vn 0.0316 0.8376 0.5453
vn -0.0236 0.9803 0.1961
vn 0.0784 0.9958 0.0471
vn 0.0236 0.9288 0.3699
vn 0.0157 0.9819 0.1886
vn 0.1335 0.8400 0.5260
vn 0.1731 0.7158 0.6765
vn 0.0946 0.9302 0.3547
vn 0.3064 0.7149 0.6285
vn 0.0472 0.9838 0.1732
vn 0.2358 0.8408 0.4872
vn 0.1577 0.9303 0.3311
vn 0.0788 0.9844 0.1575
vn 0.3318 0.8373 0.4345
vn 0.2208 0.9306 0.2918
vn 0.1102 0.9838 0.1417
vn 0.4104 0.8365 0.3630
vn 0.2758 0.9297 0.2442
vn 0.1338 0.9839 0.1181
vn 0.4735 0.8364 0.2762
vn 0.3157 0.9313 0.1815
vn 0.1498 0.9849 0.0865
vn 0.1654 0.9847 0.0551
vn 0.3469 0.9304 0.1183
vn 0.5205 0.8360 0.1735
vn 0.1733 0.9846 0.0236
vn 0.3628 0.9307 0.0473
vn 0.1810 0.9835 -0.0079
vn 0.5445 0.8364 0.0631
vn 0.3631 0.9314 -0.0238
vn 0.1731 0.9838 -0.0472
vn 0.5415 0.8398 -0.0392
vn 0.3547 0.9302 -0.0946
vn 0.1652 0.9831 -0.0786
vn 0.5248 0.8381 -0.1488
vn 0.6925 0.7162 0.0866
vn 0.3307 0.9291 -0.1654
vn 0.1569 0.9806 -0.1177
vn 0.6981 0.7139 -0.0549
vn 0.4895 0.8369 -0.2448
vn 0.6746 0.7138 -0.1882
vn 0.2985 0.9268 -0.2278
vn 0.1418 0.9773 -0.1576
vn 0.4334 0.8351 -0.3388
vn 0.2596 0.9207 -0.2912
vn 0.1259 0.9754 -0.1809
vn 0.0784 0.9958 0.0469
vn 0.2363 0.9136 -0.3308
vn 0.3630 0.8286 -0.4261
vn 0.3384 0.8185 -0.4643
vn 0.4579 0.7026 -0.5447
vn 0.4167 0.6919 -0.5896
vn 0.5362 0.5520 -0.6386
vn 0.6458 0.5592 -0.5198
vn -0.2357 0.8170 0.5263
vn -0.2981 0.6906 0.6590
vn -0.2368 0.7026 0.6710
vn 0.5128 0.6944 -0.5049
vn 0.1100 0.8172 -0.5658
vn 0.3547 0.9066 -0.2286
vn 0.2604 0.9629 -0.0710
vn -0.0710 0.9629 -0.2604
vn 0.0710 0.9629 0.2604
vn -0.2604 0.9629 0.0710
vn -0.3547 0.9066 0.2286
vn -0.1100 0.8172 0.5658
vn -0.4328 0.8185 0.3778
vn -0.5128 0.6943 0.5049
vn 0.7491 -0.0000 0.6624
vn 0.5920 -0.1973 0.7814
vn 0.4258 -0.1971 0.8831
vn 0.2434 -0.1963 0.9499
vn 0.2292 -0.3873 0.8930
vn 0.0473 -0.3859 0.9213
vn 0.0474 -0.1974 0.9792
vn 0.4345 -0.0000 0.9007
vn 0.2444 -0.0000 0.9697
vn 0.0472 -0.0000 0.9989
vn 0.0474 0.1974 0.9792
vn 0.2434 0.1963 0.9499
vn 0.0473 0.3859 0.9213
vn 0.4258 0.1971 0.8831
vn 0.2292 0.3872 0.8930
vn 0.0394 0.5597 0.8277
vn 0.5920 0.1973 0.7814
vn 0.4002 0.3845 0.8318
vn 0.2048 0.5592 0.8034
vn 0.0314 0.7145 0.6989
vn 0.3616 0.5581 0.7468
vn 0.5597 0.3863 0.7331
vn 0.7353 0.1977 0.6483
vn 0.4970 0.5601 0.6627
vn 0.6210 0.5581 0.5503
vn 0.4970 -0.5601 0.6627
vn 0.5597 -0.3863 0.7331
vn 0.3616 -0.5581 0.7468
vn 0.2048 -0.5592 0.8033
vn 0.4002 -0.3845 0.8318
vn -0.5423 -0.3695 0.7546
vn -0.4875 -0.5425 0.6841
vn -0.5924 -0.3791 0.7109
vn -0.5752 -0.1891 0.7958
vn -0.6277 -0.1962 0.7533
vn -0.5834 -0.0000 0.8122
vn -0.6277 0.1962 0.7533
vn -0.5752 0.1891 0.7958
vn -0.5924 0.3791 0.7109
vn -0.5424 0.3694 0.7546
vn -0.4875 0.5425 0.6841
vn -0.1022 0.7151 0.6915
vn -0.3467 -0.5437 0.7643
vn -0.2997 -0.6940 0.6546
vn -0.2355 -0.7065 0.6673
vn -0.2846 -0.5535 0.7827
vn -0.3867 -0.3709 0.8444
vn -0.1260 -0.5593 0.8193
vn -0.1022 -0.7151 0.6915
vn 0.0394 -0.5597 0.8277
vn 0.0314 -0.7145 0.6989
vn -0.3162 -0.3794 0.8695
vn -0.4010 -0.1887 0.8964
vn -0.1415 -0.3852 0.9119
vn -0.3382 -0.1966 0.9203
vn -0.1497 -0.1969 0.9689
vn -0.3468 -0.0000 0.9379
vn -0.1491 -0.0000 0.9888
vn -0.3382 0.1966 0.9203
vn -0.4010 0.1887 0.8964
vn -0.1497 0.1969 0.9689
vn -0.3162 0.3794 0.8695
vn -0.3867 0.3709 0.8444
vn -0.2846 0.5535 0.7827
vn -0.3467 0.5437 0.7643
vn -0.1415 0.3852 0.9119
vn -0.2982 0.6904 0.6591
vn -0.1260 0.5593 0.8193
vn -0.2443 0.5434 0.8032
vn -0.1818 0.6953 0.6953
vn -0.5739 0.5426 0.6134
vn -0.2907 0.3769 0.8795
vn -0.3153 0.1892 0.9299
vn -0.3304 -0.0000 0.9438
vn -0.3153 -0.1891 0.9300
vn -0.6455 -0.1889 0.7400
vn -0.2443 -0.5434 0.8032
vn -0.5739 -0.5426 0.6133
vn -0.7754 -0.3877 0.4985
vn -0.6604 -0.3852 0.6446
vn -0.7011 -0.1969 0.6853
vn -0.8265 -0.1968 0.5274
vn -0.7149 -0.0000 0.6992
vn -0.8404 -0.0000 0.5419
vn -0.8265 0.1968 0.5274
vn -0.7011 0.1969 0.6853
vn -0.7754 0.3877 0.4984
vn -0.6604 0.3852 0.6446
vn -0.6950 0.5606 0.4502
vn -0.5930 0.5614 0.5772
vn -0.7149 -0.0000 -0.6992
vn -0.7011 -0.1969 -0.6853
vn -0.8265 -0.1968 -0.5274
vn -0.7754 -0.3877 -0.4985
vn -0.6604 -0.3852 -0.6446
vn -0.6950 -0.5607 -0.4501
vn -0.5930 -0.5614 -0.5772
vn -0.8355 -0.5438 -0.0788
vn -0.7015 -0.7014 -0.1261
vn -0.7171 -0.6934 -0.0709
vn -0.8202 -0.5521 -0.1499
vn -0.9238 -0.3711 -0.0947
vn -0.9098 -0.3843 -0.1569
vn -0.9774 -0.1892 -0.0946
vn -0.9665 -0.1964 -0.1650
vn -0.9849 -0.0000 -0.1733
vn -0.9665 0.1964 -0.1650
vn -0.9774 0.1892 -0.0946
vn -0.9317 -0.0000 -0.3632
vn -0.9140 -0.1970 -0.3546
vn -0.9125 0.3776 -0.1573
vn -0.9238 0.3711 -0.0947
vn -0.9140 0.1970 -0.3546
vn -0.8404 -0.0000 -0.5419
vn -0.8605 -0.3868 -0.3316
vn -0.7726 -0.5597 -0.2996
vn -0.6546 -0.7097 -0.2603
vn -0.5891 -0.7147 -0.3770
vn -0.8355 0.5439 -0.0788
vn -0.7171 0.6934 -0.0709
vn -0.7015 0.7014 -0.1261
vn -0.8202 0.5521 -0.1499
vn -0.7726 0.5597 -0.2996
vn -0.6546 0.7097 -0.2603
vn -0.8582 0.3858 -0.3386
vn -0.6950 0.5607 -0.4501
vn -0.5891 0.7147 -0.3770
vn -0.7754 0.3877 -0.4985
vn -0.8265 0.1968 -0.5274
vn -0.6604 0.3852 -0.6446
vn -0.5931 0.5614 -0.5772
vn -0.7011 0.1969 -0.6853
vn -0.5891 0.7147 0.3770
vn -0.6546 0.7097 0.2603
vn -0.8355 -0.5439 0.0788
vn -0.7170 -0.6934 0.0709
vn -0.7015 -0.7014 0.1261
vn -0.8202 -0.5521 0.1499
vn -0.9238 -0.3711 0.0947
vn -0.7726 -0.5597 0.2996
vn -0.6546 -0.7098 0.2603
vn -0.6950 -0.5607 0.4501
vn -0.5892 -0.7147 0.3770
vn -0.9098 -0.3843 0.1569
vn -0.9774 -0.1892 0.0946
vn -0.8605 -0.3868 0.3316
vn -0.5930 -0.5614 0.5772
vn -0.9665 -0.1964 0.1650
vn -0.9140 -0.1970 0.3546
vn -0.9849 -0.0000 0.1733
vn -0.9317 -0.0000 0.3632
vn -0.9665 0.1964 0.1650
vn -0.9774 0.1892 0.0946
vn -0.9140 0.1970 0.3546
vn -0.9125 0.3776 0.1573
vn -0.9237 0.3711 0.0947
vn -0.8202 0.5521 0.1499
vn -0.8355 0.5439 0.0788
vn -0.8582 0.3858 0.3386
vn -0.7015 0.7014 0.1261
vn -0.7170 0.6934 0.0709
vn -0.7726 0.5597 0.2996
vn -0.8183 0.5429 0.1888
vn -0.6943 0.6943 0.1893
vn -0.6943 0.6943 -0.1893
vn -0.8183 0.5429 -0.1888
vn -0.9062 0.3782 0.1891
vn -0.9062 0.3782 -0.1891
vn -0.9634 0.1895 0.1895
vn -0.9634 0.1895 -0.1895
vn -0.9821 -0.0000 0.1885
vn -0.9821 -0.0000 -0.1885
vn -0.9634 -0.1895 0.1895
vn -0.9634 -0.1895 -0.1895
vn -0.9062 -0.3782 0.1891
vn -0.9062 -0.3782 -0.1891
vn -0.8183 -0.5429 0.1888
vn -0.8183 -0.5429 -0.1888
vn -0.6943 -0.6943 0.1893
vn -0.6943 -0.6943 -0.1893
vn 0.4651 -0.5597 -0.6858
vn 0.5025 -0.7145 -0.4868
vn 0.3939 -0.7170 -0.5751
vn 0.5930 -0.5614 -0.5772
vn 0.5930 -0.5614 0.5772
vn 0.5025 -0.7145 0.4868
vn 0.5891 -0.7147 0.3770
vn 0.4651 -0.5598 0.6858
vn 0.3939 -0.7170 0.5752
vn -0.5025 -0.7145 0.4868
vn -0.3939 -0.7170 0.5751
vn -0.4651 -0.5597 0.6858
vn -0.5890 -0.7148 -0.3770
vn -0.6949 -0.5607 -0.4502
vn -0.5025 -0.7145 -0.4868
vn -0.4651 -0.5597 -0.6858
vn -0.3939 -0.7170 -0.5752
vn -0.5736 -0.8173 -0.0550
vn -0.7170 -0.6935 -0.0709
vn -0.7014 -0.7015 -0.1261
vn -0.5518 -0.8277 -0.1025
vn -0.4087 -0.9118 -0.0393
vn -0.3851 -0.9195 -0.0786
vn -0.2202 -0.9752 -0.0236
vn -0.2050 -0.9776 -0.0473
vn -0.0000 -0.9963 -0.0863
vn -0.6546 -0.7098 -0.2603
vn -0.5117 -0.8344 -0.2047
vn -0.3459 -0.9275 -0.1415
vn -0.4579 -0.8368 -0.3000
vn -0.1804 -0.9805 -0.0784
vn -0.3072 -0.9293 -0.2048
vn -0.1494 -0.9826 -0.1101
vn -0.3855 -0.8419 -0.3777
vn -0.2601 -0.9299 -0.2601
vn -0.1258 -0.9830 -0.1337
vn -0.3084 -0.8378 -0.4505
vn -0.2048 -0.9294 -0.3072
vn -0.0945 -0.9842 -0.1496
vn -0.2130 -0.8364 -0.5050
vn -0.2747 -0.7143 -0.6437
vn -0.1419 -0.9301 -0.3389
vn -0.0630 -0.9842 -0.1654
vn -0.1105 -0.8365 -0.5367
vn -0.0709 -0.9294 -0.3623
vn -0.0315 -0.9844 -0.1733
vn -0.0000 -0.8381 -0.5456
vn -0.0000 -0.7149 -0.6992
vn -0.0000 -0.9290 -0.3700
vn -0.0000 -0.9849 -0.1734
vn 0.0315 -0.9844 -0.1733
vn 0.0709 -0.9294 -0.3623
vn 0.1105 -0.8365 -0.5367
vn 0.0630 -0.9842 -0.1654
vn 0.1419 -0.9301 -0.3389
vn 0.0945 -0.9842 -0.1496
vn 0.2130 -0.8364 -0.5050
vn 0.2048 -0.9294 -0.3072
vn 0.1258 -0.9830 -0.1337
vn 0.3083 -0.8378 -0.4506
vn 0.2747 -0.7143 -0.6437
vn 0.2601 -0.9299 -0.2601
vn 0.1494 -0.9826 -0.1101
vn 0.3855 -0.8419 -0.3777
vn 0.3072 -0.9293 -0.2048
vn 0.1804 -0.9805 -0.0784
vn 0.4579 -0.8369 -0.3000
vn 0.3459 -0.9275 -0.1415
vn 0.2050 -0.9776 -0.0473
vn 0.5117 -0.8344 -0.2047
vn 0.5891 -0.7147 -0.3770
vn 0.3851 -0.9195 -0.0786
vn 0.2202 -0.9752 -0.0236
vn 0.4087 -0.9118 -0.0393
vn 0.5518 -0.8277 -0.1025
vn 0.5736 -0.8173 -0.0551
vn 0.7014 -0.7015 -0.1261
vn 0.7170 -0.6935 -0.0709
vn 0.6509 -0.7137 -0.2588
vn 0.6949 -0.5607 -0.4502
vn 0.6949 -0.5607 0.4502
vn 0.7014 -0.7015 0.1261
vn 0.5518 -0.8277 0.1025
vn 0.5736 -0.8173 0.0551
vn 0.7170 -0.6934 0.0709
vn 0.4087 -0.9118 0.0393
vn 0.3851 -0.9195 0.0786
vn 0.2202 -0.9752 0.0236
vn 0.6509 -0.7137 0.2588
vn 0.2050 -0.9776 0.0473
vn -0.0000 -0.9963 0.0863
vn 0.5117 -0.8344 0.2047
vn 0.3459 -0.9275 0.1415
vn 0.1804 -0.9805 0.0784
vn 0.4579 -0.8368 0.3000
vn 0.3072 -0.9293 0.2048
vn 0.1494 -0.9826 0.1101
vn 0.3855 -0.8419 0.3777
vn 0.2601 -0.9299 0.2601
vn 0.1258 -0.9830 0.1337
vn 0.3081 -0.8379 0.4506
vn 0.2048 -0.9293 0.3072
vn 0.0945 -0.9842 0.1496
vn 0.2130 -0.8364 0.5050
vn 0.2747 -0.7143 0.6436
vn 0.1419 -0.9301 0.3389
vn 0.0630 -0.9842 0.1653
vn 0.1105 -0.8365 0.5367
vn 0.0709 -0.9294 0.3623
vn 0.0315 -0.9844 0.1733
vn -0.0000 -0.8380 0.5456
vn -0.0000 -0.7149 0.6992
vn -0.0000 -0.9290 0.3700
vn -0.0000 -0.9848 0.1734
vn -0.0315 -0.9844 0.1733
vn -0.0709 -0.9294 0.3623
vn -0.1105 -0.8365 0.5367
vn -0.0630 -0.9842 0.1654
vn -0.1419 -0.9301 0.3389
vn -0.1415 -0.7155 0.6841
vn -0.0945 -0.9842 0.1496
vn -0.2130 -0.8364 0.5050
vn -0.2048 -0.9293 0.3072
vn -0.1258 -0.9830 0.1337
vn -0.3083 -0.8378 0.4505
vn -0.2747 -0.7143 0.6436
vn -0.2599 -0.9299 0.2602
vn -0.1494 -0.9826 0.1101
vn -0.3855 -0.8419 0.3777
vn -0.3072 -0.9293 0.2048
vn -0.1804 -0.9805 0.0784
vn -0.4579 -0.8368 0.3000
vn -0.3459 -0.9275 0.1415
vn -0.2050 -0.9776 0.0473
vn -0.5117 -0.8344 0.2047
vn -0.5890 -0.7148 0.3770
vn -0.3851 -0.9195 0.0786
vn -0.2202 -0.9752 0.0236
vn -0.4087 -0.9118 0.0393
vn -0.5518 -0.8277 0.1025
vn -0.5736 -0.8173 0.0550
vn -0.7014 -0.7015 0.1261
vn -0.6545 -0.7098 0.2603
vn -0.6949 -0.5607 0.4502
vn 0.1895 -0.9634 0.1895
vn -0.0000 -0.9821 0.1885
vn -0.0000 -0.9821 -0.1885
vn 0.1895 -0.9634 -0.1895
vn 0.3782 -0.9062 0.1891
vn 0.3782 -0.9062 -0.1891
vn 0.5429 -0.8183 0.1888
vn 0.5429 -0.8183 -0.1888
vn 0.6943 -0.6943 0.1893
vn 0.6943 -0.6943 -0.1893
vn -0.5429 -0.8183 0.1888
vn -0.5429 -0.8183 -0.1888
vn -0.3782 -0.9062 0.1891
vn -0.3782 -0.9062 -0.1891
vn -0.1895 -0.9634 0.1895
vn -0.1895 -0.9634 -0.1895
vn 0.3228 -0.5590 -0.7637
vn 0.1655 -0.5597 -0.8120
vn 0.1810 -0.3855 -0.9048
vn 0.3939 -0.7169 -0.5752
vn -0.1968 -0.1968 -0.9605
vn -0.1975 -0.0000 -0.9803
vn 0.1968 -0.1968 -0.9605
vn 0.3616 -0.3852 -0.8490
vn 0.4651 -0.5597 -0.6859
vn 0.5191 -0.3854 -0.7629
vn 0.6604 -0.3852 -0.6446
vn 0.3777 -0.1967 -0.9048
vn 0.1975 -0.0000 -0.9803
vn 0.5511 -0.1968 -0.8109
vn 0.1968 0.1968 -0.9605
vn 0.7011 -0.1969 -0.6854
vn 0.5655 -0.0000 -0.8247
vn 0.7149 -0.0000 -0.6992
vn 0.7010 0.1969 -0.6854
vn 0.5511 0.1968 -0.8109
vn 0.6603 0.3852 -0.6447
vn 0.5191 0.3854 -0.7629
vn 0.5930 0.5614 -0.5772
vn 0.3548 0.3863 -0.8514
vn 0.4651 0.5597 -0.6859
vn 0.3939 0.7169 -0.5752
vn 0.3228 0.5590 -0.7637
vn 0.2747 0.7143 -0.6437
vn 0.1810 0.3855 -0.9048
vn 0.1655 0.5597 -0.8120
vn 0.1415 0.7155 -0.6841
vn -0.0000 0.3863 -0.9224
vn -0.0000 0.5601 -0.8284
vn -0.0000 0.7149 -0.6992
vn -0.1415 0.7155 -0.6841
vn -0.1655 0.5597 -0.8120
vn -0.2747 0.7143 -0.6437
vn -0.1810 0.3855 -0.9048
vn -0.3228 0.5590 -0.7637
vn -0.3939 0.7169 -0.5752
vn -0.4651 0.5597 -0.6859
vn -0.3548 0.3863 -0.8514
vn -0.5191 0.3854 -0.7629
vn -0.3777 0.1967 -0.9048
vn -0.1968 0.1968 -0.9605
vn -0.7010 -0.1969 -0.6854
vn -0.5655 -0.0000 -0.8247
vn -0.5511 -0.1968 -0.8109
vn -0.6603 -0.3852 -0.6447
vn -0.5511 0.1968 -0.8109
vn -0.5191 -0.3854 -0.7629
vn -0.4651 -0.5597 -0.6859
vn -0.3548 -0.3863 -0.8514
vn -0.3939 -0.7169 -0.5752
vn -0.3228 -0.5590 -0.7637
vn -0.1810 -0.3855 -0.9048
vn -0.1655 -0.5597 -0.8120
vn -0.1415 -0.7155 -0.6842
vn -0.0000 -0.5601 -0.8284
vn -0.0000 -0.3863 -0.9224
vn 0.9634 0.1895 -0.1895
vn 0.1895 0.9634 -0.1895
vn 0.6943 0.6943 -0.1894
vn 0.9062 0.3782 -0.1891
vn 0.8183 0.5429 -0.1888
vn 0.3782 0.9062 -0.1891
vn 0.5430 0.8183 -0.1888
vn 0.9821 -0.0000 -0.1886
vn 0.9634 -0.1895 -0.1895
vn 0.1896 -0.9634 -0.1895
vn 0.6943 -0.6943 -0.1894
vn 0.9062 -0.3782 -0.1891
vn 0.8183 -0.5429 -0.1888
vn 0.5430 -0.8183 -0.1888
vn -0.0000 -0.9821 -0.1886
vn -0.1895 0.9634 -0.1895
vn -0.0000 0.9821 -0.1886
vn -0.9821 -0.0000 -0.1886
vn -0.6943 0.6943 -0.1894
vn -0.3782 0.9062 -0.1891
vn -0.5428 0.8183 -0.1888
vn -0.6943 -0.6943 -0.1894
vn -0.3783 -0.9062 -0.1891
vn -0.5930 0.5614 -0.5772
vn -0.6603 0.3852 -0.6447
vn -0.7010 0.1969 -0.6854
vn 0.7011 -0.1969 -0.6853
vn 0.7754 -0.3877 -0.4985
vn 0.8265 -0.1968 -0.5274
vn 0.8404 -0.0000 -0.5420
vn 0.8265 0.1968 -0.5274
vn 0.7011 0.1969 -0.6853
vn 0.7754 0.3877 -0.4985
vn 0.6604 0.3852 -0.6446
vn 0.6950 0.5607 -0.4501
vn 0.7754 0.3877 0.4985
vn 0.6604 0.3852 0.6446
vn 0.7011 0.1969 0.6853
vn 0.6950 0.5607 0.4501
vn 0.5930 0.5614 0.5772
vn 0.8265 0.1968 0.5274
vn 0.7149 -0.0000 0.6992
vn 0.8355 -0.5438 -0.0788
vn 0.7171 -0.6934 -0.0709
vn 0.7015 -0.7014 -0.1261
vn 0.8202 -0.5521 -0.1499
vn 0.9237 -0.3711 -0.0947
vn 0.7726 -0.5598 -0.2996
vn 0.6510 -0.7136 -0.2588
vn 0.6950 -0.5607 -0.4501
vn 0.9098 -0.3843 -0.1569
vn 0.9774 -0.1892 -0.0946
vn 0.8605 -0.3868 -0.3316
vn 0.9665 -0.1964 -0.1650
vn 0.9140 -0.1970 -0.3546
vn 0.9849 -0.0000 -0.1733
vn 0.9317 -0.0000 -0.3632
vn 0.9665 0.1964 -0.1650
vn 0.9140 0.1970 -0.3546
vn 0.9125 0.3776 -0.1574
vn 0.9237 0.3711 -0.0947
vn 0.8202 0.5521 -0.1499
vn 0.8355 0.5438 -0.0788
vn 0.8605 0.3868 -0.3316
vn 0.7015 0.7014 -0.1261
vn 0.7171 0.6934 -0.0709
vn 0.7726 0.5598 -0.2996
vn 0.6509 0.7136 -0.2588
vn 0.5891 0.7147 -0.3770
vn 0.8355 0.5439 0.0788
vn 0.7171 0.6934 0.0709
vn 0.7015 0.7014 0.1261
vn 0.8202 0.5521 0.1498
vn 0.9238 0.3711 0.0947
vn 0.6509 0.7137 0.2588
vn 0.7726 0.5597 0.2996
vn 0.5891 0.7147 0.3770
vn 0.9125 0.3776 0.1573
vn 0.8605 0.3868 0.3316
vn 0.9665 0.1964 0.1650
vn 0.9140 0.1970 0.3546
vn 0.9849 -0.0000 0.1733
vn 0.9317 -0.0000 0.3632
vn 0.9665 -0.1964 0.1650
vn 0.9774 -0.1892 0.0946
vn 0.8404 -0.0000 0.5420
vn 0.9140 -0.1970 0.3546
vn 0.9098 -0.3843 0.1569
vn 0.9238 -0.3711 0.0947
vn 0.8202 -0.5521 0.1499
vn 0.8355 -0.5439 0.0788
vn 0.7015 -0.7015 0.1261
vn 0.8605 -0.3868 0.3316
vn 0.7726 -0.5597 0.2996
vn 0.8265 -0.1968 0.5274
vn 0.7754 -0.3877 0.4985
vn 0.6950 -0.5607 0.4502
vn 0.7011 -0.1969 0.6853
vn 0.6604 -0.3852 0.6446
vn 0.7171 -0.6934 0.0709
vn 0.8183 -0.5429 0.1888
vn 0.9062 -0.3782 0.1891
vn 0.9634 -0.1895 0.1895
vn 0.9821 -0.0000 0.1885
vn 0.9821 -0.0000 -0.1885
vn 0.9634 0.1895 0.1895
vn 0.9062 0.3782 0.1891
vn 0.8183 0.5429 0.1888
vn 0.6943 0.6943 0.1893
vn 0.6943 0.6943 -0.1893
vn 0.5025 0.7145 -0.4868
vn 0.4651 0.5598 -0.6858
vn 0.3939 0.7170 -0.5751
vn -0.5890 0.7148 0.3770
vn -0.6949 0.5607 0.4502
vn -0.5025 0.7145 0.4868
vn -0.4651 0.5598 0.6858
vn -0.3939 0.7170 0.5751
vn 0.5736 0.8173 -0.0551
vn 0.7170 0.6934 -0.0709
vn 0.7014 0.7015 -0.1261
vn 0.5518 0.8277 -0.1025
vn 0.4087 0.9118 -0.0393
vn 0.6509 0.7137 -0.2588
vn 0.3851 0.9195 -0.0786
vn 0.2202 0.9752 -0.0236
vn 0.5117 0.8344 -0.2047
vn 0.2050 0.9776 -0.0473
vn -0.0000 0.9963 -0.0863
vn 0.3459 0.9275 -0.1415
vn 0.4579 0.8369 -0.3000
vn 0.1804 0.9805 -0.0784
vn 0.3072 0.9294 -0.2048
vn 0.1494 0.9826 -0.1101
vn 0.3855 0.8419 -0.3777
vn 0.2601 0.9299 -0.2601
vn 0.1258 0.9830 -0.1337
vn 0.3062 0.8402 -0.4476
vn 0.2048 0.9293 -0.3072
vn 0.0945 0.9842 -0.1496
vn 0.2117 0.8388 -0.5017
vn 0.2747 0.7143 -0.6436
vn 0.1419 0.9301 -0.3389
vn 0.1415 0.7156 -0.6840
vn 0.0630 0.9842 -0.1654
vn 0.1105 0.8365 -0.5367
vn 0.0709 0.9294 -0.3623
vn 0.0315 0.9844 -0.1733
vn -0.0000 0.8381 -0.5456
vn -0.0000 0.9290 -0.3700
vn -0.0000 0.9849 -0.1734
vn -0.0315 0.9844 -0.1733
vn -0.0709 0.9294 -0.3623
vn -0.1105 0.8365 -0.5367
vn -0.0630 0.9842 -0.1654
vn -0.1419 0.9301 -0.3389
vn -0.1415 0.7156 -0.6840
vn -0.0945 0.9842 -0.1496
vn -0.2116 0.8388 -0.5017
vn -0.2048 0.9293 -0.3072
vn -0.1258 0.9830 -0.1337
vn -0.3062 0.8402 -0.4476
vn -0.2601 0.9299 -0.2601
vn -0.3939 0.7170 -0.5752
vn -0.1494 0.9826 -0.1101
vn -0.3855 0.8419 -0.3777
vn -0.3072 0.9294 -0.2048
vn -0.1805 0.9805 -0.0784
vn -0.4579 0.8368 -0.3000
vn -0.5025 0.7145 -0.4868
vn -0.3459 0.9275 -0.1415
vn -0.5890 0.7148 -0.3770
vn -0.2050 0.9776 -0.0473
vn -0.5117 0.8344 -0.2047
vn -0.3851 0.9195 -0.0786
vn -0.2202 0.9752 -0.0236
vn -0.4087 0.9118 -0.0393
vn -0.5518 0.8277 -0.1025
vn -0.5736 0.8173 -0.0550
vn -0.6546 0.7098 -0.2603
vn -0.7014 0.7015 -0.1261
vn -0.7170 0.6934 -0.0709
vn -0.6949 0.5607 -0.4502
vn -0.4651 0.5597 -0.6858
vn -0.5518 0.8277 0.1025
vn -0.3851 0.9195 0.0786
vn -0.4087 0.9118 0.0393
vn -0.2202 0.9752 0.0236
vn -0.6545 0.7098 0.2603
vn -0.5117 0.8344 0.2047
vn -0.2050 0.9776 0.0473
vn -0.0000 0.9963 0.0863
vn -0.3459 0.9275 0.1415
vn -0.4579 0.8368 0.3000
vn -0.1804 0.9805 0.0784
vn -0.3072 0.9294 0.2048
vn -0.1494 0.9826 0.1101
vn -0.3855 0.8419 0.3777
vn -0.2601 0.9299 0.2601
vn -0.1258 0.9830 0.1337
vn -0.3062 0.8402 0.4476
vn -0.2048 0.9293 0.3072
vn -0.0945 0.9842 0.1496
vn -0.2117 0.8387 0.5017
vn -0.2747 0.7144 0.6436
vn -0.1419 0.9301 0.3389
vn -0.1415 0.7155 0.6841
vn -0.0630 0.9842 0.1653
vn -0.1105 0.8365 0.5367
vn -0.0709 0.9294 0.3623
vn -0.0315 0.9844 0.1733
vn -0.0000 0.8380 0.5456
vn -0.0000 0.7149 0.6992
vn -0.0000 0.9290 0.3700
vn -0.0000 0.9849 0.1734
vn 0.0315 0.9844 0.1733
vn 0.0709 0.9294 0.3623
vn 0.1105 0.8365 0.5367
vn 0.0630 0.9842 0.1653
vn 0.1419 0.9301 0.3389
vn 0.1415 0.7156 0.6841
vn 0.0945 0.9842 0.1496
vn 0.2117 0.8387 0.5017
vn 0.2048 0.9293 0.3072
vn 0.1258 0.9830 0.1337
vn 0.3062 0.8402 0.4476
vn 0.2599 0.9299 0.2602
vn 0.1494 0.9826 0.1101
vn 0.3855 0.8419 0.3777
vn 0.2747 0.7143 0.6436
vn 0.3072 0.9294 0.2048
vn 0.1804 0.9805 0.0784
vn 0.3939 0.7169 0.5752
vn 0.4579 0.8368 0.3000
vn 0.5025 0.7145 0.4868
vn 0.4651 0.5598 0.6858
vn 0.3459 0.9275 0.1415
vn 0.2050 0.9776 0.0473
vn 0.5117 0.8344 0.2047
vn 0.3851 0.9195 0.0786
vn 0.2202 0.9752 0.0236
vn 0.0001 0.9963 0.0863
vn 0.4087 0.9118 0.0393
vn 0.5518 0.8277 0.1025
vn 0.5736 0.8173 0.0551
vn 0.7014 0.7015 0.1261
vn 0.7170 0.6934 0.0709
vn -0.5736 0.8173 0.0550
vn -0.7014 0.7015 0.1261
vn 0.5429 0.8183 0.1888
vn 0.5429 0.8183 -0.1888
vn 0.3782 0.9062 0.1891
vn 0.1895 0.9634 0.1895
vn -0.0000 0.9821 0.1885
vn -0.0000 0.9821 -0.1885
vn -0.1895 0.9634 0.1895
vn -0.3782 0.9062 0.1891
vn -0.5429 0.8183 0.1888
vn -0.5429 0.8183 -0.1888
vn -0.1976 -0.0000 0.9803
vn -0.5511 -0.1968 0.8109
vn -0.6603 -0.3852 0.6447
vn -0.5655 -0.0000 0.8248
vn -0.7011 0.1969 0.6854
vn -0.5511 0.1968 0.8109
vn -0.6603 0.3852 0.6447
vn -0.3777 0.1967 0.9048
vn -0.5191 0.3854 0.7629
vn -0.5930 0.5614 0.5773
vn -0.4651 0.5597 0.6859
vn -0.3548 0.3863 0.8514
vn -0.1968 0.1968 0.9605
vn -0.3939 0.7169 0.5753
vn -0.3228 0.5590 0.7637
vn -0.2747 0.7143 0.6437
vn -0.1810 0.3855 0.9048
vn -0.1656 0.5597 0.8120
vn -0.0000 0.3863 0.9224
vn 0.1968 0.1968 0.9605
vn -0.0000 0.5602 0.8284
vn 0.1415 0.7155 0.6841
vn 0.1655 0.5597 0.8120
vn 0.1976 -0.0000 0.9803
vn 0.1810 0.3855 0.9048
vn 0.3228 0.5590 0.7637
vn 0.3548 0.3863 0.8514
vn 0.4651 0.5597 0.6859
vn 0.5191 0.3854 0.7629
vn 0.5511 0.1968 0.8109
vn 0.5655 -0.0000 0.8247
vn 0.6603 0.3852 0.6447
vn 0.6603 -0.3852 0.6447
vn 0.5511 -0.1968 0.8109
vn 0.5191 -0.3854 0.7629
vn 0.4651 -0.5597 0.6859
vn 0.3939 -0.7169 0.5752
vn 0.3228 -0.5590 0.7637
vn 0.2747 -0.7143 0.6437
vn 0.3616 -0.3852 0.8490
vn 0.1656 -0.5597 0.8120
vn 0.1810 -0.3855 0.9048
vn 0.1968 -0.1968 0.9605
vn -0.0000 -0.5602 0.8284
vn -0.0000 -0.3863 0.9224
vn -0.1656 -0.5597 0.8120
vn -0.2747 -0.7143 0.6437
vn -0.1810 -0.3855 0.9048
vn -0.3228 -0.5590 0.7637
vn -0.3939 -0.7169 0.5753
vn -0.1968 -0.1968 0.9605
vn -0.3548 -0.3863 0.8514
vn -0.4651 -0.5597 0.6859
vn -0.5191 -0.3854 0.7629
vn -0.6943 -0.6943 0.1894
vn -0.9062 -0.3783 0.1891
vn 0.1896 -0.9634 0.1895
vn -0.0000 -0.9821 0.1886
vn -0.1896 0.9634 0.1895
vn -0.6943 0.6943 0.1894
vn -0.8184 0.5428 0.1888
vn -0.0000 0.9821 0.1886
vn 0.6943 0.6943 0.1894
vn 0.6943 -0.6943 0.1894
vn 0.5430 -0.8183 0.1888
vn 0.9062 -0.3783 0.1891
vn 0.2747 0.7143 0.6437
vt 25.925100 -51.706299
vt 25.925100 -50.562500
vt 45.699902 -51.706299
vt 24.497499 -51.706299
vt 45.699902 -50.562500
vt 25.925100 -49.000000
vt 45.699902 -49.000000
vt 24.701401 -49.000000
vt 24.646799 -50.562500
vt 23.094299 -51.706299
vt 23.498699 -49.000000
vt 23.390301 -50.562500
vt 22.337400 -49.000000
vt 22.177200 -50.562500
vt 21.237600 -49.000000
vt 21.739500 -51.706299
vt 21.028299 -50.562500
vt 20.218000 -49.000000
vt 20.456400 -51.706299
vt 19.963100 -50.562500
vt 19.296000 -49.000000
vt 19.266800 -51.706299
vt 18.999901 -50.562500
vt 18.155300 -50.562500
vt 15.172600 -47.437500
vt 13.529000 -49.000000
vt 13.861100 -47.437500
vt 20.543600 -51.706299
vt 21.989401 -50.562500
vt 22.285500 -51.706299
vt 24.089600 -51.706299
vt 23.940300 -50.562500
vt 23.885599 -49.000000
vt 25.925100 -47.437500
vt 45.699902 -47.437500
vt 23.940300 -47.437500
vt 25.925100 -46.293701
vt 18.487400 -49.000000
vt 21.989401 -47.437500
vt 22.285500 -46.293701
vt 24.089600 -46.293701
vt 25.924999 -46.293701
vt 25.924999 -47.437500
vt 36.704201 -46.293701
vt 36.704201 -47.437500
vt 25.924999 -49.000000
vt 36.704201 -49.000000
vt 36.704201 -50.562500
vt 21.881100 -49.000000
vt 25.924999 -50.562500
vt 36.704201 -51.706299
vt 25.924999 -51.706299
vt 18.155300 -47.437500
vt 18.999901 -47.437500
vt 19.963100 -47.437500
vt 21.028299 -47.437500
vt 20.456400 -46.293701
vt 19.266800 -46.293701
vt 22.177200 -47.437500
vt 21.739500 -46.293701
vt 23.390301 -47.437500
vt 23.094299 -46.293701
vt 24.646799 -47.437500
vt 24.497499 -46.293701
vt 20.105900 -50.562500
vt 18.893900 -51.706299
vt 18.321899 -50.562500
vt 17.364401 -51.706299
vt 19.945700 -49.000000
vt 16.668100 -50.562500
vt 20.105900 -47.437500
vt 18.112600 -49.000000
vt 18.321899 -47.437500
vt 20.543600 -46.293701
vt 18.893900 -46.293701
vt 17.364401 -46.293701
vt 16.668100 -47.437500
vt 16.413200 -49.000000
vt 14.876600 -49.000000
vt 15.172600 -50.562500
vt 13.861100 -50.562500
vt 45.699902 -46.293701
vt 49.126999 -66.699898
vt 47.884399 -66.699898
vt 49.126999 -46.925098
vt 16.596399 -32.982899
vt 18.056101 -32.862598
vt 18.056101 -34.425098
vt 15.161700 -33.341801
vt 16.477699 -31.848900
vt 16.758600 -34.532001
vt 18.056101 -35.987598
vt 16.920799 -36.081200
vt 14.926300 -32.236900
vt 15.483300 -34.851002
vt 13.428400 -32.876301
vt 12.009700 -33.756001
vt 13.776500 -33.933102
vt 12.464600 -34.746601
vt 10.694500 -34.861099
vt 14.252000 -35.376598
vt 11.248300 -35.768600
vt 9.505260 -36.172600
vt 13.085800 -36.099800
vt 14.727500 -36.820202
vt 13.707100 -37.452900
vt 15.804900 -36.360298
vt 14.161900 -38.443501
vt 12.761100 -38.247799
vt 12.004700 -37.008202
vt 15.075600 -37.876900
vt 45.305500 -34.861099
vt 43.535400 -34.746601
vt 43.990299 -33.756001
vt 42.571602 -32.876301
vt 36.484200 -32.982899
vt 36.365501 -31.848900
vt 37.943901 -31.718800
vt 36.646400 -34.532101
vt 37.943901 -32.862598
vt 37.943901 -34.425098
vt 34.814098 -32.236900
vt 37.943901 -35.987598
vt 35.049500 -33.341801
vt 36.808601 -36.081200
vt 35.371101 -34.851002
vt 33.316200 -32.876301
vt 35.928101 -37.465099
vt 36.927299 -37.215199
vt 35.692699 -36.360298
vt 34.963402 -37.876900
vt 34.615299 -36.820202
vt 34.049702 -38.443501
vt 34.139801 -35.376598
vt 33.594898 -37.452999
vt 32.648899 -38.247799
vt 33.202599 -39.155300
vt 33.664299 -33.933102
vt 32.973598 -36.099800
vt 31.892500 -37.008202
vt 32.436699 -39.999901
vt 31.793501 -39.191101
vt 31.136000 -35.768600
vt 32.352299 -34.746601
vt 31.764999 -40.963100
vt 31.043301 -40.266800
vt 30.057501 -39.315601
vt 30.411200 -41.456402
vt 29.335100 -40.675098
vt 29.908001 -42.739498
vt 28.760000 -42.141602
vt 29.542299 -44.094299
vt 28.342100 -43.689899
vt 29.320299 -45.497501
vt 28.088400 -45.293499
vt 29.245899 -46.924999
vt 27.141800 -43.285500
vt 28.003300 -46.924999
vt 29.245899 -57.704201
vt 26.856501 -45.089600
vt 28.003300 -57.704201
vt 26.760799 -57.704201
vt 26.760799 -46.924999
vt 19.515800 -32.982899
vt 19.353600 -34.532001
vt 20.950500 -33.341801
vt 19.634501 -31.848900
vt 19.191401 -36.081200
vt 20.628901 -34.851002
vt 21.185900 -32.236900
vt 22.335699 -33.933102
vt 20.307301 -36.360298
vt 21.384701 -36.820202
vt 22.683800 -32.876301
vt 20.071899 -37.465099
vt 19.072701 -37.215199
vt 18.056101 -37.131401
vt 21.036600 -37.876900
vt 21.950300 -38.443501
vt 22.405100 -37.452999
vt 23.351101 -38.247799
vt 22.797400 -39.155300
vt 21.860201 -35.376598
vt 23.026400 -36.099800
vt 24.107500 -37.008202
vt 23.563299 -39.999901
vt 24.206499 -39.191101
vt 23.647699 -34.746601
vt 24.864000 -35.768600
vt 24.956699 -40.266800
vt 24.235001 -40.963100
vt 25.942499 -39.315601
vt 26.664900 -40.675098
vt 25.588800 -41.456402
vt 27.240000 -42.141602
vt 26.091999 -42.739498
vt 26.457701 -44.094299
vt 26.754101 -46.925098
vt 26.679701 -45.497501
vt 27.911600 -45.293499
vt 27.996700 -46.925098
vt 27.657900 -43.689899
vt 29.143600 -45.089600
vt 27.612000 -41.543598
vt 28.259001 -39.893902
vt 29.071699 -38.364399
vt 30.036200 -36.981400
vt 28.350100 -37.668098
vt 30.914900 -38.086300
vt 29.393000 -36.172600
vt 30.582300 -34.861099
vt 31.897499 -33.756001
vt 29.239201 -46.925098
vt 28.858200 -43.285500
vt 28.388000 -41.543598
vt 27.740999 -39.893902
vt 26.928301 -38.364399
vt 25.963800 -36.981400
vt 27.649900 -37.668098
vt 25.085100 -38.086300
vt 26.607000 -36.172600
vt 25.417700 -34.861099
vt 24.102501 -33.756001
vt 16.040300 -37.465099
vt 17.039499 -37.215199
vt 13.314900 -39.155300
vt 12.548900 -39.999901
vt 11.905700 -39.191101
vt 11.877200 -40.963100
vt 11.027100 -38.086300
vt 11.155500 -40.266800
vt 10.169700 -39.315601
vt 10.148500 -36.981400
vt 10.523400 -41.456402
vt 10.020200 -42.739498
vt 8.872250 -42.141602
vt 9.447350 -40.675098
vt 9.654510 -44.094299
vt 8.200610 -45.293499
vt 9.432550 -45.497501
vt 9.358130 -46.925098
vt 9.358130 -66.699898
vt 8.115560 -66.699898
vt 8.115570 -46.925098
vt 6.872990 -66.699898
vt 8.454280 -43.689899
vt 6.968670 -45.089600
vt 7.254050 -43.285500
vt 7.724260 -41.543598
vt 6.873000 -46.925098
vt 8.371250 -39.893902
vt 9.183950 -38.364399
vt 8.462300 -37.668098
vt 42.223499 -33.933102
vt 41.073700 -32.236900
vt 39.522301 -31.848900
vt 39.403599 -32.982899
vt 40.838299 -33.341801
vt 39.241402 -34.532101
vt 39.079201 -36.081200
vt 40.516701 -34.851002
vt 41.748001 -35.376598
vt 40.195099 -36.360298
vt 41.272499 -36.820202
vt 42.914200 -36.099800
vt 39.959702 -37.465099
vt 44.751701 -35.768600
vt 42.292900 -37.452999
vt 43.995300 -37.008202
vt 46.494701 -36.172600
vt 41.838100 -38.443501
vt 45.851501 -36.981400
vt 47.537701 -37.668098
vt 44.972900 -38.086300
vt 46.816101 -38.364399
vt 45.830299 -39.315601
vt 44.094299 -39.191101
vt 43.238899 -38.247799
vt 44.844501 -40.266800
vt 43.451099 -39.999901
vt 42.685101 -39.155300
vt 44.122799 -40.963100
vt 40.924400 -37.876900
vt 38.960499 -37.215199
vt 45.476601 -41.456402
vt 46.552700 -40.675098
vt 45.979801 -42.739498
vt 47.127800 -42.141602
vt 46.345501 -44.094299
vt 47.628799 -39.893902
vt 48.275700 -41.543598
vt 46.567501 -45.497501
vt 47.545700 -43.689899
vt 48.745998 -43.285500
vt 47.799400 -45.293499
vt 49.031300 -45.089600
vt 47.884399 -46.925098
vt 46.641899 -46.925098
vt 46.641899 -66.699898
vt 39.522301 -47.437500
vt 37.943901 -49.000000
vt 37.943901 -47.437500
vt 39.403599 -46.293701
vt 37.943901 -46.293701
vt 39.565800 -49.000000
vt 41.073700 -47.437500
vt 39.522301 -50.562500
vt 37.943901 -50.562500
vt 41.159901 -49.000000
vt 42.571602 -47.437500
vt 41.073700 -50.562500
vt 39.403599 -51.706299
vt 42.571602 -50.562500
vt 42.699001 -49.000000
vt 43.990299 -50.562500
vt 43.990299 -47.437500
vt 44.156700 -49.000000
vt 45.305500 -50.562500
vt 45.305500 -47.437500
vt 45.508202 -49.000000
vt 16.434200 -49.000000
vt 18.056101 -49.000000
vt 16.477699 -50.562500
vt 18.056101 -50.562500
vt 14.926300 -50.562500
vt 14.840100 -49.000000
vt 13.428400 -50.562500
vt 13.301000 -49.000000
vt 12.009700 -50.562500
vt 11.843300 -49.000000
vt 10.694500 -50.562500
vt 10.491800 -49.000000
vt 12.009700 -47.437500
vt 10.694500 -47.437500
vt 13.428400 -47.437500
vt 19.634501 -47.437500
vt 18.056101 -47.437500
vt 19.515800 -46.293701
vt 18.056101 -46.293701
vt 19.677999 -49.000000
vt 21.185900 -47.437500
vt 36.321999 -49.000000
vt 36.365501 -50.562500
vt 36.484200 -51.706299
vt 34.814098 -50.562500
vt 36.365501 -47.437500
vt 36.484200 -46.293701
vt 34.814098 -47.437500
vt 34.727901 -49.000000
vt 33.316200 -47.437500
vt 25.417700 -47.437500
vt 25.620399 -49.000000
vt 24.268900 -49.000000
vt 24.102501 -47.437500
vt 25.417700 -50.562500
vt 22.811199 -49.000000
vt 22.683800 -47.437500
vt 24.102501 -50.562500
vt 21.272100 -49.000000
vt 22.683800 -50.562500
vt 21.185900 -50.562500
vt 19.634501 -50.562500
vt 31.897499 -47.437500
vt 33.188801 -49.000000
vt 30.582300 -47.437500
vt 31.731001 -49.000000
vt 33.316200 -50.562500
vt 31.897499 -50.562500
vt 30.379601 -49.000000
vt 30.582300 -50.562500
vt 14.926300 -47.437500
vt 16.477699 -47.437500
vt 10.300100 -46.293701
vt 30.074900 -46.293701
vt 30.074900 -47.437500
vt 31.910400 -46.293701
vt 10.300100 -47.437500
vt 32.059700 -47.437500
vt 30.074900 -49.000000
vt 10.300100 -49.000000
vt 34.010601 -47.437500
vt 32.114399 -49.000000
vt 30.074900 -50.562500
vt 32.059700 -50.562500
vt 10.300100 -50.562500
vt 30.074900 -51.706299
vt 10.300100 -51.706299
vt 31.910400 -51.706299
vt 34.010601 -50.562500
vt 34.118900 -49.000000
vt 35.894100 -47.437500
vt 35.456402 -46.293701
vt 37.678101 -47.437500
vt 36.054298 -49.000000
vt 35.894100 -50.562500
vt 37.887402 -49.000000
vt 39.331902 -47.437500
vt 39.586800 -49.000000
vt 37.678101 -50.562500
vt 39.331902 -50.562500
vt 40.827400 -50.562500
vt 35.456402 -51.706299
vt 33.714500 -51.706299
vt 37.106098 -51.706299
vt 38.635601 -51.706299
vt 33.662601 -49.000000
vt 34.762402 -49.000000
vt 33.822800 -50.562500
vt 34.971699 -50.562500
vt 32.609699 -50.562500
vt 34.260502 -51.706299
vt 35.543598 -51.706299
vt 32.501301 -49.000000
vt 31.353201 -50.562500
vt 31.298599 -49.000000
vt 32.905701 -51.706299
vt 31.502501 -51.706299
vt 42.471001 -49.000000
vt 42.138901 -50.562500
vt 37.844700 -47.437500
vt 37.512600 -49.000000
vt 36.703999 -49.000000
vt 37.000099 -47.437500
vt 36.036900 -47.437500
vt 35.782001 -49.000000
vt 34.971699 -47.437500
vt 35.543598 -46.293701
vt 36.733200 -46.293701
vt 33.822800 -47.437500
vt 32.609699 -47.437500
vt 32.905701 -46.293701
vt 31.353201 -47.437500
vt 34.260502 -46.293701
vt 30.075001 -47.437500
vt 30.075001 -49.000000
vt 19.295799 -49.000000
vt 19.295799 -47.437500
vt 19.295799 -46.293701
vt 31.502501 -46.293701
vt 30.075001 -46.293701
vt 30.075001 -50.562500
vt 19.295799 -50.562500
vt 19.295799 -51.706299
vt 30.075001 -51.706299
vt 37.106098 -46.293701
vt 37.844700 -50.562500
vt 37.000099 -50.562500
vt 36.036900 -50.562500
vt 36.733200 -51.706299
vt 33.714500 -46.293701
vt 38.635601 -46.293701
vt 40.827400 -47.437500
vt 42.138901 -47.437500
vt 41.123402 -49.000000
vt 8.200600 -45.293499
vt 8.872240 -42.141602
vt 6.872990 -46.925098
vt 8.115560 -46.925098
vt 6.873000 -66.699898
vt 9.432540 -45.497501
vt 8.115570 -66.699898
vt 9.447340 -40.675098
vt 9.183940 -38.364399
vt 8.462290 -37.668098
vt 9.505250 -36.172600
vt 39.241402 -34.532001
vt 48.745899 -43.285500
vt 18.056101 -31.718800
vt 16.758600 -34.532101
vt 13.707100 -37.452999
vt 27.996700 -46.924999
vt 29.239201 -46.924999
vt 29.239201 -57.704201
vt 29.143499 -45.089600
vt 27.996700 -57.704201
vt 26.754101 -57.704201
vt 36.646400 -34.532001
vt 26.754101 -46.924999
vt 26.856400 -45.089600
vt 19.353600 -34.532101
vt 28.003300 -46.925098
vt 26.760799 -46.925098
vt 29.245899 -46.925098
vt 37.943901 -37.131401
vt 47.628700 -39.893902
vt 46.816002 -38.364399
vt 42.292900 -37.452900
vt 46.641899 -46.293701
vt 49.126999 -51.706299
vt 45.399300 -49.000000
vt 47.884399 -45.875000
vt 50.369598 -49.000000
vt 49.126999 -46.293701
vt 50.036598 -47.437500
vt 50.036598 -50.562500
vt 47.884399 -52.125000
vt 46.641899 -51.706299
vt 45.732201 -50.562500
vt 10.600700 -49.000000
vt 10.267800 -50.562500
vt 9.358130 -51.706299
vt 8.115560 -52.125000
vt 6.872990 -51.706299
vt 6.872990 -46.293701
vt 5.630430 -49.000000
vt 5.963370 -50.562500
vt 5.963370 -47.437500
vt 38.917000 -49.000000
vt 38.960499 -50.562500
vt 39.079201 -51.706299
vt 39.873501 -49.000000
vt 39.959702 -50.562500
vt 40.797001 -49.000000
vt 40.924400 -50.562500
vt 41.671600 -49.000000
vt 41.838100 -50.562500
vt 42.482498 -49.000000
vt 42.685101 -50.562500
vt 36.808601 -46.293701
vt 36.970798 -49.000000
vt 36.927299 -47.437500
vt 36.014301 -49.000000
vt 35.928101 -47.437500
vt 35.090801 -49.000000
vt 34.963402 -47.437500
vt 34.216202 -49.000000
vt 34.049702 -47.437500
vt 33.405300 -49.000000
vt 33.202599 -47.437500
vt 29.245899 -46.293701
vt 30.155500 -47.437500
vt 30.488501 -49.000000
vt 26.760799 -46.293701
vt 28.003300 -45.875000
vt 25.518200 -49.000000
vt 25.851200 -47.437500
vt 26.760799 -51.706299
vt 25.851200 -50.562500
vt 29.245899 -51.706299
vt 28.003300 -52.125000
vt 19.191401 -46.293701
vt 19.072701 -47.437500
vt 19.029200 -49.000000
vt 19.985701 -49.000000
vt 20.071899 -47.437500
vt 20.909201 -49.000000
vt 21.036600 -47.437500
vt 21.783800 -49.000000
vt 21.950300 -47.437500
vt 22.594700 -49.000000
vt 22.797400 -47.437500
vt 30.155500 -50.562500
vt 21.950300 -50.562500
vt 22.797400 -50.562500
vt 36.927299 -50.562500
vt 36.808601 -51.706299
vt 35.928101 -50.562500
vt 34.963402 -50.562500
vt 34.049702 -50.562500
vt 33.202599 -50.562500
vt 19.072701 -50.562500
vt 20.071899 -50.562500
vt 21.036600 -50.562500
vt 17.039499 -47.437500
vt 17.083000 -49.000000
vt 16.126499 -49.000000
vt 16.040300 -47.437500
vt 15.203000 -49.000000
vt 15.075600 -47.437500
vt 14.328400 -49.000000
vt 14.161900 -47.437500
vt 13.517500 -49.000000
vt 13.314900 -47.437500
vt 9.358130 -46.293701
vt 10.267800 -47.437500
vt 8.115560 -45.875000
vt 14.161900 -50.562500
vt 13.314900 -50.562500
vt 15.075600 -50.562500
vt 16.040300 -50.562500
vt 17.039499 -50.562500
vt 39.079201 -46.293701
vt 41.838100 -47.437500
vt 42.685101 -47.437500
vt 40.924400 -47.437500
vt 39.959702 -47.437500
vt 38.960499 -47.437500
vt 45.732201 -47.437500
vt 51.822800 -1.437500
vt 52.971699 -1.437500
vt 52.762402 -3.000000
vt 51.662601 -3.000000
vt 50.609699 -1.437500
vt 50.501301 -3.000000
vt 49.353199 -1.437500
vt 49.298599 -3.000000
vt 48.074902 -1.437500
vt 48.074902 -3.000000
vt 28.300100 -3.000000
vt 28.300100 -1.437500
vt 48.074902 -4.562500
vt 28.300100 -4.562500
vt 49.353199 -4.562500
vt 50.609699 -4.562500
vt 51.822800 -4.562500
vt 52.971699 -4.562500
vt 53.782001 -3.000000
vt 54.036900 -4.562500
vt 50.059700 -1.437500
vt 50.114399 -3.000000
vt 52.010601 -1.437500
vt 50.059700 -4.562500
vt 52.010601 -4.562500
vt 52.118900 -3.000000
vt 53.894100 -1.437500
vt 54.054298 -3.000000
vt 55.678101 -1.437500
vt 53.894100 -4.562500
vt 55.887402 -3.000000
vt 57.331902 -1.437500
vt 57.586800 -3.000000
vt 55.678101 -4.562500
vt 57.331902 -4.562500
vt 54.036900 -1.437500
vt 57.185101 -10.543600
vt 56.015400 -9.971730
vt 56.684502 -8.822770
vt 57.170700 -7.609670
vt 58.475399 -7.905720
vt 57.465900 -6.353220
vt 57.932301 -9.260490
vt 58.805000 -6.502520
vt 57.564800 -5.074890
vt 57.564800 14.699900
vt 58.915501 14.699900
vt 58.783001 -11.324900
vt 59.637001 -9.858440
vt 57.710300 -12.684400
vt 59.174099 -13.635600
vt 58.915501 -5.074890
vt 60.760502 14.699900
vt 60.760502 -5.074890
vt 62.605598 14.699900
vt 63.956299 14.699900
vt 62.605598 -5.074890
vt 63.956299 -5.074890
vt 60.634300 -6.706470
vt 62.463600 -6.910420
vt 63.802700 -7.059720
vt 63.344501 -9.010570
vt 60.257599 -8.310130
vt 62.039799 -8.714530
vt 61.341599 -10.456400
vt 62.589500 -10.894100
vt 29.394400 14.699900
vt 31.239500 14.699900
vt 29.394400 -5.074890
vt 28.043699 -5.074890
vt 29.536400 -6.910420
vt 28.043699 14.699900
vt 28.197300 -7.059720
vt 28.655500 -9.010570
vt 30.658400 -10.456400
vt 29.410500 -10.894100
vt 30.449400 -12.678100
vt 56.931099 -17.138901
vt 54.978100 -18.243999
vt 54.302799 -17.253401
vt 52.871601 -19.123699
vt 56.108898 -16.231400
vt 58.696999 -15.827400
vt 60.245701 -14.331900
vt 57.741901 -15.018600
vt 56.437302 -13.913700
vt 54.985600 -14.991800
vt 55.132599 -12.808900
vt 60.380901 -12.106100
vt 61.550598 -12.678100
vt 35.068901 -17.138901
vt 37.697201 -17.253401
vt 37.021900 -18.243999
vt 39.128399 -19.123699
vt 48.167500 -19.017099
vt 48.343800 -20.151100
vt 46.000000 -20.281200
vt 46.000000 -19.137400
vt 47.926601 -17.467899
vt 46.000000 -17.574900
vt 50.647400 -19.763100
vt 46.000000 -16.012400
vt 50.297798 -18.658199
vt 47.685799 -15.918800
vt 46.000000 -14.868600
vt 49.820301 -17.149000
vt 48.993198 -14.534900
vt 47.509499 -14.784800
vt 49.342800 -15.639700
vt 50.425701 -14.123100
vt 50.942501 -15.179800
vt 51.782398 -13.556500
vt 51.648602 -16.623400
vt 52.457699 -14.547000
vt 53.862400 -13.752200
vt 53.040199 -12.844700
vt 52.354698 -18.066900
vt 53.380299 -15.900200
vt 54.177502 -12.000100
vt 55.174999 -11.036900
vt 56.246498 -11.733200
vt 39.645302 -18.066900
vt 41.352600 -19.763100
vt 43.656200 -20.151100
vt 43.832500 -19.017099
vt 41.702202 -18.658199
vt 44.073399 -17.467899
vt 44.314201 -15.918800
vt 42.179699 -17.149000
vt 40.351398 -16.623400
vt 42.657200 -15.639700
vt 41.057499 -15.179800
vt 38.619701 -15.900200
vt 43.006802 -14.534900
vt 35.891102 -16.231400
vt 39.542301 -14.547000
vt 37.014400 -14.991800
vt 33.303001 -15.827400
vt 40.217602 -13.556500
vt 34.258099 -15.018600
vt 31.754299 -14.331900
vt 35.562698 -13.913700
vt 32.825901 -13.635600
vt 34.289700 -12.684400
vt 36.867401 -12.808900
vt 38.137600 -13.752200
vt 35.753502 -11.733200
vt 37.822498 -12.000100
vt 38.959801 -12.844700
vt 36.825001 -11.036900
vt 41.574299 -14.123100
vt 44.490501 -14.784800
vt 34.814899 -10.543600
vt 35.984600 -9.971730
vt 35.315498 -8.822770
vt 33.216999 -11.324900
vt 34.067699 -9.260490
vt 33.524601 -7.905720
vt 34.829300 -7.609670
vt 32.362999 -9.858440
vt 31.619101 -12.106100
vt 34.534100 -6.353220
vt 33.195000 -6.502520
vt 34.435200 -5.074890
vt 31.742399 -8.310130
vt 29.960199 -8.714530
vt 31.365700 -6.706470
vt 31.239500 -5.074890
vt 33.084499 -5.074890
vt 34.435200 14.699900
vt 33.084499 14.699900
vt 33.084499 -0.293674
vt 34.435200 -1.437500
vt 34.929600 -3.000000
vt 29.394400 -0.293674
vt 31.239500 0.124997
vt 33.084499 -5.706330
vt 34.435200 -4.562500
vt 31.239500 -6.125000
vt 29.394400 -5.706330
vt 37.217300 -3.000000
vt 38.172001 -3.000000
vt 36.825001 -4.562500
vt 28.043699 -4.562500
vt 27.549299 -3.000000
vt 28.043699 -1.437500
vt 58.915501 -0.293673
vt 62.605598 -5.706330
vt 57.070400 -3.000000
vt 60.760502 0.124998
vt 64.450699 -3.000000
vt 62.605598 -0.293672
vt 63.956299 -1.437500
vt 63.956299 -4.562500
vt 60.760502 -6.125000
vt 58.915501 -5.706330
vt 57.564800 -4.562500
vt 53.827999 -3.000000
vt 54.782700 -3.000000
vt 55.174999 -4.562500
vt 54.177502 -4.562500
vt 53.040199 -4.562500
vt 41.574299 -4.562500
vt 40.217602 -4.562500
vt 40.464802 -3.000000
vt 41.763500 -3.000000
vt 43.006802 -4.562500
vt 43.134800 -3.000000
vt 44.490501 -4.562500
vt 44.314201 -5.706330
vt 46.000000 -4.562500
vt 44.555000 -3.000000
vt 46.000000 -3.000000
vt 37.822498 -4.562500
vt 38.959801 -4.562500
vt 39.260799 -3.000000
vt 47.445000 -3.000000
vt 47.509499 -4.562500
vt 47.685799 -5.706330
vt 48.865200 -3.000000
vt 48.993198 -4.562500
vt 50.236500 -3.000000
vt 50.425701 -4.562500
vt 51.535198 -3.000000
vt 51.782398 -4.562500
vt 52.739201 -3.000000
vt 46.000000 -1.437500
vt 44.490501 -1.437500
vt 44.314201 -0.293669
vt 43.006802 -1.437500
vt 41.574299 -1.437500
vt 40.217602 -1.437500
vt 38.959801 -1.437500
vt 37.822498 -1.437500
vt 36.825001 -1.437500
vt 46.000000 -0.293669
vt 47.685799 -0.293668
vt 53.040199 -1.437500
vt 54.177502 -1.437500
vt 51.782398 -1.437500
vt 55.174999 -1.437500
vt 50.425701 -1.437500
vt 48.993198 -1.437500
vt 47.509499 -1.437500
vt 57.564800 -1.437500
vt 43.925098 -4.562500
vt 43.925098 -3.000000
vt 63.699902 -4.562500
vt 41.940300 -4.562500
vt 63.699902 -3.000000
vt 63.699902 -1.437500
vt 43.925098 -1.437500
vt 41.940300 -1.437500
vt 41.885601 -3.000000
vt 39.989399 -4.562500
vt 39.989399 -1.437500
vt 39.881100 -3.000000
vt 38.105900 -1.437500
vt 42.701401 -3.000000
vt 42.646801 -4.562500
vt 41.498699 -3.000000
vt 41.390301 -4.562500
vt 40.337399 -3.000000
vt 40.177200 -4.562500
vt 39.237598 -3.000000
vt 39.028301 -4.562500
vt 38.217999 -3.000000
vt 37.963100 -4.562500
vt 36.112598 -3.000000
vt 34.668098 -4.562500
vt 34.413200 -3.000000
vt 34.668098 -1.437500
vt 37.945702 -3.000000
vt 36.321899 -1.437500
vt 38.105900 -4.562500
vt 36.321899 -4.562500
vt 37.963100 -1.437500
vt 39.028301 -1.437500
vt 40.177200 -1.437500
vt 41.390301 -1.437500
vt 42.646801 -1.437500
vt 57.932301 -9.260500
vt 34.067699 -9.260500
vt 33.303001 -4.562500
vt 31.754299 -4.562500
vt 31.362101 -3.000000
vt 58.696999 -4.562500
vt 56.931099 -4.562500
vt 57.232101 -3.000000
vt 54.978100 -4.562500
vt 55.225300 -3.000000
vt 59.046600 -3.000000
vt 53.060799 -3.000000
vt 52.871601 -4.562500
vt 56.931099 -1.437500
vt 58.696999 -1.437500
vt 60.637901 -3.000000
vt 60.245701 -4.562500
vt 60.245701 -1.437500
vt 54.978100 -1.437500
vt 52.871601 -1.437500
vt 50.775398 -3.000000
vt 50.647400 -1.437500
vt 48.408298 -3.000000
vt 50.647400 -4.562500
vt 48.343800 -4.562500
vt 48.167500 -5.706330
vt 46.000000 -5.706330
vt 43.591702 -3.000000
vt 43.656200 -4.562500
vt 43.832500 -5.706330
vt 41.352600 -4.562500
vt 41.224602 -3.000000
vt 39.128399 -4.562500
vt 38.939201 -3.000000
vt 37.021900 -4.562500
vt 36.774700 -3.000000
vt 35.068901 -4.562500
vt 34.767899 -3.000000
vt 37.021900 -1.437500
vt 35.068901 -1.437500
vt 39.128399 -1.437500
vt 48.343800 -1.437500
vt 41.352600 -1.437500
vt 43.656200 -1.437500
vt 33.303001 -1.437500
vt 32.953400 -3.000000
vt 31.754299 -1.437500
vt 56.696999 -32.418400
vt 57.386902 -32.418400
vt 57.601601 -33.221802
vt 56.511299 -31.714300
vt 57.098000 -31.714300
vt 56.835098 -33.221802
vt 57.733799 -34.093498
vt 55.883999 -31.714300
vt 55.959400 -32.418400
vt 56.919998 -34.093498
vt 56.015499 -33.221802
vt 57.778500 -35.000000
vt 55.202400 -32.418400
vt 55.240200 -31.714300
vt 56.049999 -34.093498
vt 55.174301 -33.221802
vt 54.604698 -31.714300
vt 54.455200 -32.418400
vt 56.948700 -35.000000
vt 58.459999 -34.093498
vt 58.518902 -35.000000
vt 58.459999 -35.906502
vt 58.285702 -33.221802
vt 58.002499 -32.418400
vt 53.219101 -31.136400
vt 53.914799 -39.292999
vt 53.219101 -38.863602
vt 53.914799 -30.707001
vt 54.669701 -30.442600
vt 54.669701 -39.557400
vt 52.108898 -37.581600
vt 52.609299 -38.285702
vt 52.108898 -32.418400
vt 52.609299 -31.714300
vt 51.430698 -35.000000
vt 51.737000 -33.221802
vt 51.507999 -34.093498
vt 51.507999 -35.906502
vt 51.737000 -36.778198
vt 56.239899 -39.557400
vt 55.454800 -39.646702
vt 56.239899 -30.442600
vt 55.454800 -30.353300
vt 56.994801 -39.292999
vt 56.994801 -30.707001
vt 57.690498 -31.136400
vt 57.690498 -38.863602
vt 58.800800 -37.581600
vt 58.300301 -38.285702
vt 58.300301 -31.714300
vt 58.800800 -32.418400
vt 59.172600 -33.221802
vt 59.401600 -34.093498
vt 59.401600 -35.906502
vt 59.172600 -36.778198
vt 59.478901 -35.000000
vt 55.157101 -34.093498
vt 54.344002 -33.221802
vt 56.061600 -35.000000
vt 54.275600 -34.093498
vt 56.919998 -35.906502
vt 55.151199 -35.000000
vt 56.049999 -35.906502
vt 55.157101 -35.906502
vt 54.252499 -35.000000
vt 57.733799 -35.906502
vt 58.285702 -36.778198
vt 54.275600 -35.906502
vt 53.399899 -35.000000
vt 57.601601 -36.778198
vt 53.439400 -34.093498
vt 58.002499 -37.581600
vt 56.835098 -36.778198
vt 57.386902 -37.581600
vt 56.696999 -37.581600
vt 53.556400 -33.221802
vt 53.746300 -32.418400
vt 54.001900 -31.714300
vt 57.098000 -38.285702
vt 56.511299 -38.285702
vt 55.883999 -38.285702
vt 54.001900 -38.285702
vt 53.454899 -38.285702
vt 53.103100 -37.581600
vt 52.550301 -37.581600
vt 52.227501 -36.778198
vt 52.841702 -36.778198
vt 52.028702 -35.906502
vt 53.746300 -37.581600
vt 54.604698 -38.285702
vt 54.455200 -37.581600
vt 55.202400 -37.581600
vt 55.240200 -38.285702
vt 55.959400 -37.581600
vt 56.015499 -36.778198
vt 55.174301 -36.778198
vt 54.344002 -36.778198
vt 53.556400 -36.778198
vt 53.439400 -35.906502
vt 52.680801 -35.906502
vt 52.626400 -35.000000
vt 51.961601 -35.000000
vt 52.680801 -34.093498
vt 52.028702 -34.093498
vt 52.841702 -33.221802
vt 52.227501 -33.221802
vt 53.103100 -32.418400
vt 52.550301 -32.418400
vt 53.454899 -31.714300
vt 62.054401 -25.229601
vt 62.365898 -24.598000
vt 62.912800 -24.938200
vt 63.264599 -24.479700
vt 63.817402 -24.997400
vt 62.484200 -25.496799
vt 61.699100 -25.950100
vt 61.995098 -26.134100
vt 63.382999 -25.378500
vt 62.853600 -25.842699
vt 64.258598 -25.613100
vt 63.758099 -25.902000
vt 63.148300 -26.254101
vt 64.024002 -26.488701
vt 31.741400 -44.386902
vt 32.241901 -44.098000
vt 32.617001 -44.621498
vt 32.851700 -43.745899
vt 31.976000 -43.511299
vt 32.642799 -43.284901
vt 31.829800 -42.883999
vt 32.527901 -42.792099
vt 31.808701 -42.240200
vt 32.511299 -42.286301
vt 32.593800 -41.786999
vt 31.913601 -41.604698
vt 34.872501 -45.733799
vt 34.237000 -45.628899
vt 34.419201 -44.948700
vt 34.918499 -45.031200
vt 33.634102 -45.402000
vt 33.087200 -45.061798
vt 32.735401 -45.520302
vt 32.182598 -45.002499
vt 33.945599 -44.770401
vt 33.515800 -44.503201
vt 34.300900 -44.049900
vt 32.480598 -40.454899
vt 32.022202 -40.103100
vt 32.539902 -39.550301
vt 32.920898 -39.984798
vt 33.155602 -39.109200
vt 33.444500 -39.609600
vt 32.140499 -41.001900
vt 33.039299 -40.883598
vt 33.385201 -40.514198
vt 33.796600 -40.219398
vt 34.198200 -40.915199
vt 33.914902 -41.118198
vt 32.771999 -41.313301
vt 34.489601 -41.773602
vt 34.634102 -41.670101
vt 35.087399 -42.455101
vt 34.368198 -41.903301
vt 33.676601 -41.372601
vt 33.492500 -41.668598
vt 34.274300 -42.054199
vt 33.369701 -41.994900
vt 34.211700 -42.220501
vt 34.182800 -42.395802
vt 33.313000 -42.338799
vt 33.324402 -42.687199
vt 34.188599 -42.573399
vt 33.403500 -43.026699
vt 34.228901 -42.746498
vt 33.547401 -43.344200
vt 34.302299 -42.908401
vt 34.405800 -43.052799
vt 33.146400 -44.157299
vt 33.750401 -43.627602
vt 34.004902 -43.865898
vt 34.535500 -43.174301
vt 34.686401 -43.268200
vt 34.627102 -44.172699
vt 34.852699 -43.330799
vt 35.028099 -43.359699
vt 34.971100 -44.229500
vt 35.319500 -44.218102
vt 35.205700 -43.353901
vt 35.658901 -44.139000
vt 35.378700 -43.313499
vt 35.976501 -43.995098
vt 35.540600 -43.240200
vt 62.452599 -26.655800
vt 63.357201 -26.715099
vt 64.170197 -27.115999
vt 62.596500 -26.973301
vt 63.472099 -27.207899
vt 64.191299 -27.759800
vt 63.488701 -27.713699
vt 64.086403 -28.395300
vt 63.519402 -29.545099
vt 63.977798 -29.896900
vt 63.460098 -30.449699
vt 63.079102 -30.015200
vt 62.844398 -30.890800
vt 62.555500 -30.390400
vt 62.614799 -29.485800
vt 62.203400 -29.780600
vt 61.801701 -29.084801
vt 62.960701 -29.116400
vt 62.085098 -28.881800
vt 61.510399 -28.226400
vt 61.365898 -28.329901
vt 60.912601 -27.544901
vt 61.631802 -28.096701
vt 62.323399 -28.627399
vt 63.228001 -28.686701
vt 63.859501 -28.998100
vt 61.725700 -27.945801
vt 62.507500 -28.331400
vt 63.406200 -28.212999
vt 62.630299 -28.005100
vt 61.788300 -27.779499
vt 61.817200 -27.604200
vt 62.687000 -27.661200
vt 62.675598 -27.312799
vt 61.811401 -27.426600
vt 61.771099 -27.253500
vt 61.697701 -27.091600
vt 62.249599 -26.372400
vt 61.594200 -26.947201
vt 61.464500 -26.825701
vt 61.313599 -26.731800
vt 59.621899 -25.309200
vt 59.269798 -24.699400
vt 59.856499 -24.433599
vt 60.082802 -25.100300
vt 60.483799 -24.287300
vt 60.341099 -25.861000
vt 60.023499 -26.004900
vt 60.459400 -26.759800
vt 60.575699 -24.985399
vt 60.621300 -26.686501
vt 60.680500 -25.781900
vt 61.127499 -24.266199
vt 61.081501 -24.968901
vt 60.794300 -26.646099
vt 61.028900 -25.770500
vt 61.580799 -25.051300
vt 60.971901 -26.640301
vt 61.372898 -25.827299
vt 61.147301 -26.669201
vt 61.763000 -24.371099
vt 35.917198 -44.899700
vt 36.730202 -45.300598
vt 36.143501 -45.566399
vt 36.378101 -44.690800
vt 35.516201 -45.712700
vt 35.424301 -45.014599
vt 35.540901 -43.239899
vt 35.087601 -42.454800
vt 60.913601 -27.544201
vt 61.366798 -28.329300
vt 35.976700 -43.994801
vt 61.802700 -29.084200
vt 36.378399 -44.690498
vt 62.204399 -29.779900
vt 36.730499 -45.300301
vt 62.556400 -30.389700
vt 33.796902 -40.219101
vt 33.444801 -39.609299
vt 59.270699 -24.698700
vt 59.622799 -25.308500
vt 34.198502 -40.914799
vt 60.024502 -26.004200
vt 34.634399 -41.669701
vt 60.460300 -26.759100
vt 31.593800 -35.000000
vt 32.258598 -35.000000
vt 32.313000 -35.906502
vt 32.313000 -34.093498
vt 31.660900 -35.906502
vt 33.188599 -33.221802
vt 33.378502 -32.418400
vt 34.087399 -32.418400
vt 33.634102 -31.714300
vt 32.473999 -33.221802
vt 31.660900 -34.093498
vt 32.735401 -32.418400
vt 33.087200 -31.714300
vt 31.859699 -33.221802
vt 32.182598 -32.418400
vt 34.834702 -37.581600
vt 34.872501 -38.285702
vt 34.237000 -38.285702
vt 34.087399 -37.581600
vt 34.806599 -36.778198
vt 33.634102 -38.285702
vt 33.087200 -38.285702
vt 32.735401 -37.581600
vt 33.378502 -37.581600
vt 32.182598 -37.581600
vt 31.859699 -36.778198
vt 32.473999 -36.778198
vt 33.188599 -36.778198
vt 33.976299 -36.778198
vt 34.789299 -35.906502
vt 33.071701 -35.906502
vt 33.907799 -35.906502
vt 34.783401 -35.000000
vt 35.693901 -35.000000
vt 34.789299 -34.093498
vt 33.884701 -35.000000
vt 33.032200 -35.000000
vt 33.907799 -34.093498
vt 33.071701 -34.093498
vt 33.976299 -33.221802
vt 34.806599 -33.221802
vt 63.460098 -37.581600
vt 62.844398 -37.581600
vt 63.059101 -36.778198
vt 63.743198 -36.778198
vt 63.191299 -35.906502
vt 63.917500 -35.906502
vt 63.236000 -35.000000
vt 63.976398 -35.000000
vt 63.917500 -34.093498
vt 63.191299 -34.093498
vt 63.743198 -33.221802
vt 63.059101 -33.221802
vt 63.460098 -32.418400
vt 62.844398 -32.418400
vt 36.143501 -31.714300
vt 36.730202 -31.714300
vt 37.019100 -32.418400
vt 36.329300 -32.418400
vt 37.233799 -33.221802
vt 36.467300 -33.221802
vt 37.366100 -34.093498
vt 35.516201 -31.714300
vt 35.591702 -32.418400
vt 34.872501 -31.714300
vt 34.834702 -32.418400
vt 34.237000 -31.714300
vt 35.647701 -33.221802
vt 36.552299 -34.093498
vt 37.410702 -35.000000
vt 35.682201 -34.093498
vt 36.581001 -35.000000
vt 36.552299 -35.906502
vt 37.366100 -35.906502
vt 35.682201 -35.906502
vt 36.467300 -36.778198
vt 37.233799 -36.778198
vt 35.647701 -36.778198
vt 36.329300 -37.581600
vt 37.019100 -37.581600
vt 35.591702 -37.581600
vt 36.143501 -38.285702
vt 36.730202 -38.285702
vt 35.516201 -38.285702
vt 62.844101 -37.581600
vt 62.555199 -38.285702
vt 36.729301 -38.285702
vt 37.018200 -37.581600
vt 63.058800 -36.778198
vt 37.232899 -36.778198
vt 63.191002 -35.906502
vt 37.365101 -35.906502
vt 63.235699 -35.000000
vt 37.409801 -35.000000
vt 63.191002 -34.093498
vt 37.365101 -34.093498
vt 63.058800 -33.221802
vt 37.232899 -33.221802
vt 62.844101 -32.418400
vt 37.018200 -32.418400
vt 62.555199 -31.714300
vt 36.729301 -31.714300
vt 53.220100 -38.863602
vt 53.220100 -31.136400
vt 53.915798 -30.707001
vt 53.915798 -39.292999
vt 54.670700 -39.557400
vt 54.670700 -30.442600
vt 52.109901 -37.581600
vt 52.610298 -38.285702
vt 52.109901 -32.418400
vt 52.610298 -31.714300
vt 51.431702 -35.000000
vt 51.737999 -36.778198
vt 51.508999 -35.906502
vt 51.508999 -34.093498
vt 51.737999 -33.221802
vt 55.455799 -30.353300
vt 56.240898 -30.442600
vt 56.240898 -39.557400
vt 55.455799 -39.646702
vt 56.995800 -30.707001
vt 56.995800 -39.292999
vt 57.691502 -38.863602
vt 57.691502 -31.136400
vt 58.801800 -32.418400
vt 58.301300 -31.714300
vt 58.801800 -37.581600
vt 58.301300 -38.285702
vt 59.173599 -36.778198
vt 59.402599 -35.906502
vt 59.402599 -34.093498
vt 59.479900 -35.000000
vt 59.173599 -33.221802
vt 55.174400 -33.221802
vt 55.174400 -36.778198
vt 53.400002 -35.000000
vt 35.319500 -25.781900
vt 35.378700 -26.686501
vt 35.205700 -26.646099
vt 35.087399 -27.544901
vt 34.918499 -24.968901
vt 34.971100 -25.770500
vt 34.237000 -24.371099
vt 34.872501 -24.266199
vt 34.419201 -25.051300
vt 35.028099 -26.640301
vt 34.627102 -25.827299
vt 34.852699 -26.669201
vt 34.686401 -26.731800
vt 34.300900 -25.950100
vt 33.945599 -25.229601
vt 33.634102 -24.598000
vt 33.087200 -24.938200
vt 33.515800 -25.496799
vt 34.004902 -26.134100
vt 34.535500 -26.825701
vt 33.146400 -25.842699
vt 32.617001 -25.378500
vt 33.750401 -26.372400
vt 34.405800 -26.947201
vt 34.302299 -27.091600
vt 33.547401 -26.655800
vt 34.228901 -27.253500
vt 33.403500 -26.973301
vt 32.851700 -26.254101
vt 32.241901 -25.902000
vt 31.976000 -26.488701
vt 31.741400 -25.613100
vt 32.182598 -24.997400
vt 32.642799 -26.715099
vt 32.735401 -24.479700
vt 64.258598 -44.386902
vt 63.817402 -45.002499
vt 63.382999 -44.621498
vt 63.758099 -44.098000
vt 63.148300 -43.745899
vt 64.024002 -43.511299
vt 62.853600 -44.157299
vt 62.484200 -44.503201
vt 63.357201 -43.284901
vt 64.170197 -42.883999
vt 61.995098 -43.865898
vt 61.699100 -44.049900
vt 62.452599 -43.344200
vt 62.249599 -43.627602
vt 61.464500 -43.174301
vt 61.313599 -43.268200
vt 60.912601 -42.455101
vt 61.594200 -43.052799
vt 61.697701 -42.908401
vt 62.596500 -43.026699
vt 61.771099 -42.746498
vt 61.811401 -42.573399
vt 62.675598 -42.687199
vt 63.472099 -42.792099
vt 61.817200 -42.395802
vt 62.687000 -42.338799
vt 64.191299 -42.240200
vt 63.488701 -42.286301
vt 62.630299 -41.994900
vt 63.406200 -41.786999
vt 61.788300 -42.220501
vt 62.507500 -41.668598
vt 61.725700 -42.054199
vt 61.631802 -41.903301
vt 63.228001 -41.313301
vt 62.323399 -41.372601
vt 63.859501 -41.001900
vt 62.960701 -40.883598
vt 62.085098 -41.118198
vt 61.510399 -41.773602
vt 61.801800 -40.915199
vt 61.365898 -41.670101
vt 62.614799 -40.514198
vt 62.203400 -40.219398
vt 62.555500 -39.609600
vt 63.079102 -39.984798
vt 62.844398 -39.109200
vt 63.519402 -40.454899
vt 63.460098 -39.550301
vt 63.977798 -40.103100
vt 64.086403 -41.604698
vt 31.829800 -27.115999
vt 32.527901 -27.207899
vt 31.808701 -27.759800
vt 32.511299 -27.713699
vt 31.913601 -28.395300
vt 33.324402 -27.312799
vt 34.188599 -27.426600
vt 33.313000 -27.661200
vt 34.182800 -27.604200
vt 33.369701 -28.005100
vt 34.211700 -27.779499
vt 34.274300 -27.945801
vt 32.593800 -28.212999
vt 33.492500 -28.331400
vt 32.140499 -28.998100
vt 32.771999 -28.686701
vt 33.676601 -28.627399
vt 34.368198 -28.096701
vt 33.039299 -29.116400
vt 32.480598 -29.545099
vt 33.914902 -28.881800
vt 34.489601 -28.226400
vt 34.198299 -29.084801
vt 34.634102 -28.329901
vt 33.385201 -29.485800
vt 33.796600 -29.780600
vt 33.444500 -30.390400
vt 32.920898 -30.015200
vt 33.155602 -30.890800
vt 32.539902 -30.449699
vt 32.022202 -29.896900
vt 60.082802 -44.899700
vt 59.856499 -45.566399
vt 59.269798 -45.300598
vt 60.483799 -45.712700
vt 59.621899 -44.690800
vt 60.341099 -44.139000
vt 60.023499 -43.995098
vt 60.575699 -45.014599
vt 61.081501 -45.031101
vt 61.127499 -45.733799
vt 60.621300 -43.313499
vt 60.459400 -43.240200
vt 60.680500 -44.218102
vt 60.794300 -43.353901
vt 61.028900 -44.229500
vt 61.372898 -44.172699
vt 60.971901 -43.359699
vt 61.147301 -43.330799
vt 61.580799 -44.948700
vt 61.763000 -45.628899
vt 62.365898 -45.402000
vt 62.054401 -44.770401
vt 62.912800 -45.061798
vt 63.264599 -45.520302
vt 36.143501 -24.433599
vt 36.730202 -24.699400
vt 36.378101 -25.309200
vt 35.917198 -25.100300
vt 35.516201 -24.287300
vt 35.658901 -25.861000
vt 35.976501 -26.004900
vt 35.540600 -26.759800
vt 35.424301 -24.985399
vt 59.269501 -45.300301
vt 33.443600 -30.389700
vt 33.795601 -29.779900
vt 59.621601 -44.690498
vt 34.197300 -29.084200
vt 60.023300 -43.994801
vt 34.633202 -28.329300
vt 60.459099 -43.239899
vt 35.086399 -27.544201
vt 60.912399 -42.454800
vt 35.539700 -26.759100
vt 61.365601 -41.669701
vt 35.975498 -26.004200
vt 61.801498 -40.914799
vt 36.377201 -25.308500
vt 62.203098 -40.219101
vt 36.729301 -24.698700
vt 62.555199 -39.609299
vt 37.366001 -34.093498
vt 35.591599 -32.418400
vt 37.366001 -35.906502
vt 36.730499 -31.714300
vt 62.556400 -31.714300
vt 62.845402 -32.418400
vt 37.019402 -32.418400
vt 63.060101 -33.221802
vt 37.234100 -33.221802
vt 63.192299 -34.093498
vt 37.366299 -34.093498
vt 63.236900 -35.000000
vt 37.410999 -35.000000
vt 63.192299 -35.906502
vt 37.366299 -35.906502
vt 63.060101 -36.778198
vt 37.234100 -36.778198
vt 62.845402 -37.581600
vt 37.019402 -37.581600
vt 62.556400 -38.285702
vt 36.730499 -38.285702
vt 26.704700 -23.221800
vt 26.054199 -23.221800
vt 26.357800 -22.418400
vt 26.943300 -22.418400
vt 26.557800 -25.906500
vt 26.704700 -26.778200
vt 26.054199 -26.778200
vt 27.345699 -25.906500
vt 27.311600 -25.000000
vt 25.867201 -25.906500
vt 26.508200 -25.000000
vt 26.557800 -24.093500
vt 25.804100 -25.000000
vt 25.867201 -24.093500
vt 59.551300 -28.285700
vt 58.910198 -28.285700
vt 58.910198 -27.581600
vt 59.664001 -27.581600
vt 60.167599 -28.285700
vt 58.910198 -26.778200
vt 60.388802 -27.581600
vt 59.747799 -26.778200
vt 58.910198 -25.906500
vt 60.735699 -28.285700
vt 59.799301 -25.906500
vt 61.056702 -27.581600
vt 60.553101 -26.778200
vt 58.910198 -25.000000
vt 61.295300 -26.778200
vt 61.642200 -27.581600
vt 61.945801 -26.778200
vt 60.654301 -25.906500
vt 61.442200 -25.906500
vt 59.816799 -25.000000
vt 60.688400 -25.000000
vt 62.132801 -25.906500
vt 61.491798 -25.000000
vt 59.799301 -24.093500
vt 62.195900 -25.000000
vt 58.910198 -24.093500
vt 62.132801 -24.093500
vt 61.442200 -24.093500
vt 61.945801 -23.221800
vt 60.654301 -24.093500
vt 61.295300 -23.221800
vt 61.642200 -22.418400
vt 60.553101 -23.221800
vt 61.056702 -22.418400
vt 60.388802 -22.418400
vt 60.735699 -21.714300
vt 59.747799 -23.221800
vt 58.910198 -23.221800
vt 59.664001 -22.418400
vt 58.910198 -22.418400
vt 60.167599 -21.714300
vt 59.551300 -21.714300
vt 58.910198 -21.714300
vt 28.336000 -27.581600
vt 28.252199 -26.778200
vt 29.089800 -26.778200
vt 29.089800 -27.581600
vt 27.611200 -27.581600
vt 27.446899 -26.778200
vt 28.448799 -28.285700
vt 29.089800 -28.285700
vt 27.832399 -28.285700
vt 26.943300 -27.581600
vt 27.264299 -28.285700
vt 26.357800 -27.581600
vt 28.448799 -21.714300
vt 29.089800 -21.714300
vt 29.089800 -22.418400
vt 28.336000 -22.418400
vt 29.089800 -23.221800
vt 27.832399 -21.714300
vt 28.252199 -23.221800
vt 29.089800 -24.093500
vt 27.611200 -22.418400
vt 27.264299 -21.714300
vt 28.200701 -24.093500
vt 29.089800 -25.000000
vt 27.446899 -23.221800
vt 27.345699 -24.093500
vt 28.183201 -25.000000
vt 28.200701 -25.906500
vt 29.089800 -25.906500
vt 29.090200 -21.714300
vt 58.911400 -21.714300
vt 58.911400 -22.418400
vt 29.090200 -22.418400
vt 58.911400 -23.221800
vt 29.090200 -23.221800
vt 58.911400 -24.093500
vt 29.090200 -24.093500
vt 58.911400 -25.000000
vt 29.090200 -25.000000
vt 58.911400 -25.906500
vt 29.090200 -25.906500
vt 58.911400 -26.778200
vt 29.090200 -26.778200
vt 58.911400 -27.581600
vt 29.090200 -27.581600
vt 58.911400 -28.285700
vt 29.090200 -28.285700
vt 46.146400 -43.122700
vt 45.825401 -42.642200
vt 46.731899 -42.642200
vt 45.434200 -42.056702
vt 45.257301 -42.945801
vt 44.987900 -42.295300
vt 44.987900 -41.388802
vt 44.680401 -41.553101
vt 44.640900 -43.132801
vt 44.503601 -42.442200
vt 43.999901 -43.195900
vt 43.999901 -42.491798
vt 43.358898 -43.132801
vt 43.999901 -7.508210
vt 43.999901 -6.804070
vt 44.640900 -6.867200
vt 43.358898 -6.867200
vt 44.503601 -7.557810
vt 45.257301 -7.054180
vt 44.987900 -7.704720
vt 45.825401 -7.357810
vt 45.434200 -7.943280
vt 45.825401 -8.264330
vt 46.323299 -7.766420
vt 46.146400 -6.877320
vt 46.731899 -7.357810
vt 40.787498 -7.943280
vt 41.268002 -7.357800
vt 41.676601 -7.766420
vt 41.268002 -8.264330
vt 41.853500 -6.877320
vt 42.174500 -8.264330
vt 41.853500 -8.655530
vt 42.174500 -7.357800
vt 42.565701 -7.943280
vt 42.742599 -7.054180
vt 43.012001 -7.704720
vt 43.012001 -8.611240
vt 47.212399 -7.943280
vt 46.731899 -8.264330
vt 47.035500 -8.832380
vt 46.384998 -9.101840
vt 47.222500 -9.448750
vt 46.531898 -9.586130
vt 47.285599 -10.089800
vt 46.581501 -10.089800
vt 45.778099 -10.089800
vt 45.743999 -9.742850
vt 46.146400 -8.655530
vt 44.889000 -9.912910
vt 44.906502 -10.089800
vt 43.999901 -10.089800
vt 44.837502 -9.742850
vt 45.642799 -9.409270
vt 45.478500 -9.101840
vt 44.753700 -9.586130
vt 45.257301 -8.832380
vt 44.640900 -9.448750
vt 44.503601 -9.336020
vt 44.987900 -8.611240
vt 44.680401 -8.446910
vt 44.346802 -9.252250
vt 44.346802 -8.345730
vt 44.176800 -9.200660
vt 43.999901 -8.311560
vt 43.999901 -9.183240
vt 43.823101 -9.200660
vt 43.496300 -7.557810
vt 43.653000 -8.345730
vt 43.319401 -8.446910
vt 43.653000 -9.252250
vt 43.496300 -9.336020
vt 42.742599 -8.832380
vt 43.358898 -9.448750
vt 43.246201 -9.586120
vt 42.521400 -9.101840
vt 42.357101 -9.409270
vt 43.162399 -9.742850
vt 42.255901 -9.742850
vt 43.110802 -9.912910
vt 42.221699 -10.089800
vt 43.093399 -10.089800
vt 43.999901 -41.688400
vt 43.496300 -42.442200
vt 42.742599 -42.945801
vt 43.653000 -41.654301
vt 43.012001 -42.295300
vt 42.174500 -42.642200
vt 42.565701 -42.056702
vt 41.853500 -43.122700
vt 41.676601 -42.233601
vt 41.268002 -42.642200
vt 40.787498 -42.056702
vt 41.268002 -41.735699
vt 41.467999 -40.413898
vt 40.777401 -40.551300
vt 40.714199 -39.910198
vt 41.418400 -39.910198
vt 42.221699 -39.910198
vt 41.614899 -40.898201
vt 40.964401 -41.167599
vt 42.255901 -40.257198
vt 43.110802 -40.087101
vt 43.093399 -39.910198
vt 43.999901 -39.910198
vt 43.162399 -40.257198
vt 42.357101 -40.590698
vt 41.853500 -41.344501
vt 43.246201 -40.413898
vt 42.521400 -40.898201
vt 42.174500 -41.735699
vt 42.742599 -41.167599
vt 43.358898 -40.551300
vt 43.496300 -40.664001
vt 43.012001 -41.388802
vt 43.319500 -41.553101
vt 43.653000 -40.747799
vt 43.823101 -40.799301
vt 43.999901 -40.816799
vt 44.346901 -41.654301
vt 44.176800 -40.799301
vt 44.346901 -40.747799
vt 44.503601 -40.664001
vt 46.581501 -39.910198
vt 47.285599 -39.910198
vt 47.222500 -40.551300
vt 46.531898 -40.413898
vt 47.035500 -41.167599
vt 45.743999 -40.257198
vt 45.778099 -39.910198
vt 44.906502 -39.910198
vt 46.384998 -40.898201
vt 44.889000 -40.087101
vt 45.642799 -40.590698
vt 46.731899 -41.735699
vt 46.146400 -41.344501
vt 44.837502 -40.257198
vt 45.478500 -40.898201
vt 45.825401 -41.735699
vt 44.753700 -40.413898
vt 45.257301 -41.167599
vt 44.640900 -40.551300
vt 46.323299 -42.233601
vt 47.212399 -42.056702
vt 41.467999 -9.586120
vt 40.714199 -10.089800
vt 40.777401 -9.448750
vt 41.418400 -10.089800
vt 40.964401 -8.832380
vt 41.614899 -9.101840
vt 43.093498 -10.090200
vt 44.000099 -10.090200
vt 44.000099 -39.911400
vt 43.093498 -39.911400
vt 42.221901 -10.090200
vt 42.221901 -39.911400
vt 41.418499 -10.090200
vt 41.418499 -39.911400
vt 40.714401 -10.090200
vt 40.714401 -39.911400
vt 46.581600 -10.090200
vt 47.285801 -10.090200
vt 47.285801 -39.911400
vt 46.581600 -39.911400
vt 45.778301 -10.090200
vt 45.778301 -39.911400
vt 44.906601 -10.090200
vt 44.906601 -39.911400
vt 44.000099 -22.418400
vt 44.000099 -21.714300
vt 44.641102 -21.714300
vt 43.246300 -22.418400
vt 44.000099 -23.221800
vt 43.359100 -21.714300
vt 43.162498 -23.221800
vt 44.000099 -24.093500
vt 42.742699 -21.714300
vt 42.521500 -22.418400
vt 43.111000 -24.093500
vt 42.357201 -23.221800
vt 44.000099 -25.000000
vt 41.853600 -22.418400
vt 42.174599 -21.714300
vt 42.256001 -24.093500
vt 41.615002 -23.221800
vt 41.268101 -22.418400
vt 43.093498 -25.000000
vt 46.731998 -22.418400
vt 47.035599 -23.221800
vt 46.385101 -23.221800
vt 46.146500 -22.418400
vt 45.744099 -24.093500
vt 45.642899 -23.221800
vt 45.478600 -22.418400
vt 45.825500 -21.714300
vt 44.889198 -24.093500
vt 44.906601 -25.000000
vt 44.837601 -23.221800
vt 44.889198 -25.906500
vt 44.753799 -22.418400
vt 45.257401 -21.714300
vt 47.035599 -26.778200
vt 46.385101 -26.778200
vt 46.532001 -25.906500
vt 45.744099 -25.906500
vt 47.222599 -25.906500
vt 46.581600 -25.000000
vt 47.285801 -25.000000
vt 47.222599 -24.093500
vt 45.778301 -25.000000
vt 46.532001 -24.093500
vt 41.418400 -21.136400
vt 42.221699 -29.292999
vt 41.418400 -28.863600
vt 42.221699 -20.707001
vt 43.093399 -20.442600
vt 43.093399 -29.557400
vt 40.136398 -27.581600
vt 40.714199 -28.285700
vt 40.136398 -22.418400
vt 40.714199 -21.714300
vt 39.353298 -25.000000
vt 39.707001 -23.221800
vt 39.442501 -24.093500
vt 39.442501 -25.906500
vt 39.707001 -26.778200
vt 44.906502 -29.557400
vt 43.999901 -29.646700
vt 44.906502 -20.442600
vt 43.999901 -20.353300
vt 45.778099 -29.292999
vt 45.778099 -20.707001
vt 46.581501 -21.136400
vt 46.581501 -28.863600
vt 47.863499 -27.581600
vt 47.285599 -28.285700
vt 47.285599 -21.714300
vt 47.863499 -22.418400
vt 48.292900 -23.221800
vt 48.557301 -24.093500
vt 48.557301 -25.906500
vt 48.292900 -26.778200
vt 48.646599 -25.000000
vt 41.468102 -24.093500
vt 40.964500 -23.221800
vt 42.221901 -25.000000
vt 40.777500 -24.093500
vt 43.111000 -25.906500
vt 41.418499 -25.000000
vt 42.256001 -25.906500
vt 41.468102 -25.906500
vt 40.714401 -25.000000
vt 44.000099 -25.906500
vt 44.837601 -26.778200
vt 40.777500 -25.906500
vt 44.000099 -26.778200
vt 44.753799 -27.581600
vt 43.162498 -26.778200
vt 44.000099 -27.581600
vt 43.246300 -27.581600
vt 44.641102 -28.285700
vt 44.000099 -28.285700
vt 43.359100 -28.285700
vt 42.742699 -28.285700
vt 42.174599 -28.285700
vt 41.853600 -27.581600
vt 42.521500 -27.581600
vt 42.357201 -26.778200
vt 41.615002 -26.778200
vt 41.268101 -27.581600
vt 40.964500 -26.778200
vt 45.478600 -27.581600
vt 46.146500 -27.581600
vt 45.825500 -28.285700
vt 45.257401 -28.285700
vt 45.642899 -26.778200
vt 46.731998 -27.581600
vt 59.551201 -28.285700
vt 59.551201 -21.714300
vt 28.448700 -21.714300
vt 28.448700 -28.285700
vt 58.909801 -27.581600
vt 58.909801 -28.285700
vt 29.088600 -28.285700
vt 29.088600 -27.581600
vt 58.909801 -26.778200
vt 29.088600 -26.778200
vt 58.909801 -25.906500
vt 29.088600 -25.906500
vt 58.909801 -25.000000
vt 29.088600 -25.000000
vt 58.909801 -24.093500
vt 29.088600 -24.093500
vt 58.909801 -23.221800
vt 29.088600 -23.221800
vt 58.909801 -22.418400
vt 29.088600 -22.418400
vt 58.909801 -21.714300
vt 29.088600 -21.714300
vt 42.357201 -40.590698
vt 43.111000 -40.087101
vt 43.162498 -40.257198
vt 44.000099 -39.910198
vt 41.853600 -41.344501
vt 42.521500 -40.898201
vt 41.676701 -42.233601
vt 41.268101 -41.735699
vt 40.787601 -42.056702
vt 42.174599 -41.735699
vt 41.268101 -42.642200
vt 43.246300 -40.413898
vt 42.742699 -41.167599
vt 43.359100 -40.551300
vt 43.496399 -40.664001
vt 43.012100 -41.388802
vt 42.565800 -42.056702
vt 42.174599 -42.642200
vt 42.742699 -42.945801
vt 43.012100 -42.295300
vt 43.319599 -41.553101
vt 43.653099 -40.747799
vt 43.496399 -42.442200
vt 43.359100 -43.132801
vt 43.653099 -41.654301
vt 43.823200 -40.799301
vt 44.000099 -40.816799
vt 44.000099 -41.688400
vt 44.176899 -40.799301
vt 44.347000 -41.654301
vt 44.000099 -42.491798
vt 44.000099 -43.195900
vt 44.641102 -43.132801
vt 44.503700 -42.442200
vt 41.853600 -43.122700
vt 44.000099 -7.508210
vt 44.000099 -6.804070
vt 44.641102 -6.867200
vt 43.359100 -6.867200
vt 44.503700 -7.557810
vt 44.987999 -7.704720
vt 43.496399 -7.557810
vt 42.742699 -7.054180
vt 44.680599 -8.446910
vt 44.987999 -8.611240
vt 44.000099 -8.311550
vt 44.347000 -8.345730
vt 44.347000 -9.252250
vt 44.503700 -9.336020
vt 44.000099 -10.089800
vt 44.176899 -9.200660
vt 44.000099 -9.183240
vt 43.653198 -8.345730
vt 43.823200 -9.200660
vt 43.653198 -9.252250
vt 43.319599 -8.446910
vt 43.012100 -7.704720
vt 43.496399 -9.336020
vt 43.012100 -8.611240
vt 42.174599 -7.357810
vt 42.565800 -7.943280
vt 42.742699 -8.832380
vt 42.174599 -8.264330
vt 43.359100 -9.448750
vt 42.521500 -9.101840
vt 43.246300 -9.586120
vt 43.162498 -9.742850
vt 41.853600 -8.655530
vt 42.357201 -9.409270
vt 41.268101 -8.264330
vt 41.615002 -9.101840
vt 42.256001 -9.742850
vt 43.111000 -9.912910
vt 42.221901 -10.089800
vt 43.093498 -10.089800
vt 41.468102 -9.586120
vt 41.418499 -10.089800
vt 40.714401 -10.089800
vt 40.777500 -9.448750
vt 40.964500 -8.832380
vt 41.676701 -7.766420
vt 40.787601 -7.943280
vt 41.268101 -7.357810
vt 41.853600 -6.877320
vt 45.257401 -42.945801
vt 44.987999 -42.295300
vt 45.825500 -42.642200
vt 46.146500 -43.122700
vt 46.323399 -42.233601
vt 46.731998 -42.642200
vt 45.434299 -42.056702
vt 44.680500 -41.553101
vt 44.347000 -40.747799
vt 44.987999 -41.388802
vt 44.503700 -40.664001
vt 45.257401 -41.167599
vt 44.641102 -40.551300
vt 44.753799 -40.413898
vt 45.825500 -41.735699
vt 45.478600 -40.898201
vt 46.731998 -41.735699
vt 46.146500 -41.344501
vt 45.642899 -40.590698
vt 44.837601 -40.257198
vt 46.385101 -40.898201
vt 47.035599 -41.167599
vt 45.744099 -40.257198
vt 44.889198 -40.087101
vt 45.778301 -39.910198
vt 44.906601 -39.910198
vt 46.532001 -40.413898
vt 46.581600 -39.910198
vt 47.285801 -39.910198
vt 47.222599 -40.551300
vt 47.212502 -42.056702
vt 46.532001 -9.586120
vt 47.222599 -9.448750
vt 47.285801 -10.089800
vt 47.035599 -8.832380
vt 46.581600 -10.089800
vt 45.744099 -9.742850
vt 45.778301 -10.089800
vt 46.385101 -9.101840
vt 46.146500 -8.655530
vt 46.731998 -8.264320
vt 44.889198 -9.912910
vt 44.906601 -10.089800
vt 45.642899 -9.409270
vt 44.837601 -9.742850
vt 45.478600 -9.101840
vt 45.257401 -8.832380
vt 44.753799 -9.586120
vt 44.641102 -9.448750
vt 45.825500 -8.264320
vt 46.323399 -7.766420
vt 47.212502 -7.943280
vt 46.731998 -7.357800
vt 45.825500 -7.357800
vt 46.146500 -6.877320
vt 45.434299 -7.943280
vt 45.257401 -7.054180
vt 40.777500 -40.551300
vt 40.714401 -39.910198
vt 41.418499 -39.910198
vt 41.468102 -40.413898
vt 40.964500 -41.167599
vt 42.256001 -40.257198
vt 42.221901 -39.910198
vt 43.093498 -39.910198
vt 41.615002 -40.898201
vt 47.285599 -10.090200
vt 47.285599 -39.911400
vt 46.581501 -39.911400
vt 46.581501 -10.090200
vt 45.778099 -39.911400
vt 45.778099 -10.090200
vt 44.906502 -39.911400
vt 44.906502 -10.090200
vt 43.999901 -39.911400
vt 43.999901 -10.090200
vt 43.093399 -39.911400
vt 43.093399 -10.090200
vt 42.221699 -39.911400
vt 42.221699 -10.090200
vt 41.418400 -39.911400
vt 41.418400 -10.090200
vt 40.714199 -39.911400
vt 40.714199 -10.090200
vt 44.906502 -25.000000
vt 45.778099 -25.000000
vt 45.743999 -25.906500
vt 45.743999 -24.093500
vt 44.889000 -25.906500
vt 46.384998 -23.221800
vt 46.146400 -22.418400
vt 46.731899 -22.418400
vt 45.642799 -23.221800
vt 44.889000 -24.093500
vt 43.999901 -25.000000
vt 43.999901 -25.906500
vt 45.825401 -21.714300
vt 45.478500 -22.418400
vt 45.257301 -21.714300
vt 44.837502 -23.221800
vt 44.753700 -22.418400
vt 44.640900 -21.714300
vt 43.999901 -24.093500
vt 43.999901 -23.221800
vt 43.999901 -22.418400
vt 43.999901 -21.714300
vt 43.246201 -22.418400
vt 43.162399 -23.221800
vt 43.110802 -24.093500
vt 43.358898 -21.714300
vt 44.640900 -28.285700
vt 43.999901 -28.285700
vt 43.999901 -27.581600
vt 43.358898 -28.285700
vt 44.753700 -27.581600
vt 45.257301 -28.285700
vt 45.478500 -27.581600
vt 45.825401 -28.285700
vt 43.999901 -26.778200
vt 46.146400 -27.581600
vt 44.837502 -26.778200
vt 45.642799 -26.778200
vt 46.731899 -27.581600
vt 46.384998 -26.778200
vt 47.035500 -26.778200
vt 46.531898 -25.906500
vt 47.222500 -25.906500
vt 46.581501 -25.000000
vt 47.285599 -25.000000
vt 47.222500 -24.093500
vt 46.531898 -24.093500
vt 47.035500 -23.221800
vt 41.418499 -28.863600
vt 41.418499 -21.136400
vt 42.221901 -20.707001
vt 42.221901 -29.292999
vt 43.093498 -29.557400
vt 43.093498 -20.442600
vt 40.136501 -27.581600
vt 40.714401 -28.285700
vt 40.136501 -22.418400
vt 40.714401 -21.714300
vt 39.353401 -25.000000
vt 39.707100 -26.778200
vt 39.442699 -25.906500
vt 39.442699 -24.093500
vt 39.707100 -23.221800
vt 44.000099 -20.353300
vt 44.906601 -20.442600
vt 44.906601 -29.557400
vt 44.000099 -29.646700
vt 45.778301 -20.707001
vt 45.778301 -29.292999
vt 46.581600 -28.863600
vt 46.581600 -21.136400
vt 47.863602 -22.418400
vt 47.285801 -21.714300
vt 47.863602 -27.581600
vt 47.285801 -28.285700
vt 48.292999 -26.778200
vt 48.557400 -25.906500
vt 48.557400 -24.093500
vt 48.646702 -25.000000
vt 48.292999 -23.221800
vt 42.742599 -21.714300
vt 42.521400 -22.418400
vt 42.174500 -21.714300
vt 42.357101 -23.221800
vt 41.853500 -22.418400
vt 41.614899 -23.221800
vt 41.268002 -22.418400
vt 42.255901 -24.093500
vt 43.093399 -25.000000
vt 41.467999 -24.093500
vt 43.110802 -25.906500
vt 42.221699 -25.000000
vt 42.255901 -25.906500
vt 43.162399 -26.778200
vt 42.357101 -26.778200
vt 41.467999 -25.906500
vt 43.246201 -27.581600
vt 42.521400 -27.581600
vt 42.742599 -28.285700
vt 42.174500 -28.285700
vt 41.853500 -27.581600
vt 41.614899 -26.778200
vt 41.268002 -27.581600
vt 40.964401 -26.778200
vt 40.777401 -25.906500
vt 41.418400 -25.000000
vt 40.714199 -25.000000
vt 40.777401 -24.093500
vt 40.964401 -23.221800
vt 3.051260 -25.000000
vt 3.938370 -25.000000
vt 3.950020 -25.906500
vt 3.950020 -24.093500
vt 3.079960 -25.906500
vt 4.825650 -23.221800
vt 4.797570 -22.418400
vt 5.544850 -22.418400
vt 4.759780 -21.714300
vt 3.984540 -23.221800
vt 3.079960 -24.093500
vt 2.221540 -25.000000
vt 2.266190 -25.906500
vt 4.040580 -22.418400
vt 4.116010 -21.714300
vt 3.164950 -23.221800
vt 3.302980 -22.418400
vt 3.488730 -21.714300
vt 2.266190 -24.093500
vt 2.398400 -23.221800
vt 2.613100 -22.418400
vt 2.902030 -21.714300
vt 1.997450 -22.418400
vt 1.714330 -23.221800
vt 1.539990 -24.093500
vt 6.253690 -27.581600
vt 5.998110 -28.285700
vt 5.395280 -28.285700
vt 5.544840 -27.581600
vt 6.443610 -26.778200
vt 4.759780 -28.285700
vt 3.488730 -28.285700
vt 2.902030 -28.285700
vt 2.613100 -27.581600
vt 3.302980 -27.581600
vt 4.116010 -28.285700
vt 4.040580 -27.581600
vt 2.398400 -26.778200
vt 4.797570 -27.581600
vt 3.164950 -26.778200
vt 3.984540 -26.778200
vt 4.825650 -26.778200
vt 5.655980 -26.778200
vt 6.560560 -25.906500
vt 4.842950 -25.906500
vt 5.724420 -25.906500
vt 6.600050 -25.000000
vt 7.373600 -25.000000
vt 6.560560 -24.093500
vt 5.747530 -25.000000
vt 4.848790 -25.000000
vt 5.724420 -24.093500
vt 4.842950 -24.093500
vt 5.655980 -23.221800
vt 6.443610 -23.221800
vt 2.308710 -28.863600
vt 2.308710 -21.136400
vt 3.004440 -20.707001
vt 3.004430 -29.292999
vt 3.759340 -29.557400
vt 3.759340 -20.442600
vt 1.198460 -27.581600
vt 1.698910 -28.285700
vt 1.198460 -22.418400
vt 1.698910 -21.714300
vt 0.520267 -25.000000
vt 0.826588 -26.778200
vt 0.597591 -25.906500
vt 0.597591 -24.093500
vt 0.826588 -23.221800
vt 4.544410 -20.353300
vt 5.329480 -20.442600
vt 5.329480 -29.557400
vt 4.544410 -29.646700
vt 6.084380 -20.707001
vt 6.084380 -29.292999
vt 6.780100 -28.863600
vt 6.780100 -21.136400
vt 7.890360 -22.418400
vt 7.389900 -21.714300
vt 7.890350 -27.581600
vt 7.389900 -28.285700
vt 8.262230 -26.778200
vt 8.491220 -25.906500
vt 8.491220 -24.093500
vt 8.568540 -25.000000
vt 8.262230 -23.221800
vt 1.481120 -25.000000
vt 1.539990 -25.906500
vt 1.714330 -26.778200
vt 1.997450 -27.581600
vt 6.896870 -22.418400
vt 7.449670 -22.418400
vt 7.772500 -23.221800
vt 5.998110 -21.714300
vt 6.545080 -21.714300
vt 6.253690 -22.418400
vt 5.395280 -21.714300
vt 7.158270 -23.221800
vt 7.971310 -24.093500
vt 7.319240 -24.093500
vt 8.038430 -25.000000
vt 7.319240 -25.906500
vt 7.971310 -25.906500
vt 7.158270 -26.778200
vt 7.772500 -26.778200
vt 6.896870 -27.581600
vt 7.449660 -27.581600
vt 6.545080 -28.285700
vt -3.488670 -17.713699
vt -4.191310 -17.759800
vt -4.170230 -17.115999
vt -3.472110 -17.207899
vt -2.687040 -17.661200
vt -2.675640 -17.312799
vt -4.023970 -16.488701
vt -3.357200 -16.715099
vt -3.758140 -15.902000
vt -3.382960 -15.378500
vt -4.258590 -15.613100
vt -3.817430 -14.997500
vt -3.148340 -16.254101
vt 27.382999 -34.621498
vt 27.758101 -34.098000
vt 28.258600 -34.386902
vt 27.817400 -35.002499
vt 27.148300 -33.745899
vt 28.024000 -33.511299
vt 26.853600 -34.157299
vt 26.912800 -35.061798
vt 27.264601 -35.520302
vt 26.484200 -34.503201
vt 26.365900 -35.402000
vt 26.054399 -34.770401
vt 25.580799 -34.948700
vt 25.763000 -35.628899
vt 27.859501 -31.001900
vt 28.086399 -31.604700
vt 27.406200 -31.787001
vt 27.228001 -31.313299
vt 28.191299 -32.240200
vt 27.488701 -32.286301
vt 28.170200 -32.883999
vt 27.472099 -32.792099
vt 26.687000 -32.338799
vt 25.127501 -35.733799
vt 24.483801 -35.712700
vt 24.575701 -35.014599
vt 23.856501 -35.566399
vt 24.082800 -34.899700
vt 23.269800 -35.300598
vt 23.621901 -34.690800
vt 24.023500 -33.995098
vt 24.341101 -34.139000
vt 25.081499 -35.031101
vt 24.621300 -33.313499
vt 24.459400 -33.240200
vt 24.912600 -32.455101
vt 24.794300 -33.353901
vt 24.680500 -34.218102
vt 25.028900 -34.229500
vt 24.971901 -33.359699
vt 25.372900 -34.172699
vt 25.147301 -33.330700
vt 25.313601 -33.268200
vt 25.699100 -34.049900
vt 25.995199 -33.865898
vt 25.464500 -33.174301
vt 26.249599 -33.627602
vt 25.594200 -33.052799
vt 26.452600 -33.344200
vt 25.697701 -32.908401
vt 25.771099 -32.746498
vt 27.357201 -33.284901
vt 26.596500 -33.026699
vt 26.675600 -32.687199
vt 25.811399 -32.573399
vt 25.817200 -32.395802
vt 26.630301 -31.994900
vt 25.788300 -32.220501
vt 25.725700 -32.054199
vt 26.507500 -31.668600
vt 26.323400 -31.372601
vt 25.631800 -31.903299
vt 26.085100 -31.118200
vt 25.510401 -31.773600
vt 25.801800 -30.915100
vt 25.365900 -31.670000
vt -2.452620 -16.655800
vt -2.912850 -14.938200
vt -2.853560 -15.842700
vt -2.249570 -16.372400
vt -2.484200 -15.496800
vt -3.264640 -14.479700
vt -2.365870 -14.598000
vt -2.054440 -15.229600
vt -1.763050 -14.371100
vt -0.082834 -15.100300
vt 0.143505 -14.433600
vt 0.730200 -14.699400
vt 0.378130 -15.309200
vt -0.023544 -16.004900
vt -0.575686 -14.985400
vt -0.483778 -14.287300
vt -0.341061 -15.861000
vt -0.621256 -16.686501
vt -0.459387 -16.759800
vt -0.912647 -17.544901
vt -0.794323 -16.646099
vt -0.680544 -15.781900
vt -1.081490 -14.968900
vt -1.127540 -14.266200
vt -0.971935 -16.640301
vt -1.028950 -15.770500
vt -1.580800 -15.051300
vt -1.372880 -15.827300
vt -1.147270 -16.669300
vt -1.313590 -16.731800
vt -1.699130 -15.950100
vt -1.995150 -16.134100
vt -1.464500 -16.825701
vt -1.594210 -16.947201
vt -1.697720 -17.091600
vt -2.596480 -16.973301
vt -1.771060 -17.253500
vt -1.811410 -17.426600
vt -1.817230 -17.604200
vt -2.203420 -19.780600
vt -2.555490 -20.390400
vt -3.079060 -20.015200
vt -2.844430 -20.890800
vt -3.460080 -20.449699
vt -2.614780 -19.485800
vt -3.519360 -19.545099
vt -3.977820 -19.896900
vt -2.085100 -18.881800
vt -1.801750 -19.084900
vt -1.365910 -18.330000
vt -2.960730 -19.116400
vt -1.510360 -18.226400
vt -2.323390 -18.627399
vt -3.859500 -18.998100
vt -3.227970 -18.686701
vt -1.631840 -18.096701
vt -2.507470 -18.331400
vt -3.406240 -18.212999
vt -1.725680 -17.945801
vt -2.630260 -18.005100
vt -1.788280 -17.779499
vt -4.086380 -18.395300
vt 26.614799 -30.514200
vt 26.555500 -29.609600
vt 27.079100 -29.984800
vt 26.844400 -29.109200
vt 26.203400 -30.219400
vt 27.460100 -29.550301
vt 27.519400 -30.454901
vt 26.960699 -30.883600
vt 27.977800 -30.103100
vt 25.365499 -31.670000
vt 24.912201 -32.455002
vt -0.913706 -17.544399
vt -0.460445 -16.759300
vt 25.801300 -30.915100
vt -0.024603 -16.004400
vt 26.202999 -30.219299
vt 0.377071 -15.308700
vt 26.555099 -29.609501
vt 0.729141 -14.698900
vt 23.621500 -34.690701
vt 23.269400 -35.300499
vt -2.556550 -20.389900
vt -2.204480 -19.780100
vt 24.023100 -33.994999
vt -1.802810 -19.084400
vt 24.459000 -33.240101
vt -1.366970 -18.329500
vt 27.264601 -22.418400
vt 27.817400 -22.418400
vt 28.140301 -23.221800
vt 26.365900 -21.714300
vt 26.912901 -21.714300
vt 27.525999 -23.221800
vt 28.339100 -24.093500
vt 26.621500 -22.418400
vt 25.763000 -21.714300
vt 25.912600 -22.418400
vt 26.811399 -23.221800
vt 27.687000 -24.093500
vt 28.406200 -25.000000
vt 26.928301 -24.093500
vt 27.741400 -25.000000
vt 28.339100 -25.906500
vt 27.687000 -25.906500
vt 27.525999 -26.778200
vt 28.140301 -26.778200
vt 26.928301 -25.906500
vt 27.817400 -27.581600
vt 27.264601 -27.581600
vt 26.912901 -28.285700
vt 26.365900 -28.285700
vt 26.621500 -27.581600
vt 26.811399 -26.778200
vt 25.912600 -27.581600
vt 25.763000 -28.285700
vt 26.023701 -26.778200
vt 25.127501 -28.285700
vt 23.856501 -28.285700
vt 23.269800 -28.285700
vt 22.980900 -27.581600
vt 23.670700 -27.581600
vt 24.483801 -28.285700
vt 22.766199 -26.778200
vt 24.408300 -27.581600
vt 23.532700 -26.778200
vt 22.634001 -25.906500
vt 23.447701 -25.906500
vt 25.165300 -27.581600
vt 24.352301 -26.778200
vt 22.589300 -25.000000
vt 25.193399 -26.778200
vt 24.317801 -25.906500
vt 25.210699 -25.906500
vt 23.419001 -25.000000
vt 24.306101 -25.000000
vt 26.092199 -25.906500
vt 25.216600 -25.000000
vt 23.447701 -24.093500
vt 26.115299 -25.000000
vt 22.634001 -24.093500
vt 26.967800 -25.000000
vt 26.092199 -24.093500
vt 26.023701 -23.221800
vt 25.210699 -24.093500
vt 24.317801 -24.093500
vt 25.193399 -23.221800
vt 24.352301 -23.221800
vt 25.165300 -22.418400
vt 25.127501 -21.714300
vt 24.408300 -22.418400
vt 23.532700 -23.221800
vt 22.766199 -23.221800
vt 23.670700 -22.418400
vt 22.980900 -22.418400
vt 24.483801 -21.714300
vt 23.856501 -21.714300
vt 23.269800 -21.714300
vt -3.460080 -27.581600
vt -3.743200 -26.778200
vt -3.059130 -26.778200
vt -2.844430 -27.581600
vt -3.460080 -22.418400
vt -2.844430 -22.418400
vt -3.059130 -23.221800
vt -3.743200 -23.221800
vt -3.191340 -24.093500
vt -3.917550 -24.093500
vt -3.235980 -25.000000
vt -3.976410 -25.000000
vt -3.917550 -25.906500
vt -3.191340 -25.906500
vt -2.555080 -21.714300
vt 23.270901 -21.714300
vt 22.981899 -22.418400
vt -2.844010 -22.418400
vt 22.767200 -23.221800
vt -3.058710 -23.221800
vt 22.635000 -24.093500
vt -3.190920 -24.093500
vt 22.590401 -25.000000
vt -3.235570 -25.000000
vt 22.635000 -25.906500
vt -3.190920 -25.906500
vt 22.767200 -26.778200
vt -3.058710 -26.778200
vt 22.981899 -27.581600
vt -2.844010 -27.581600
vt 23.270901 -28.285700
vt -2.555080 -28.285700
vt 7.373590 -25.000000
vt 2.309290 -21.136400
vt 3.005010 -29.292999
vt 2.309290 -28.863600
vt 3.005010 -20.707001
vt 3.759910 -20.442600
vt 3.759910 -29.557400
vt 1.199030 -27.581600
vt 1.699480 -28.285700
vt 1.199030 -22.418400
vt 1.699480 -21.714300
vt 0.520842 -25.000000
vt 0.827160 -23.221800
vt 0.598164 -24.093500
vt 0.598164 -25.906500
vt 0.827160 -26.778200
vt 5.330050 -29.557400
vt 4.544980 -29.646700
vt 5.330050 -20.442600
vt 4.544980 -20.353300
vt 6.084950 -29.292999
vt 6.084950 -20.707001
vt 6.780670 -21.136400
vt 6.780670 -28.863600
vt 7.890930 -27.581600
vt 7.390470 -28.285700
vt 7.390470 -21.714300
vt 7.890930 -22.418400
vt 8.262800 -23.221800
vt 8.491790 -24.093500
vt 8.491790 -25.906500
vt 8.262800 -26.778200
vt 8.569120 -25.000000
vt 7.449670 -27.581600
vt 6.545090 -28.285700
vt 5.544850 -27.581600
vt 6.545090 -21.714300
vt 26.323400 -18.627399
vt 25.510401 -18.226400
vt 25.631800 -18.096701
vt 24.912600 -17.544901
vt 27.228001 -18.686701
vt 26.507500 -18.331400
vt 28.086399 -18.395300
vt 27.859501 -18.998100
vt 27.406200 -18.212999
vt 25.725700 -17.945801
vt 26.630301 -18.005100
vt 25.788300 -17.779499
vt 25.817200 -17.604200
vt 26.687000 -17.661200
vt 27.488701 -17.713699
vt 28.191299 -17.759800
vt 28.170200 -17.115999
vt 27.472099 -17.207899
vt 26.675600 -17.312799
vt 25.811399 -17.426600
vt 27.357201 -16.715099
vt 28.024000 -16.488701
vt 26.596500 -16.973301
vt 25.771099 -17.253500
vt 25.697701 -17.091600
vt 26.452600 -16.655800
vt 25.594200 -16.947201
vt 26.249599 -16.372400
vt 27.148300 -16.254101
vt 27.758101 -15.902000
vt 27.382999 -15.378500
vt 28.258600 -15.613100
vt 26.853600 -15.842700
vt -4.258590 -34.386902
vt -3.758140 -34.098000
vt -3.382960 -34.621498
vt -3.817430 -35.002499
vt -3.148340 -33.745899
vt -4.023970 -33.511299
vt -3.357200 -33.284901
vt -3.472110 -32.792099
vt -2.853560 -34.157299
vt -2.912850 -35.061798
vt -2.675640 -32.687199
vt -2.687050 -32.338799
vt -2.452620 -33.344200
vt -2.596480 -33.026699
vt -1.811410 -32.573399
vt -1.817230 -32.395802
vt -0.912647 -32.455101
vt -1.771060 -32.746498
vt -1.697720 -32.908401
vt -2.249570 -33.627602
vt -1.594200 -33.052799
vt -1.464500 -33.174301
vt -1.995150 -33.865898
vt -2.484200 -34.503201
vt -1.313590 -33.268200
vt -1.699130 -34.049900
vt -2.365870 -35.402000
vt -2.054440 -34.770401
vt -1.372880 -34.172699
vt -1.580800 -34.948700
vt -1.147270 -33.330700
vt -1.028950 -34.229500
vt -0.971935 -33.359699
vt -0.794323 -33.353901
vt -1.081490 -35.031101
vt -0.680546 -34.218102
vt -1.127540 -35.733799
vt -0.575687 -35.014599
vt -0.341061 -34.139000
vt -0.621254 -33.313499
vt -0.023544 -33.995098
vt -0.459385 -33.240200
vt -0.082832 -34.899700
vt 0.378128 -34.690800
vt 0.730202 -35.300598
vt 0.143505 -35.566399
vt -0.483776 -35.712700
vt -1.763050 -35.628899
vt -3.264640 -35.520302
vt 27.817400 -14.997500
vt 26.912901 -14.938200
vt 27.264601 -14.479700
vt 26.484200 -15.496800
vt 26.365900 -14.598000
vt 26.054399 -15.229600
vt 25.763000 -14.371100
vt 25.995100 -16.134100
vt 25.464500 -16.825701
vt 25.699100 -15.950100
vt 25.313601 -16.731800
vt 25.372900 -15.827300
vt 25.147301 -16.669201
vt 24.971901 -16.640301
vt 25.580799 -15.051300
vt 25.028900 -15.770500
vt 25.127501 -14.266200
vt 25.081499 -14.968900
vt 24.680500 -15.781900
vt 24.794300 -16.646099
vt 24.575701 -14.985400
vt 24.483801 -14.287300
vt 24.341101 -15.861000
vt 24.621300 -16.686501
vt 24.023500 -16.004900
vt 24.459400 -16.759800
vt 24.082800 -15.100300
vt 23.621901 -15.309200
vt 23.269800 -14.699400
vt 23.856501 -14.433600
vt -3.079060 -29.984800
vt -3.460080 -29.550301
vt -2.844430 -29.109200
vt -2.555500 -29.609600
vt -3.519360 -30.454901
vt -3.977820 -30.103100
vt -2.614780 -30.514200
vt -2.203420 -30.219400
vt -2.085100 -31.118200
vt -1.801750 -30.915100
vt -2.960730 -30.883600
vt -3.227970 -31.313299
vt -3.859500 -31.001900
vt -1.510360 -31.773600
vt -1.365910 -31.670000
vt -2.323390 -31.372601
vt -1.631840 -31.903299
vt -2.507470 -31.668600
vt -2.630260 -31.994900
vt -1.725680 -32.054199
vt -1.788280 -32.220501
vt -3.406230 -31.787001
vt -4.086380 -31.604700
vt -4.191310 -32.240200
vt -3.488670 -32.286301
vt -4.170230 -32.883999
vt 27.079100 -20.015200
vt 27.460100 -20.449699
vt 26.844400 -20.890800
vt 26.555500 -20.390400
vt 26.203400 -19.780600
vt 27.519400 -19.545099
vt 27.977800 -19.896900
vt 26.614799 -19.485800
vt 26.085100 -18.881800
vt 25.801800 -19.084900
vt 25.365900 -18.330000
vt 26.960699 -19.116400
vt -2.555080 -29.609501
vt 23.270901 -14.698900
vt 23.622900 -15.308700
vt -2.203000 -30.219299
vt 24.024599 -16.004400
vt -1.801330 -30.915001
vt 24.460400 -16.759300
vt -1.365490 -31.670000
vt 24.913700 -17.544399
vt -0.912228 -32.455002
vt 25.367001 -18.329500
vt -0.458965 -33.240101
vt 25.802799 -19.084400
vt -0.023125 -33.994999
vt 26.204500 -19.780100
vt 0.378551 -34.690701
vt 26.556601 -20.389900
vt 0.730621 -35.300499
vt 26.912800 -21.714300
vt 25.216499 -25.000000
vt 22.633900 -25.906500
vt 26.912800 -28.285700
vt 22.633900 -24.093500
vt -3.917540 -24.093500
vt -3.917540 -25.906500
vt 22.980400 -27.581600
vt 23.269400 -28.285700
vt -2.556550 -28.285700
vt -2.845490 -27.581600
vt 22.765699 -26.778200
vt -3.060190 -26.778200
vt 22.633499 -25.906500
vt -3.192400 -25.906500
vt 22.588900 -25.000000
vt -3.237040 -25.000000
vt 22.633499 -24.093500
vt -3.192400 -24.093500
vt 22.765699 -23.221800
vt -3.060190 -23.221800
vt 22.980400 -22.418400
vt -2.845490 -22.418400
vt 23.269400 -21.714300
vt -2.556550 -21.714300
vt 64.845497 -27.000000
vt 63.958401 -27.000000
vt 63.946701 -26.093500
vt 63.053799 -26.093500
vt 62.172298 -26.093500
vt 62.240799 -25.221800
vt 61.453098 -25.221800
vt 61.336201 -26.093500
vt 63.048000 -27.000000
vt 62.149200 -27.000000
vt 61.296700 -27.000000
vt 61.336201 -27.906500
vt 62.172298 -27.906500
vt 61.453098 -28.778200
vt 63.053799 -27.906500
vt 62.240799 -28.778200
vt 61.643101 -29.581600
vt 63.946701 -27.906500
vt 63.071098 -28.778200
vt 62.351898 -29.581600
vt 61.898701 -30.285700
vt 62.501499 -30.285700
vt 63.099201 -29.581600
vt 63.137001 -30.285700
vt 63.912201 -28.778200
vt 64.816803 -27.906500
vt 65.675201 -27.000000
vt 63.856201 -29.581600
vt 63.780701 -30.285700
vt 64.731796 -28.778200
vt 65.630600 -27.906500
vt 64.593803 -29.581600
vt 64.407997 -30.285700
vt 65.498398 -28.778200
vt 66.356796 -27.906500
vt 65.283699 -29.581600
vt 64.994698 -30.285700
vt 65.899300 -29.581600
vt 66.415604 -27.000000
vt 66.182404 -28.778200
vt 64.407997 -23.714300
vt 64.994698 -23.714300
vt 65.283699 -24.418400
vt 65.498398 -25.221800
vt 65.899300 -24.418400
vt 66.182404 -25.221800
vt 64.593803 -24.418400
vt 63.780701 -23.714300
vt 65.630600 -26.093500
vt 66.356796 -26.093500
vt 64.731796 -25.221800
vt 63.856201 -24.418400
vt 63.137001 -23.714300
vt 64.816803 -26.093500
vt 63.912201 -25.221800
vt 63.099201 -24.418400
vt 62.501499 -23.714300
vt 62.351898 -24.418400
vt 63.071098 -25.221800
vt 62.567799 -22.442600
vt 59.406101 -27.906500
vt 59.406101 -26.093500
vt 59.328800 -27.000000
vt 60.507401 -23.714300
vt 59.635101 -25.221800
vt 60.007000 -24.418400
vt 61.812901 -22.707001
vt 61.117199 -23.136400
vt 64.138000 -22.442600
vt 63.352901 -22.353300
vt 62.567799 -31.557400
vt 60.507401 -30.285700
vt 59.635101 -28.778200
vt 60.007000 -29.581600
vt 61.812901 -31.292999
vt 61.117199 -30.863600
vt 64.138000 -31.557400
vt 63.352901 -31.646700
vt 67.299698 -27.906500
vt 67.299698 -26.093500
vt 67.376999 -27.000000
vt 66.198402 -30.285700
vt 67.070702 -28.778200
vt 66.698898 -29.581600
vt 64.892899 -31.292999
vt 65.588600 -30.863600
vt 66.198402 -23.714300
vt 64.892899 -22.707001
vt 65.588600 -23.136400
vt 67.070702 -25.221800
vt 66.698898 -24.418400
vt 61.351700 -30.285700
vt 61.643101 -24.418400
vt 61.351700 -23.714300
vt 61.898701 -23.714300
vt 60.999901 -24.418400
vt 60.447102 -24.418400
vt 60.738499 -25.221800
vt 60.124298 -25.221800
vt 60.577499 -26.093500
vt 59.925400 -26.093500
vt 60.523201 -27.000000
vt 59.858299 -27.000000
vt 59.925400 -27.906500
vt 60.577499 -27.906500
vt 60.124298 -28.778200
vt 60.738499 -28.778200
vt 60.447102 -29.581600
vt 60.999901 -29.581600
vt 30.337799 -40.958599
vt 29.986000 -41.417000
vt 29.433201 -40.899300
vt 29.867701 -40.518299
vt 28.992001 -40.283699
vt 29.492500 -39.994701
vt 73.662201 -13.041400
vt 74.014000 -12.583000
vt 74.566803 -13.100700
vt 74.132301 -13.481700
vt 75.008003 -13.716300
vt 74.507500 -14.005300
vt 70.371201 -13.412400
vt 70.019203 -12.802600
vt 70.605904 -12.536800
vt 70.832199 -13.203600
vt 70.772903 -14.108200
vt 71.090401 -13.964300
vt 71.208801 -14.863100
vt 71.370598 -14.789700
vt 71.662003 -15.648100
vt 71.233200 -12.390500
vt 71.325104 -13.088700
vt 71.876900 -12.369500
vt 71.429901 -13.885100
vt 71.830902 -13.072100
vt 71.543701 -14.749400
vt 71.778297 -13.873700
vt 72.512398 -12.474400
vt 71.721298 -14.743500
vt 72.330200 -13.154500
vt 72.122299 -13.930500
vt 71.896698 -14.772500
vt 72.803802 -13.332800
vt 73.115196 -12.701300
vt 72.448502 -14.053300
vt 72.063004 -14.835100
vt 73.233597 -13.600000
vt 72.744499 -14.237400
vt 72.213898 -14.928900
vt 73.602898 -13.946000
vt 72.998901 -14.475700
vt 72.343597 -15.050400
vt 73.897697 -14.357300
vt 73.202003 -14.759000
vt 72.447098 -15.194900
vt 72.520401 -15.356700
vt 73.345901 -15.076500
vt 74.106598 -14.818300
vt 72.560799 -15.529800
vt 73.425003 -15.416000
vt 74.773300 -14.592000
vt 72.566597 -15.707400
vt 74.221497 -15.311200
vt 73.436401 -15.764400
vt 72.537697 -15.882800
vt 74.238098 -15.817000
vt 74.919601 -15.219300
vt 73.379601 -16.108400
vt 72.475098 -16.049101
vt 74.155602 -16.316299
vt 74.940697 -15.863000
vt 73.256897 -16.434601
vt 72.381203 -16.200001
vt 73.977303 -16.789900
vt 74.835800 -16.498501
vt 73.072800 -16.730600
vt 72.259697 -16.329700
vt 73.710098 -17.219700
vt 74.608902 -17.101400
vt 72.834503 -16.985100
vt 72.115303 -16.433201
vt 72.551102 -17.188101
vt 73.364197 -17.589001
vt 72.952797 -17.883801
vt 73.828400 -18.118401
vt 73.304901 -18.493601
vt 74.268700 -17.648300
vt 73.593803 -18.994101
vt 74.209396 -18.552900
vt 74.727203 -18.000099
vt 33.394100 -41.463200
vt 33.167801 -40.796398
vt 33.628799 -40.587601
vt 33.980801 -41.197399
vt 33.227100 -39.891800
vt 32.909599 -40.035702
vt 32.791199 -39.136902
vt 32.766800 -41.609501
vt 32.629398 -39.210300
vt 32.338001 -38.351898
vt 32.674900 -40.911301
vt 32.570099 -40.114899
vt 32.456299 -39.250599
vt 32.169102 -40.927898
vt 32.123100 -41.630501
vt 32.221699 -40.126301
vt 32.278702 -39.256500
vt 31.669800 -40.845501
vt 31.487600 -41.525600
vt 31.877701 -40.069500
vt 32.103401 -39.227501
vt 31.196199 -40.667198
vt 30.884800 -41.298698
vt 31.551500 -39.946701
vt 31.937000 -39.164902
vt 30.766399 -40.400002
vt 31.255501 -39.762600
vt 31.786100 -39.071098
vt 30.397100 -40.054001
vt 31.001101 -39.524300
vt 31.656401 -38.949600
vt 30.102301 -39.642700
vt 30.798000 -39.241001
vt 31.552900 -38.805099
vt 31.479601 -38.643299
vt 30.654100 -38.923500
vt 29.893400 -39.181702
vt 31.439199 -38.470200
vt 30.575001 -38.584000
vt 29.226700 -39.408001
vt 31.433399 -38.292599
vt 29.778500 -38.688801
vt 30.563601 -38.235600
vt 31.462299 -38.117199
vt 29.761999 -38.182999
vt 29.080400 -38.780701
vt 30.620399 -37.891602
vt 31.524900 -37.950901
vt 29.844400 -37.683701
vt 29.059299 -38.137001
vt 30.743200 -37.565399
vt 31.618799 -37.799999
vt 30.022699 -37.210098
vt 29.164200 -37.501499
vt 30.927200 -37.269402
vt 31.740299 -37.670300
vt 30.289900 -36.780300
vt 29.391100 -36.898701
vt 31.165501 -37.014900
vt 31.884701 -37.566799
vt 31.448900 -36.811901
vt 30.635799 -36.410999
vt 31.047199 -36.116199
vt 30.171600 -35.881599
vt 30.695101 -35.506401
vt 29.731300 -36.351700
vt 30.406200 -35.005901
vt 29.790600 -35.447102
vt 29.272800 -35.999901
vt 32.789200 -39.138000
vt 32.335899 -38.352901
vt 71.663902 -15.646900
vt 72.117203 -16.431900
vt 33.224998 -39.892899
vt 72.553001 -17.186899
vt 33.626701 -40.588600
vt 72.954697 -17.882601
vt 33.978802 -41.198399
vt 73.306801 -18.492399
vt 31.045200 -36.117199
vt 30.693100 -35.507401
vt 70.021103 -12.801400
vt 70.373199 -13.411200
vt 31.446800 -36.812901
vt 70.774803 -14.106900
vt 31.882700 -37.567799
vt 71.210701 -14.861800
vt 29.433201 -29.581600
vt 29.110399 -28.778200
vt 29.986000 -29.581600
vt 30.884800 -30.285700
vt 30.337799 -30.285700
vt 30.629200 -29.581600
vt 29.724600 -28.778200
vt 30.439199 -28.778200
vt 29.563601 -27.906500
vt 28.911600 -27.906500
vt 28.844400 -27.000000
vt 31.135300 -27.000000
vt 31.158400 -26.093500
vt 32.039902 -26.093500
vt 30.282801 -27.000000
vt 32.057201 -25.221800
vt 31.226900 -25.221800
vt 32.085300 -24.418400
vt 30.322300 -26.093500
vt 30.322300 -27.906500
vt 29.509300 -27.000000
vt 31.337999 -24.418400
vt 32.123100 -23.714300
vt 31.487600 -23.714300
vt 30.439199 -25.221800
vt 30.629200 -24.418400
vt 30.884800 -23.714300
vt 29.563601 -26.093500
vt 29.724600 -25.221800
vt 29.986000 -24.418400
vt 30.337799 -23.714300
vt 28.911600 -26.093500
vt 29.110399 -25.221800
vt 29.433201 -24.418400
vt 34.269798 -24.418400
vt 33.394100 -23.714300
vt 33.980801 -23.714300
vt 33.579899 -24.418400
vt 34.484501 -25.221800
vt 33.717899 -25.221800
vt 34.616699 -26.093500
vt 33.802898 -26.093500
vt 34.661301 -27.000000
vt 33.831600 -27.000000
vt 33.802898 -27.906500
vt 34.616699 -27.906500
vt 32.944500 -27.000000
vt 32.932800 -26.093500
vt 33.717899 -28.778200
vt 34.484501 -28.778200
vt 32.932800 -27.906500
vt 32.034100 -27.000000
vt 32.898300 -25.221800
vt 32.842300 -24.418400
vt 32.766800 -23.714300
vt 34.269798 -29.581600
vt 33.980801 -30.285700
vt 33.394100 -30.285700
vt 33.579899 -29.581600
vt 32.842300 -29.581600
vt 32.766800 -30.285700
vt 32.898300 -28.778200
vt 32.085300 -29.581600
vt 32.123100 -30.285700
vt 32.057201 -28.778200
vt 32.039902 -27.906500
vt 31.337999 -29.581600
vt 31.487600 -30.285700
vt 31.226900 -28.778200
vt 31.158400 -27.906500
vt 73.808502 -25.221800
vt 73.593803 -24.418400
vt 74.209396 -24.418400
vt 74.492599 -25.221800
vt 73.940697 -26.093500
vt 74.666901 -26.093500
vt 73.985397 -27.000000
vt 74.725800 -27.000000
vt 74.666901 -27.906500
vt 73.940697 -27.906500
vt 74.492599 -28.778200
vt 73.808502 -28.778200
vt 74.209396 -29.581600
vt 73.593803 -29.581600
vt 73.595802 -29.581600
vt 73.306900 -30.285700
vt 33.978901 -30.285700
vt 34.267799 -29.581600
vt 73.810501 -28.778200
vt 34.482498 -28.778200
vt 73.942802 -27.906500
vt 34.614799 -27.906500
vt 73.987396 -27.000000
vt 34.659401 -27.000000
vt 73.942802 -26.093500
vt 34.614799 -26.093500
vt 73.810501 -25.221800
vt 34.482498 -25.221800
vt 73.595802 -24.418400
vt 34.267799 -24.418400
vt 73.306900 -23.714300
vt 33.978901 -23.714300
vt 59.406300 -27.906500
vt 62.568100 -31.557400
vt 60.507599 -30.285700
vt 59.635300 -28.778200
vt 60.007198 -29.581600
vt 61.813099 -31.292999
vt 61.117401 -30.863600
vt 59.328999 -27.000000
vt 59.406300 -26.093500
vt 62.568100 -22.442600
vt 60.507599 -23.714300
vt 59.635300 -25.221800
vt 60.007198 -24.418400
vt 61.813099 -22.707001
vt 61.117401 -23.136400
vt 67.299896 -26.093500
vt 63.353100 -22.353300
vt 64.138199 -22.442600
vt 64.138199 -31.557400
vt 63.353100 -31.646700
vt 67.299896 -27.906500
vt 67.377296 -27.000000
vt 66.198601 -30.285700
vt 67.070900 -28.778200
vt 66.699097 -29.581600
vt 64.893097 -31.292999
vt 65.588799 -30.863600
vt 66.198601 -23.714300
vt 64.893097 -22.707001
vt 65.588799 -23.136400
vt 67.070900 -25.221800
vt 66.699097 -24.418400
vt 61.898602 -23.714300
vt 61.898602 -30.285700
vt 29.492500 -14.005300
vt 28.992001 -13.716300
vt 29.867701 -13.481700
vt 29.433201 -13.100700
vt 30.337799 -13.041400
vt 29.986000 -12.583000
vt 74.132301 -40.518299
vt 74.507500 -39.994701
vt 75.008003 -40.283699
vt 74.566803 -40.899300
vt 30.406200 -18.994101
vt 29.790600 -18.552900
vt 30.171600 -18.118401
vt 30.695101 -18.493601
vt 29.272800 -18.000099
vt 31.047199 -17.883801
vt 30.635799 -17.589001
vt 31.448900 -17.188101
vt 29.731300 -17.648300
vt 31.165501 -16.985100
vt 31.884701 -16.433201
vt 30.289900 -17.219700
vt 31.740299 -16.329700
vt 32.338001 -15.648100
vt 30.927200 -16.730600
vt 29.391100 -17.101400
vt 30.022699 -16.789900
vt 31.618799 -16.200001
vt 30.743200 -16.434601
vt 31.524900 -16.049101
vt 29.844400 -16.316299
vt 29.164200 -16.498501
vt 30.620399 -16.108400
vt 29.059299 -15.863000
vt 31.462299 -15.882800
vt 29.761999 -15.817000
vt 30.563601 -15.764400
vt 31.433399 -15.707400
vt 29.778500 -15.311200
vt 29.080400 -15.219300
vt 30.575001 -15.416000
vt 29.226700 -14.592000
vt 31.439199 -15.529800
vt 29.893400 -14.818300
vt 30.654100 -15.076500
vt 31.479601 -15.356700
vt 30.102301 -14.357400
vt 30.798000 -14.759000
vt 31.552900 -15.194900
vt 31.656401 -15.050400
vt 31.001101 -14.475700
vt 30.397100 -13.946000
vt 31.786100 -14.928900
vt 31.255501 -14.237400
vt 31.937000 -14.835100
vt 30.766399 -13.600000
vt 31.551500 -14.053300
vt 32.103401 -14.772500
vt 31.196199 -13.332800
vt 31.877701 -13.930500
vt 30.884800 -12.701300
vt 32.278702 -14.743500
vt 31.669800 -13.154500
vt 32.221699 -13.873700
vt 32.456299 -14.749400
vt 32.169102 -13.072100
vt 31.487600 -12.474400
vt 32.570099 -13.885100
vt 32.123100 -12.369500
vt 32.629398 -14.789700
vt 32.674900 -13.088700
vt 32.909599 -13.964300
vt 32.791199 -14.863100
vt 33.227100 -14.108200
vt 33.167801 -13.203600
vt 33.628799 -13.412400
vt 32.766800 -12.390500
vt 33.394100 -12.536800
vt 33.980801 -12.802600
vt 73.364197 -36.410999
vt 72.834503 -37.014900
vt 72.551102 -36.811901
vt 72.115303 -37.566799
vt 74.268700 -36.351700
vt 73.710098 -36.780300
vt 72.259697 -37.670300
vt 71.662003 -38.351898
vt 73.072800 -37.269402
vt 74.608902 -36.898701
vt 73.977303 -37.210098
vt 72.381203 -37.799999
vt 73.256897 -37.565399
vt 72.475098 -37.950901
vt 74.155602 -37.683701
vt 74.835800 -37.501499
vt 73.379601 -37.891602
vt 74.940697 -38.137001
vt 72.537697 -38.117199
vt 74.238098 -38.182999
vt 73.436401 -38.235600
vt 72.566597 -38.292599
vt 74.221497 -38.688801
vt 74.919601 -38.780701
vt 73.425003 -38.584000
vt 74.773300 -39.408001
vt 72.560799 -38.470200
vt 74.106598 -39.181702
vt 73.345901 -38.923500
vt 72.520401 -38.643299
vt 73.897697 -39.642700
vt 73.202003 -39.241001
vt 72.447098 -38.805099
vt 72.343597 -38.949600
vt 72.998901 -39.524300
vt 73.602898 -40.054001
vt 72.213898 -39.071098
vt 72.744499 -39.762600
vt 72.063004 -39.164902
vt 73.233597 -40.400002
vt 72.448502 -39.946701
vt 71.896698 -39.227501
vt 72.803802 -40.667198
vt 72.122299 -40.069500
vt 71.721298 -39.256500
vt 72.330200 -40.845501
vt 73.662201 -40.958599
vt 71.778297 -40.126301
vt 71.543701 -39.250599
vt 73.115196 -41.298698
vt 71.830902 -40.927898
vt 74.014000 -41.417000
vt 72.512398 -41.525600
vt 71.429901 -40.114899
vt 71.876900 -41.630501
vt 71.370598 -39.210300
vt 71.325104 -40.911301
vt 71.090401 -40.035702
vt 71.208801 -39.136902
vt 70.772903 -39.891800
vt 70.832199 -40.796398
vt 70.371201 -40.587601
vt 70.605904 -41.463200
vt 70.019203 -41.197399
vt 71.233200 -41.609501
vt 73.828400 -35.881599
vt 73.593803 -35.005901
vt 74.209396 -35.447102
vt 73.304901 -35.506401
vt 74.727203 -35.999901
vt 72.952797 -36.116199
vt 70.373299 -40.588600
vt 70.021202 -41.198399
vt 30.693199 -18.492399
vt 31.045300 -17.882601
vt 70.775002 -39.892899
vt 31.447001 -17.186899
vt 71.210800 -39.138000
vt 31.882799 -16.431900
vt 71.664101 -38.352901
vt 32.336102 -15.646900
vt 72.117302 -37.567799
vt 32.789299 -14.861800
vt 72.553200 -36.812901
vt 33.225201 -14.106900
vt 72.954803 -36.117199
vt 33.626801 -13.411200
vt 73.306900 -35.507401
vt 33.978901 -12.801400
vt 34.267700 -24.418400
vt 33.978802 -23.714300
vt 73.306801 -23.714300
vt 73.595703 -24.418400
vt 34.482399 -25.221800
vt 73.810402 -25.221800
vt 34.614601 -26.093500
vt 73.942596 -26.093500
vt 34.659302 -27.000000
vt 73.987297 -27.000000
vt 34.614601 -27.906500
vt 73.942596 -27.906500
vt 34.482399 -28.778200
vt 73.810402 -28.778200
vt 34.267700 -29.581600
vt 73.595703 -29.581600
vt 33.978802 -30.285700
vt 73.306801 -30.285700
vt -13.675200 -53.000000
vt -13.630600 -52.093498
vt -12.816800 -52.093498
vt -12.845500 -53.000000
vt -14.356800 -52.093498
vt -14.182400 -51.221802
vt -14.415600 -53.000000
vt -14.356800 -53.906502
vt -14.182400 -54.778198
vt -13.630600 -53.906502
vt -13.899300 -55.581600
vt -13.498400 -54.778198
vt -13.283700 -55.581600
vt -12.994700 -56.285702
vt -12.408000 -56.285702
vt -12.593800 -55.581600
vt -11.780700 -56.285702
vt -12.731800 -54.778198
vt -11.856200 -55.581600
vt -11.137000 -56.285702
vt -11.099200 -55.581600
vt -11.912200 -54.778198
vt -11.071100 -54.778198
vt -11.946700 -53.906502
vt -12.816800 -53.906502
vt -10.149200 -53.000000
vt -10.172300 -52.093498
vt -9.336190 -52.093498
vt -11.048000 -53.000000
vt -9.453140 -51.221802
vt -10.240800 -51.221802
vt -9.643060 -50.418400
vt -11.053800 -52.093498
vt -11.053800 -53.906502
vt -11.958400 -53.000000
vt -10.351900 -50.418400
vt -9.898650 -49.714298
vt -10.501500 -49.714298
vt -11.071100 -51.221802
vt -11.099200 -50.418400
vt -11.137000 -49.714298
vt -11.946700 -52.093498
vt -11.912200 -51.221802
vt -11.856200 -50.418400
vt -11.780700 -49.714298
vt -12.731800 -51.221802
vt -12.593800 -50.418400
vt -12.408000 -49.714298
vt -13.283700 -50.418400
vt -12.994700 -49.714298
vt -13.498400 -51.221802
vt -13.899300 -50.418400
vt -15.299700 -53.906502
vt -12.138000 -57.557400
vt -14.198400 -56.285702
vt -15.070700 -54.778198
vt -14.698900 -55.581600
vt -12.892900 -57.292999
vt -13.588600 -56.863602
vt -15.377000 -53.000000
vt -15.299700 -52.093498
vt -12.138000 -48.442600
vt -14.198400 -49.714298
vt -15.070700 -51.221802
vt -14.698900 -50.418400
vt -12.892900 -48.707001
vt -13.588600 -49.136398
vt -7.406090 -52.093498
vt -11.352900 -48.353298
vt -10.567800 -48.442600
vt -10.567800 -57.557400
vt -11.352900 -57.646702
vt -7.406090 -53.906502
vt -7.328770 -53.000000
vt -8.507410 -56.285702
vt -7.635090 -54.778198
vt -8.006960 -55.581600
vt -9.812930 -57.292999
vt -9.117210 -56.863602
vt -8.507410 -49.714298
vt -9.812930 -48.707001
vt -9.117210 -49.136398
vt -7.635090 -51.221802
vt -8.006960 -50.418400
vt -7.925450 -52.093498
vt -7.858320 -53.000000
vt -8.523160 -53.000000
vt -7.925450 -53.906502
vt -8.124250 -51.221802
vt -8.577510 -52.093498
vt -8.577510 -53.906502
vt -8.124250 -54.778198
vt -9.296700 -53.000000
vt -8.738480 -51.221802
vt -8.447090 -50.418400
vt -8.999880 -50.418400
vt -9.351670 -49.714298
vt -8.447090 -55.581600
vt -8.738480 -54.778198
vt -8.999880 -55.581600
vt -9.351670 -56.285702
vt -9.643060 -55.581600
vt -9.898650 -56.285702
vt -9.453140 -54.778198
vt -9.336190 -53.906502
vt -10.351900 -55.581600
vt -10.501500 -56.285702
vt -10.240800 -54.778198
vt -10.172300 -53.906502
vt -22.014000 -38.583000
vt -21.662201 -39.041401
vt -22.566799 -39.100700
vt 22.132299 -66.518303
vt 22.507500 -65.994698
vt 23.007999 -66.283699
vt 22.566799 -66.899300
vt 21.662201 -66.958603
vt 22.014000 -67.417099
vt -23.007999 -39.716301
vt -22.132299 -39.481701
vt -22.507500 -40.005299
vt -20.952801 -43.883801
vt -21.304899 -44.493599
vt -21.828400 -44.118401
vt -21.593800 -44.994099
vt -21.364201 -43.589001
vt -20.551100 -43.188099
vt -22.209499 -44.552898
vt -20.834499 -42.985100
vt -20.115299 -42.433201
vt -20.259701 -42.329700
vt -19.662001 -41.648102
vt -22.727200 -44.000099
vt -22.268700 -43.648300
vt -21.710100 -43.219700
vt -22.608900 -43.101398
vt -21.072800 -42.730598
vt -21.977301 -42.789902
vt -20.381201 -42.200001
vt -21.256800 -42.434601
vt -22.835800 -42.498501
vt -20.475100 -42.049099
vt -22.155600 -42.316299
vt -21.379601 -42.108398
vt -20.537701 -41.882801
vt -22.238100 -41.817001
vt -22.940701 -41.862999
vt -21.436399 -41.764400
vt -20.566601 -41.707401
vt -22.221500 -41.311199
vt -22.919600 -41.219299
vt -21.424999 -41.416000
vt -20.560801 -41.529800
vt -22.106600 -40.818298
vt -22.773300 -40.591999
vt -21.345900 -41.076500
vt -20.520399 -41.356701
vt -21.897699 -40.357399
vt -21.202000 -40.758999
vt -20.447100 -41.194901
vt -20.343599 -41.050400
vt -20.998899 -40.475700
vt -21.602900 -39.945999
vt -20.213900 -40.928902
vt -20.744499 -40.237400
vt -20.063000 -40.835098
vt -21.233601 -39.599998
vt -20.448500 -40.053299
vt -19.896601 -40.772499
vt -20.803801 -39.332802
vt -20.122299 -39.930500
vt -19.721300 -40.743500
vt -20.330200 -39.154499
vt -21.115200 -38.701302
vt -19.778299 -39.873699
vt -19.543699 -40.749401
vt -19.830900 -39.072102
vt -20.512400 -38.474400
vt -19.429899 -39.885101
vt -19.370600 -40.789700
vt -19.325100 -39.088699
vt -19.876900 -38.369499
vt -19.090401 -39.964298
vt -19.208799 -40.863098
vt -18.772900 -40.108200
vt -18.832199 -39.203602
vt -18.371201 -39.412399
vt -18.605900 -38.536800
vt -18.019199 -38.802601
vt -19.233200 -38.390499
vt 21.828400 -61.881599
vt 21.593800 -61.005901
vt 22.209499 -61.447102
vt 22.727200 -61.999901
vt 22.268700 -62.351700
vt 21.364201 -62.410999
vt 20.952801 -62.116199
vt 21.304899 -61.506401
vt 20.551100 -62.811901
vt 20.834499 -63.014900
vt 20.115299 -63.566799
vt 20.259701 -63.670300
vt 19.662001 -64.351898
vt 21.710100 -62.780300
vt 21.072800 -63.269402
vt 20.381201 -63.799999
vt 21.977301 -63.210098
vt 22.608900 -62.898701
vt 21.256800 -63.565399
vt 20.475100 -63.950901
vt 22.155600 -63.683701
vt 22.835800 -63.501499
vt 21.379601 -63.891602
vt 20.537701 -64.117203
vt 22.238100 -64.182999
vt 22.940701 -64.137001
vt 21.436399 -64.235603
vt 20.566601 -64.292603
vt 22.221500 -64.688797
vt 22.919600 -64.780701
vt 21.424999 -64.584000
vt 20.560801 -64.470200
vt 22.106600 -65.181702
vt 22.773300 -65.407997
vt 21.345900 -64.923500
vt 20.520399 -64.643303
vt 21.897699 -65.642700
vt 21.202000 -65.240997
vt 20.447100 -64.805099
vt 20.343599 -64.949600
vt 20.998899 -65.524300
vt 21.602900 -66.054001
vt 20.213900 -65.071098
vt 20.744499 -65.762604
vt 20.063000 -65.164902
vt 21.233601 -66.400002
vt 20.448500 -65.946701
vt 19.896601 -65.227501
vt 20.803801 -66.667198
vt 20.122299 -66.069504
vt 19.721300 -65.256500
vt 20.330200 -66.845497
vt 21.115200 -67.298698
vt 19.778299 -66.126297
vt 19.543699 -65.250603
vt 19.830900 -66.927902
vt 20.512400 -67.525597
vt 19.429899 -66.114899
vt 19.370600 -65.210297
vt 19.325100 -66.911301
vt 19.876900 -67.630501
vt 19.090401 -66.035698
vt 19.208799 -65.136902
vt 18.772900 -65.891800
vt 18.832199 -66.796402
vt 18.371201 -66.587601
vt 18.605900 -67.463203
vt 18.019199 -67.197403
vt 19.233200 -67.609497
vt 20.117201 -63.568100
vt 19.663900 -64.353104
vt -19.664101 -41.647099
vt -19.210800 -40.862000
vt 20.552999 -62.813202
vt -18.775000 -40.107101
vt 20.954700 -62.117401
vt -18.373301 -39.411400
vt 21.306801 -61.507599
vt -18.021200 -38.801601
vt 18.373199 -66.588799
vt 18.021099 -67.198601
vt -21.306900 -44.492599
vt -20.954800 -43.882801
vt 18.774799 -65.893097
vt -20.553200 -43.187099
vt 19.210699 -65.138199
vt -20.117300 -42.432201
vt 22.889601 -51.221802
vt 22.014000 -50.418400
vt 22.566799 -50.418400
vt 21.115200 -49.714298
vt 21.662201 -49.714298
vt 22.275400 -51.221802
vt 23.088400 -52.093498
vt 21.370800 -50.418400
vt 20.512400 -49.714298
vt 20.662001 -50.418400
vt 21.560801 -51.221802
vt 20.773100 -51.221802
vt 22.436399 -52.093498
vt 23.155600 -53.000000
vt 21.677700 -52.093498
vt 22.490700 -53.000000
vt 22.436399 -53.906502
vt 23.088400 -53.906502
vt 20.841600 -52.093498
vt 19.942801 -51.221802
vt 19.960100 -52.093498
vt 21.717199 -53.000000
vt 20.864700 -53.000000
vt 19.965900 -53.000000
vt 19.960100 -53.906502
vt 20.841600 -53.906502
vt 19.942801 -54.778198
vt 21.677700 -53.906502
vt 20.773100 -54.778198
vt 19.914700 -55.581600
vt 20.662001 -55.581600
vt 21.560801 -54.778198
vt 22.275400 -54.778198
vt 21.370800 -55.581600
vt 20.512400 -56.285702
vt 21.115200 -56.285702
vt 22.014000 -55.581600
vt 21.662201 -56.285702
vt 22.889601 -54.778198
vt 22.566799 -55.581600
vt 17.730200 -50.418400
vt 18.019199 -49.714298
vt 18.605900 -49.714298
vt 18.420099 -50.418400
vt 17.515499 -51.221802
vt 19.157700 -50.418400
vt 19.233200 -49.714298
vt 19.914700 -50.418400
vt 19.876900 -49.714298
vt 18.282101 -51.221802
vt 17.383301 -52.093498
vt 19.101700 -51.221802
vt 18.197100 -52.093498
vt 17.338699 -53.000000
vt 19.067200 -52.093498
vt 18.168400 -53.000000
vt 19.055500 -53.000000
vt 18.197100 -53.906502
vt 17.383301 -53.906502
vt 19.067200 -53.906502
vt 18.282101 -54.778198
vt 17.515499 -54.778198
vt 18.420099 -55.581600
vt 17.730200 -55.581600
vt 19.101700 -54.778198
vt 18.605900 -56.285702
vt 18.019199 -56.285702
vt 19.157700 -55.581600
vt 19.233200 -56.285702
vt 19.876900 -56.285702
vt -21.808500 -54.778198
vt -21.593800 -55.581600
vt -22.209400 -55.581600
vt -22.492599 -54.778198
vt -21.940701 -53.906502
vt -22.666901 -53.906502
vt -21.985399 -53.000000
vt -22.725800 -53.000000
vt -22.666901 -52.093498
vt -21.940701 -52.093498
vt -22.492599 -51.221802
vt -21.808500 -51.221802
vt -22.209499 -50.418400
vt -21.593800 -50.418400
vt -21.595699 -50.418400
vt -21.306801 -49.714298
vt 18.021200 -49.714298
vt 17.732300 -50.418400
vt -21.810400 -51.221802
vt 17.517599 -51.221802
vt -21.942600 -52.093498
vt 17.385401 -52.093498
vt -21.987301 -53.000000
vt 17.340700 -53.000000
vt -21.942600 -53.906502
vt 17.385401 -53.906502
vt -21.810400 -54.778198
vt 17.517599 -54.778198
vt -21.595699 -55.581600
vt 17.732300 -55.581600
vt -21.306801 -56.285702
vt 18.021200 -56.285702
vt -12.138200 -48.442600
vt -15.299900 -53.906502
vt -15.299900 -52.093498
vt -15.377300 -53.000000
vt -14.198600 -49.714298
vt -15.070900 -51.221802
vt -14.699100 -50.418400
vt -12.893100 -48.707001
vt -13.588800 -49.136398
vt -10.568100 -48.442600
vt -11.353100 -48.353298
vt -12.138200 -57.557400
vt -14.198600 -56.285702
vt -15.070900 -54.778198
vt -14.699100 -55.581600
vt -12.893100 -57.292999
vt -13.588800 -56.863602
vt -10.568100 -57.557400
vt -11.353100 -57.646702
vt -7.406310 -53.906502
vt -7.406310 -52.093498
vt -7.328980 -53.000000
vt -8.507630 -56.285702
vt -7.635300 -54.778198
vt -8.007170 -55.581600
vt -9.813150 -57.292999
vt -9.117430 -56.863602
vt -8.507630 -49.714298
vt -9.813150 -48.707001
vt -9.117430 -49.136398
vt -7.635300 -51.221802
vt -8.007170 -50.418400
vt -9.296710 -53.000000
vt 21.662201 -39.041401
vt 22.014000 -38.583000
vt 22.566799 -39.100700
vt 22.132299 -39.481701
vt 23.007999 -39.716301
vt 22.507500 -40.005299
vt -21.662201 -66.958603
vt -22.014000 -67.417000
vt -22.566799 -66.899300
vt -22.132299 -66.518303
vt -23.007999 -66.283699
vt -22.507500 -65.994698
vt 18.371300 -39.412399
vt 18.019199 -38.802601
vt 18.605900 -38.536800
vt 18.832199 -39.203602
vt 18.772900 -40.108200
vt 19.233200 -38.390499
vt 19.090401 -39.964298
vt 19.208799 -40.863098
vt 19.325100 -39.088699
vt 19.370600 -40.789700
vt 19.662001 -41.648102
vt 19.429899 -39.885101
vt 19.876900 -38.369499
vt 19.830900 -39.072102
vt 19.543699 -40.749401
vt 19.778299 -39.873699
vt 19.721300 -40.743500
vt 20.330200 -39.154499
vt 20.512400 -38.474400
vt 20.122299 -39.930500
vt 21.115200 -38.701302
vt 19.896601 -40.772499
vt 20.803801 -39.332802
vt 20.448500 -40.053299
vt 20.063000 -40.835098
vt 21.233601 -39.599998
vt 20.744499 -40.237400
vt 20.213900 -40.928902
vt 21.602900 -39.945999
vt 20.998899 -40.475700
vt 20.343599 -41.050400
vt 21.897699 -40.357399
vt 21.202000 -40.758999
vt 20.447100 -41.194901
vt 20.520399 -41.356701
vt 21.345900 -41.076500
vt 22.106600 -40.818298
vt 20.560801 -41.529800
vt 21.424999 -41.416000
vt 22.773300 -40.591999
vt 20.566601 -41.707401
vt 22.221500 -41.311199
vt 21.436399 -41.764400
vt 20.537701 -41.882801
vt 22.238001 -41.817001
vt 22.919600 -41.219299
vt 21.379601 -42.108398
vt 22.940701 -41.862999
vt 20.475100 -42.049099
vt 22.155600 -42.316299
vt 21.256800 -42.434601
vt 20.381201 -42.200001
vt 21.977301 -42.789902
vt 22.835800 -42.498501
vt 21.072800 -42.730598
vt 22.608900 -43.101398
vt 20.259701 -42.329700
vt 21.710100 -43.219700
vt 20.834499 -42.985100
vt 20.115299 -42.433201
vt 20.551100 -43.188099
vt 21.364201 -43.589001
vt 20.952801 -43.883801
vt 22.268700 -43.648300
vt 21.828400 -44.118401
vt 21.304899 -44.493599
vt 21.593800 -44.994099
vt 22.209499 -44.552898
vt 22.727200 -44.000099
vt -18.832199 -66.796402
vt -19.090401 -66.035698
vt -18.772900 -65.891800
vt -19.208799 -65.136902
vt -19.233200 -67.609497
vt -19.325100 -66.911301
vt -19.370600 -65.210297
vt -19.662001 -64.351898
vt -19.429899 -66.114899
vt -19.876900 -67.630501
vt -19.830900 -66.927902
vt -19.543699 -65.250603
vt -19.778299 -66.126297
vt -19.721300 -65.256500
vt -20.330200 -66.845497
vt -20.512400 -67.525597
vt -20.122299 -66.069504
vt -21.115200 -67.298698
vt -19.896601 -65.227501
vt -20.803801 -66.667198
vt -20.448500 -65.946701
vt -20.063000 -65.164902
vt -21.233601 -66.400002
vt -20.744499 -65.762604
vt -20.213900 -65.071098
vt -21.602900 -66.054001
vt -20.998899 -65.524300
vt -20.343599 -64.949600
vt -21.897699 -65.642700
vt -21.202000 -65.240997
vt -20.447100 -64.805099
vt -20.520399 -64.643303
vt -21.345900 -64.923500
vt -22.106600 -65.181702
vt -20.560801 -64.470200
vt -21.424999 -64.584000
vt -22.773300 -65.407997
vt -20.566601 -64.292603
vt -22.221500 -64.688797
vt -21.436399 -64.235603
vt -20.537701 -64.117203
vt -22.238001 -64.182999
vt -21.379601 -63.891602
vt -20.475100 -63.950901
vt -22.155600 -63.683701
vt -22.919600 -64.780701
vt -21.256800 -63.565399
vt -20.381201 -63.799999
vt -22.940701 -64.137001
vt -21.977301 -63.210098
vt -22.835800 -63.501499
vt -21.072800 -63.269402
vt -22.608900 -62.898701
vt -20.259701 -63.670300
vt -21.710100 -62.780300
vt -20.834499 -63.014900
vt -20.115299 -63.566799
vt -20.551100 -62.811901
vt -21.364201 -62.410999
vt -20.952801 -62.116199
vt -21.828400 -61.881599
vt -21.304899 -61.506401
vt -22.268700 -62.351700
vt -21.593800 -61.005901
vt -22.209400 -61.447102
vt -22.727200 -61.999901
vt -18.371201 -66.587601
vt -18.019199 -67.197403
vt -18.605900 -67.463203
vt -20.954700 -62.117401
vt -21.306801 -61.507599
vt 18.021200 -38.801601
vt 18.373301 -39.411400
vt -20.552999 -62.813099
vt 18.775000 -40.107101
vt -20.117201 -63.568100
vt 19.210800 -40.862000
vt -19.663900 -64.353104
vt 19.664101 -41.647099
vt -19.210699 -65.138199
vt 20.117300 -42.432201
vt -18.774799 -65.893097
vt 20.553200 -43.187099
vt -18.373199 -66.588799
vt 20.954800 -43.882801
vt -18.021099 -67.198601
vt 21.306900 -44.492599
vt -22.209499 -55.581600
vt 17.732201 -55.581600
vt 18.021099 -56.285702
vt -21.306900 -56.285702
vt -21.595800 -55.581600
vt 17.517500 -54.778198
vt -21.810499 -54.778198
vt 17.385201 -53.906502
vt -21.942801 -53.906502
vt 17.340599 -53.000000
vt -21.987400 -53.000000
vt 17.385201 -52.093498
vt -21.942801 -52.093498
vt 17.517500 -51.221802
vt -21.810499 -51.221802
vt 17.732201 -50.418400
vt -21.595800 -50.418400
vt 18.021099 -49.714298
vt -21.306900 -49.714298
vt 39.088799 -3.221790
vt 39.739300 -3.221790
vt 39.926300 -4.093480
vt 39.235699 -4.093480
vt 39.989399 -5.000000
vt 39.285301 -5.000000
vt 39.235699 -5.906520
vt 39.926300 -5.906520
vt 39.088799 -6.778210
vt 39.739300 -6.778210
vt 38.850201 -7.581550
vt 39.435699 -7.581550
vt -11.989400 -5.000000
vt -11.926300 -4.093480
vt -11.235700 -4.093480
vt -11.088800 -3.221790
vt -11.739300 -3.221790
vt -10.850200 -2.418450
vt -11.435700 -2.418450
vt -8.703750 -2.418450
vt -9.344760 -1.714300
vt -8.703750 -1.714300
vt -9.457490 -2.418450
vt -8.703750 -3.221790
vt -9.541260 -3.221790
vt -8.703750 -4.093480
vt -9.592850 -4.093480
vt -8.703750 -5.000000
vt -9.610270 -5.000000
vt -9.592850 -5.906520
vt -8.703750 -5.906520
vt -10.482000 -5.000000
vt -10.447800 -4.093480
vt -9.541260 -6.778210
vt -8.703750 -6.778210
vt -10.447800 -5.906520
vt -11.285300 -5.000000
vt -10.346600 -3.221790
vt -10.182300 -2.418450
vt -9.961130 -1.714300
vt -10.529200 -1.714300
vt -8.703750 -7.581550
vt -8.703750 -8.285700
vt -9.344760 -8.285700
vt -9.457490 -7.581550
vt -10.182300 -7.581550
vt -9.961130 -8.285700
vt -10.346600 -6.778210
vt -10.850200 -7.581550
vt -10.529200 -8.285700
vt -11.088800 -6.778210
vt -11.235700 -5.906520
vt -11.739300 -6.778210
vt -11.435700 -7.581550
vt -11.926300 -5.906520
vt 38.529202 -8.285700
vt 37.961102 -8.285700
vt 36.703800 -2.418450
vt 36.703800 -1.714300
vt 37.344799 -1.714300
vt 37.457500 -2.418450
vt 36.703800 -3.221790
vt 38.182301 -2.418450
vt 37.961102 -1.714300
vt 38.850201 -2.418450
vt 38.529202 -1.714300
vt 37.541302 -3.221790
vt 36.703800 -4.093480
vt 38.346600 -3.221790
vt 39.435699 -2.418450
vt 37.592800 -4.093480
vt 36.703701 -5.000000
vt 38.447800 -4.093480
vt 37.610298 -5.000000
vt 38.481899 -5.000000
vt 37.592800 -5.906520
vt 36.703800 -5.906520
vt 38.447800 -5.906520
vt 37.541302 -6.778210
vt 36.703800 -6.778210
vt 37.457500 -7.581550
vt 36.703800 -7.581550
vt 38.346600 -6.778210
vt 37.344799 -8.285700
vt 36.703800 -8.285700
vt 38.182301 -7.581550
vt 36.706001 -7.581550
vt 36.706001 -8.285690
vt -8.706030 -8.285690
vt -8.706030 -7.581550
vt 36.706001 -6.778210
vt -8.706030 -6.778200
vt 36.706001 -5.906520
vt -8.706030 -5.906520
vt 36.706001 -5.000000
vt -8.706030 -5.000000
vt 36.706001 -4.093480
vt -8.706030 -4.093480
vt 36.706001 -3.221800
vt -8.706030 -3.221790
vt 36.706001 -2.418450
vt -8.706030 -2.418450
vt 36.706001 -1.714310
vt -8.706030 -1.714310
vt 16.146500 20.916201
vt 16.323400 20.027100
vt 15.825500 20.435699
vt 16.732000 20.435699
vt 16.732000 -30.435699
vt 16.323400 -30.027100
vt 16.732000 -29.529200
vt 16.146500 -30.916201
vt 15.825500 -30.435699
vt 11.676700 -30.027100
vt 12.174600 -30.435699
vt 11.853600 -30.916201
vt 11.268100 -30.435699
vt 11.268100 19.529200
vt 10.787600 19.850201
vt 11.268100 20.435699
vt 11.676700 20.027100
vt 11.853600 20.916201
vt 12.174600 20.435699
vt 11.418500 17.703699
vt 10.714400 17.703699
vt 10.777500 18.344801
vt 11.468100 18.207399
vt 12.221900 17.703699
vt 12.256000 18.050699
vt 13.093500 17.703699
vt 13.111000 17.880600
vt 14.000100 17.703699
vt 10.964500 18.961100
vt 11.615000 18.691700
vt 12.357200 18.384199
vt 11.853600 19.138000
vt 13.162500 18.050699
vt 12.521500 18.691700
vt 13.246300 18.207399
vt 12.174600 19.529200
vt 12.742700 18.961100
vt 13.359100 18.344801
vt 12.565800 19.850201
vt 13.012100 19.182301
vt 13.496400 18.457500
vt 13.012100 20.088800
vt 12.742700 20.739300
vt 13.319600 19.346600
vt 13.653200 18.541300
vt 13.496400 20.235701
vt 13.359100 20.926300
vt 13.653200 19.447800
vt 13.823200 18.592899
vt 14.000100 20.285299
vt 14.000100 20.989401
vt 14.000100 19.482000
vt 14.000100 18.610300
vt 14.176900 18.592899
vt 14.347000 19.447800
vt 14.503700 20.235701
vt 14.347000 18.541300
vt 14.680600 19.346600
vt 14.641100 20.926300
vt 14.503700 18.457500
vt 14.988000 20.088800
vt 14.988000 19.182301
vt 14.641100 18.344801
vt 15.434300 19.850201
vt 15.257400 20.739300
vt 15.257400 18.961100
vt 14.753800 18.207399
vt 15.825500 19.529200
vt 15.478600 18.691700
vt 14.837600 18.050699
vt 16.146500 19.138000
vt 15.642900 18.384199
vt 14.889200 17.880600
vt 16.385099 18.691700
vt 16.732000 19.529200
vt 15.744100 18.050699
vt 14.906600 17.703699
vt 15.778300 17.703699
vt 16.532000 18.207399
vt 16.581600 17.703699
vt 17.222601 18.344801
vt 17.285801 17.703699
vt 17.035601 18.961100
vt 17.212500 19.850201
vt 17.212500 -29.850201
vt 17.222601 -28.344801
vt 16.532000 -28.207399
vt 16.581600 -27.703699
vt 17.285801 -27.703699
vt 15.778300 -27.703699
vt 15.744100 -28.050699
vt 14.906600 -27.703699
vt 17.035601 -28.961100
vt 14.889200 -27.880600
vt 14.000100 -27.703699
vt 16.385099 -28.691700
vt 15.642900 -28.384199
vt 14.837600 -28.050699
vt 16.146500 -29.138000
vt 15.478600 -28.691700
vt 14.753800 -28.207399
vt 15.825500 -29.529200
vt 15.257400 -28.961100
vt 14.641100 -28.344801
vt 15.434300 -29.850201
vt 14.988000 -29.182301
vt 14.503700 -28.457500
vt 14.988000 -30.088800
vt 15.257400 -30.739300
vt 14.680600 -29.346600
vt 14.347000 -28.541300
vt 14.503700 -30.235701
vt 14.641100 -30.926300
vt 14.347000 -29.447800
vt 14.176900 -28.592899
vt 14.000100 -30.285299
vt 14.000100 -30.989401
vt 14.000100 -29.482000
vt 14.000100 -28.610300
vt 13.823200 -28.592899
vt 13.653200 -29.447800
vt 13.496400 -30.235701
vt 13.653200 -28.541300
vt 13.319600 -29.346600
vt 13.359100 -30.926300
vt 13.496400 -28.457500
vt 13.012100 -30.088800
vt 13.012100 -29.182301
vt 13.359100 -28.344801
vt 12.565800 -29.850201
vt 12.742700 -30.739300
vt 12.742700 -28.961100
vt 13.246300 -28.207399
vt 12.174600 -29.529200
vt 12.521500 -28.691700
vt 13.162500 -28.050699
vt 11.853600 -29.138000
vt 12.357200 -28.384199
vt 13.111000 -27.880600
vt 11.615000 -28.691700
vt 11.268100 -29.529200
vt 12.256000 -28.050699
vt 13.093500 -27.703699
vt 12.221900 -27.703699
vt 11.468100 -28.207399
vt 11.418500 -27.703699
vt 10.777500 -28.344801
vt 10.714400 -27.703699
vt 10.964500 -28.961100
vt 10.787600 -29.850201
vt 14.906500 -27.705999
vt 13.999900 -27.705999
vt 13.999900 17.705999
vt 14.906500 17.705999
vt 15.778100 -27.705999
vt 15.778100 17.705999
vt 16.581499 -27.705999
vt 16.581499 17.705999
vt 17.285601 -27.705999
vt 17.285601 17.705999
vt 11.418400 -27.705999
vt 10.714200 -27.705999
vt 10.714200 17.705999
vt 11.418400 17.705999
vt 12.221700 -27.705999
vt 12.221700 17.705999
vt 13.093400 -27.705999
vt 13.093400 17.705999
vt 12.521400 -2.418450
vt 12.742600 -1.714300
vt 13.246200 -2.418450
vt 13.162400 -3.221790
vt 12.174500 -1.714300
vt 13.999900 -5.000000
vt 13.999900 -4.093480
vt 14.889000 -4.093480
vt 14.906500 -5.000000
vt 13.110800 -4.093480
vt 12.357100 -3.221790
vt 11.853500 -2.418450
vt 11.614900 -3.221790
vt 11.268000 -2.418450
vt 10.964400 -3.221790
vt 12.255900 -4.093480
vt 13.093400 -5.000000
vt 11.468000 -4.093480
vt 12.221700 -5.000000
vt 13.110800 -5.906520
vt 12.255900 -5.906520
vt 10.777400 -4.093480
vt 11.418400 -5.000000
vt 10.714200 -5.000000
vt 10.777400 -5.906520
vt 11.468000 -5.906520
vt 10.964400 -6.778210
vt 11.614900 -6.778210
vt 11.268000 -7.581550
vt 12.357100 -6.778210
vt 11.853500 -7.581550
vt 12.174500 -8.285700
vt 12.521400 -7.581550
vt 12.742600 -8.285700
vt 13.162400 -6.778210
vt 13.246200 -7.581550
vt 13.358900 -8.285700
vt 13.999900 -5.906520
vt 13.999900 -6.778210
vt 13.999900 -7.581550
vt 13.999900 -8.285700
vt 14.640900 -8.285700
vt 14.753700 -7.581550
vt 15.257300 -8.285700
vt 14.837500 -6.778210
vt 15.478500 -7.581550
vt 15.825400 -8.285700
vt 16.146400 -7.581550
vt 15.642800 -6.778210
vt 16.385000 -6.778210
vt 15.744000 -5.906520
vt 14.889000 -5.906520
vt 17.222500 -4.093480
vt 17.285601 -5.000000
vt 16.581499 -5.000000
vt 16.531900 -4.093480
vt 17.035500 -3.221790
vt 16.531900 -5.906520
vt 15.778100 -5.000000
vt 16.731899 -2.418450
vt 16.385000 -3.221790
vt 16.146400 -2.418450
vt 15.744000 -4.093480
vt 15.642800 -3.221790
vt 15.825400 -1.714300
vt 15.478500 -2.418450
vt 15.257300 -1.714300
vt 14.837500 -3.221790
vt 14.753700 -2.418450
vt 14.640900 -1.714300
vt 13.999900 -2.418450
vt 13.999900 -1.714300
vt 13.358900 -1.714300
vt 13.999900 -3.221790
vt 9.442670 -5.906520
vt 13.093500 -9.557390
vt 10.714400 -8.285690
vt 9.707090 -6.778200
vt 10.136500 -7.581550
vt 12.221900 -9.292960
vt 11.418500 -8.863570
vt 9.353390 -5.000000
vt 9.442670 -4.093480
vt 13.093500 -0.442612
vt 10.714400 -1.714310
vt 9.707090 -3.221790
vt 10.136500 -2.418450
vt 12.221900 -0.707034
vt 11.418500 -1.136430
vt 18.557501 -4.093480
vt 14.000100 -0.353327
vt 14.906600 -0.442612
vt 14.906600 -9.557390
vt 14.000100 -9.646670
vt 18.557501 -5.906520
vt 18.646700 -5.000000
vt 17.285801 -8.285690
vt 18.292999 -6.778200
vt 17.863600 -7.581550
vt 15.778300 -9.292960
vt 16.581600 -8.863570
vt 17.285801 -1.714310
vt 15.778300 -0.707034
vt 16.581600 -1.136430
vt 18.292999 -3.221790
vt 17.863600 -2.418450
vt 16.731899 -7.581550
vt 17.035500 -6.778210
vt 17.222500 -5.906520
vt 36.703701 -4.093480
vt 36.703701 -5.906520
vt -9.541270 -6.778210
vt -9.541270 -3.221790
vt -8.706030 -3.221800
vt 36.706001 -3.221790
vt -8.706030 -6.778210
vt 36.706001 -6.778200
vt 11.676600 20.027100
vt 11.268000 20.435699
vt 11.853500 20.916201
vt 12.174500 20.435699
vt 16.731899 -29.529200
vt 17.212400 -29.850201
vt 16.731899 -30.435699
vt 16.323299 -30.027100
vt 16.146400 -30.916201
vt 15.825400 -30.435699
vt 11.418400 17.703699
vt 10.714200 17.703699
vt 10.777400 18.344801
vt 11.468000 18.207399
vt 12.221700 17.703699
vt 10.964400 18.961100
vt 12.255900 18.050699
vt 13.093400 17.703699
vt 11.614900 18.691700
vt 13.110800 17.880600
vt 13.999900 17.703699
vt 12.357100 18.384199
vt 11.268000 19.529200
vt 11.853500 19.138000
vt 13.162400 18.050699
vt 12.521400 18.691700
vt 13.246200 18.207399
vt 12.174500 19.529200
vt 12.742600 18.961100
vt 10.787500 19.850201
vt 13.358900 18.344801
vt 12.565700 19.850201
vt 13.012000 19.182301
vt 13.496300 18.457500
vt 13.012000 20.088800
vt 12.742600 20.739300
vt 13.319400 19.346600
vt 13.358900 20.926300
vt 13.653000 18.541300
vt 13.496300 20.235701
vt 13.653000 19.447800
vt 13.823100 18.592800
vt 13.999900 20.285299
vt 13.999900 20.989401
vt 13.999900 19.482000
vt 13.999900 18.610300
vt 14.176800 18.592800
vt 14.346800 19.447800
vt 14.503600 20.235701
vt 14.346800 18.541300
vt 14.680400 19.346600
vt 14.640900 20.926300
vt 14.503600 18.457500
vt 14.987900 20.088800
vt 14.987900 19.182301
vt 14.640900 18.344801
vt 15.434200 19.850201
vt 15.257300 20.739300
vt 15.257300 18.961100
vt 15.825400 20.435699
vt 14.753700 18.207399
vt 15.825400 19.529200
vt 15.478500 18.691700
vt 14.837500 18.050699
vt 16.146400 19.138000
vt 16.323299 20.027100
vt 15.642800 18.384199
vt 16.731899 19.529200
vt 14.889000 17.880600
vt 16.385000 18.691700
vt 15.744000 18.050699
vt 14.906500 17.703699
vt 15.778100 17.703699
vt 16.531900 18.207399
vt 16.581499 17.703699
vt 17.035500 18.961100
vt 17.222500 18.344801
vt 17.285601 17.703699
vt 16.731899 20.435699
vt 17.212400 19.850201
vt 16.146400 20.916201
vt 16.531900 -28.207399
vt 15.744000 -28.050699
vt 15.778100 -27.703699
vt 14.906500 -27.703699
vt 17.035500 -28.961100
vt 16.385000 -28.691700
vt 14.889000 -27.880600
vt 13.999900 -27.703699
vt 15.642800 -28.384199
vt 16.146400 -29.138000
vt 14.837500 -28.050699
vt 15.478500 -28.691700
vt 14.753700 -28.207399
vt 15.825400 -29.529200
vt 15.257300 -28.961100
vt 14.640900 -28.344801
vt 15.434200 -29.850201
vt 14.987900 -29.182301
vt 14.503600 -28.457500
vt 14.987900 -30.088800
vt 15.257300 -30.739300
vt 14.680400 -29.346600
vt 14.640900 -30.926300
vt 14.346800 -28.541300
vt 14.503600 -30.235701
vt 14.346800 -29.447800
vt 14.176800 -28.592899
vt 13.999900 -30.285299
vt 13.999900 -30.989401
vt 13.999900 -29.482000
vt 13.999900 -28.610300
vt 13.823100 -28.592899
vt 13.653000 -29.447800
vt 13.496300 -30.235701
vt 13.653000 -28.541300
vt 13.319400 -29.346600
vt 13.358900 -30.926300
vt 13.496300 -28.457500
vt 13.012000 -30.088800
vt 13.012000 -29.182301
vt 13.358900 -28.344801
vt 12.565700 -29.850201
vt 12.742600 -28.961100
vt 13.246200 -28.207399
vt 12.174500 -29.529200
vt 12.742600 -30.739300
vt 12.521400 -28.691700
vt 13.162400 -28.050699
vt 12.174500 -30.435699
vt 11.853500 -29.138000
vt 11.676600 -30.027100
vt 11.853500 -30.916201
vt 12.357100 -28.384199
vt 11.268000 -29.529200
vt 13.110800 -27.880600
vt 11.614900 -28.691700
vt 12.255900 -28.050699
vt 13.093400 -27.703699
vt 12.221700 -27.703699
vt 11.468000 -28.207399
vt 11.418400 -27.703699
vt 10.777400 -28.344801
vt 10.714200 -27.703699
vt 10.964400 -28.961100
vt 10.787500 -29.850201
vt 11.268000 -30.435699
vt 16.581499 -27.703699
vt 17.285601 -27.703699
vt 17.222500 -28.344801
vt 11.418500 -27.705999
vt 10.714400 -27.705999
vt 10.714400 17.705999
vt 11.418500 17.705999
vt 12.221900 -27.705999
vt 12.221900 17.705999
vt 13.093500 -27.705999
vt 13.093500 17.705999
vt 14.000100 -27.705999
vt 14.000100 17.705999
vt 14.906600 -27.705999
vt 14.906600 17.705999
vt 15.778300 -27.705999
vt 15.778300 17.705999
vt 16.581600 -27.705999
vt 16.581600 17.705999
vt 17.285801 -27.705999
vt 17.285801 17.705999
vt 13.093500 -5.000000
vt 12.221900 -5.000000
vt 12.256000 -4.093480
vt 11.468100 -4.093480
vt 10.777500 -4.093480
vt 10.964500 -3.221790
vt 11.418500 -5.000000
vt 10.714400 -5.000000
vt 10.777500 -5.906520
vt 11.468100 -5.906520
vt 10.964500 -6.778210
vt 12.256000 -5.906520
vt 11.615000 -6.778210
vt 11.268100 -7.581550
vt 11.853600 -7.581550
vt 12.357200 -6.778210
vt 13.111000 -5.906520
vt 14.000100 -5.000000
vt 12.174600 -8.285700
vt 12.521500 -7.581550
vt 12.742700 -8.285700
vt 13.162500 -6.778210
vt 14.000100 -5.906520
vt 13.246300 -7.581550
vt 13.359100 -8.285700
vt 14.000100 -6.778210
vt 14.889200 -5.906520
vt 14.000100 -7.581550
vt 14.000100 -8.285700
vt 14.641100 -8.285700
vt 14.753800 -7.581550
vt 14.906600 -5.000000
vt 14.837600 -6.778210
vt 15.478600 -7.581550
vt 15.642900 -6.778210
vt 16.146500 -7.581550
vt 15.744100 -5.906520
vt 15.778300 -5.000000
vt 16.385099 -6.778210
vt 16.732000 -7.581550
vt 16.532000 -5.906520
vt 16.581600 -5.000000
vt 17.222601 -5.906520
vt 17.035601 -6.778210
vt 17.222601 -4.093480
vt 17.285801 -5.000000
vt 17.035601 -3.221790
vt 16.532000 -4.093480
vt 16.732000 -2.418450
vt 16.385099 -3.221790
vt 16.146500 -2.418450
vt 15.825500 -1.714300
vt 15.478600 -2.418450
vt 15.257400 -1.714300
vt 15.642900 -3.221790
vt 15.744100 -4.093480
vt 14.753800 -2.418450
vt 14.641100 -1.714300
vt 14.837600 -3.221790
vt 14.889200 -4.093480
vt 14.000100 -2.418450
vt 14.000100 -1.714300
vt 13.359100 -1.714300
vt 14.000100 -3.221790
vt 13.246300 -2.418450
vt 12.742700 -1.714300
vt 14.000100 -4.093480
vt 13.162500 -3.221790
vt 12.521500 -2.418450
vt 12.174600 -1.714300
vt 13.111000 -4.093480
vt 12.357200 -3.221790
vt 11.853600 -2.418450
vt 11.268100 -2.418450
vt 11.615000 -3.221790
vt 13.093400 -0.442614
vt 9.442550 -5.906520
vt 9.442550 -4.093480
vt 9.353260 -5.000000
vt 10.714200 -1.714310
vt 9.706970 -3.221800
vt 10.136400 -2.418450
vt 12.221700 -0.707036
vt 11.418400 -1.136430
vt 14.906500 -0.442614
vt 13.999900 -0.353329
vt 13.093400 -9.557390
vt 10.714200 -8.285690
vt 9.706970 -6.778210
vt 10.136400 -7.581550
vt 12.221700 -9.292970
vt 11.418400 -8.863570
vt 14.906500 -9.557390
vt 13.999900 -9.646670
vt 18.557301 -5.906520
vt 18.557301 -4.093480
vt 18.646601 -5.000000
vt 17.285601 -8.285690
vt 18.292900 -6.778210
vt 17.863501 -7.581550
vt 15.778100 -9.292970
vt 16.581499 -8.863570
vt 17.285601 -1.714310
vt 15.778100 -0.707036
vt 16.581499 -1.136430
vt 18.292900 -3.221800
vt 17.863501 -2.418450
vt 15.257400 -8.285700
vt 15.825500 -8.285700
s 1
usemtl Torus0021Mtl.001
f 21/29/13 24/30/14 22/31/15
f 19/32/16 24/30/14 21/29/13
f 24/30/14 23/33/17 22/31/15
f 24/30/14 25/34/18 23/33/17
f 26/35/19 23/33/17 25/34/18
f 27/36/20 25/34/18 24/30/14
f 28/37/21 24/30/14 19/32/16
f 24/30/14 28/37/21 27/36/20
f 20/38/22 28/37/21 19/32/16
f 29/39/23 27/36/20 28/37/21
f 28/37/21 30/40/24 29/39/23
f 28/37/21 20/38/22 30/40/24
f 31/41/25 29/39/23 30/40/24
f 30/40/24 32/42/26 31/41/25
f 32/42/26 30/40/24 20/38/22
f 33/43/27 31/41/25 32/42/26
f 20/38/22 34/44/28 32/42/26
f 32/42/26 35/45/29 33/43/27
f 36/46/30 33/43/27 35/45/29
f 32/42/26 34/44/28 37/47/31
f 32/42/26 37/47/31 35/45/29
f 35/45/29 38/48/32 36/46/30
f 38/48/32 35/45/29 37/47/31
f 39/49/33 36/46/30 38/48/32
f 37/47/31 40/50/34 38/48/32
f 38/48/32 41/51/35 39/49/33
f 42/52/36 39/49/33 41/51/35
f 46/53/37 45/54/38 44/55/39
f 49/56/40 50/57/41 48/58/42
f 47/59/43 48/58/42 50/57/41
f 50/57/41 51/60/44 47/59/43
f 52/61/45 51/60/44 50/57/41
f 53/29/46 47/59/43 51/60/44
f 56/34/47 51/60/44 52/61/45
f 51/60/44 57/30/48 53/29/46
f 54/31/15 53/29/46 57/30/48
f 56/34/47 57/30/48 51/60/44
f 57/30/48 58/33/17 54/31/15
f 57/30/48 56/34/47 58/33/17
f 59/35/49 58/33/17 56/34/47
f 56/34/47 61/62/50 59/35/49
f 60/63/51 59/35/49 61/62/50
f 62/64/52 61/62/50 56/34/47
f 60/63/51 61/62/50 63/65/53
f 63/65/53 61/62/50 62/64/52
f 64/66/54 39/49/33 42/52/36
f 67/67/55 65/68/56 66/69/57
f 70/64/52 66/69/57 69/70/53
f 66/69/57 70/64/52 67/67/55
f 71/71/50 69/70/53 68/72/58
f 69/70/53 71/71/50 70/64/52
f 68/72/58 72/73/51 71/71/50
f 74/74/59 71/71/50 72/73/51
f 70/64/52 71/71/50 74/74/59
f 72/73/51 73/75/60 74/74/59
f 67/67/55 70/64/52 75/61/61
f 74/74/59 75/61/61 70/64/52
f 73/75/60 76/76/17 74/74/59
f 75/61/61 77/77/62 67/67/55
f 79/78/63 74/74/59 76/76/17
f 79/78/63 76/76/17 78/79/15
f 74/74/59 79/78/63 80/60/44
f 74/74/59 80/60/44 75/61/61
f 80/60/44 79/78/63 81/80/46
f 81/80/46 79/78/63 78/79/15
f 75/61/61 80/60/44 82/57/41
f 75/61/61 82/57/41 77/77/62
f 81/80/46 83/59/43 80/60/44
f 82/57/41 80/60/44 83/59/43
f 86/49/33 84/66/64 85/81/65
f 85/81/65 87/82/66 86/49/33
f 87/82/66 88/83/67 86/49/33
f 86/49/33 88/83/67 89/46/68
f 88/83/67 91/84/69 89/46/68
f 89/46/68 91/84/69 92/43/27
f 93/85/70 88/83/67 90/86/71
f 93/85/70 91/84/69 88/83/67
f 94/87/72 92/43/27 91/84/69
f 94/87/72 95/41/73 92/43/27
f 96/88/74 91/84/69 93/85/70
f 96/88/74 94/87/72 91/84/69
f 97/89/75 95/41/73 94/87/72
f 97/89/75 94/87/72 96/88/74
f 97/89/75 98/39/76 95/41/73
f 96/88/74 99/90/77 97/89/75
f 100/91/78 98/39/76 97/89/75
f 100/91/78 101/36/79 98/39/76
f 102/62/80 101/36/79 100/91/78
f 102/62/80 103/34/81 101/36/79
f 104/92/82 100/91/78 97/89/75
f 102/62/80 100/91/78 104/92/82
f 97/89/75 99/90/77 104/92/82
f 104/92/82 105/65/83 102/62/80
f 83/59/43 106/58/42 82/57/41
f 107/56/40 82/57/41 106/58/42
f 107/56/40 108/93/84 82/57/41
f 77/77/62 82/57/41 108/93/84
f 107/56/40 109/94/85 110/95/86
f 110/95/86 108/93/84 107/56/40
f 110/95/86 109/94/85 111/96/87
f 112/97/88 108/93/84 110/95/86
f 77/77/62 108/93/84 112/97/88
f 111/96/87 113/98/89 110/95/86
f 77/77/62 112/97/88 114/99/90
f 114/99/90 67/67/55 77/77/62
f 112/97/88 110/95/86 115/100/91
f 115/100/91 110/95/86 113/98/89
f 116/101/92 114/99/90 112/97/88
f 112/97/88 115/100/91 116/101/92
f 67/67/55 114/99/90 117/102/93
f 117/102/93 114/99/90 116/101/92
f 118/66/54 120/49/33 119/52/94
f 119/52/94 120/49/33 121/51/35
f 122/48/32 121/51/35 120/49/33
f 120/49/33 123/46/30 122/48/32
f 125/45/29 122/48/32 123/46/30
f 123/46/30 126/43/27 125/45/29
f 127/47/31 124/50/34 122/48/32
f 122/48/32 125/45/29 127/47/31
f 128/44/28 127/47/31 125/45/29
f 125/45/29 129/42/26 128/44/28
f 129/42/26 125/45/29 126/43/27
f 126/43/27 130/41/95 129/42/26
f 131/40/96 129/42/26 130/41/95
f 131/40/96 128/44/28 129/42/26
f 130/41/95 132/39/97 131/40/96
f 133/37/21 131/40/96 132/39/97
f 132/39/97 134/36/98 133/37/21
f 135/30/99 133/37/21 134/36/98
f 134/36/98 136/34/81 135/30/99
f 133/37/21 135/30/99 137/32/16
f 131/40/96 133/37/21 137/32/16
f 128/44/28 131/40/96 138/38/22
f 137/32/16 138/38/22 131/40/96
f 117/102/93 65/68/56 67/67/55
f 116/101/92 139/103/100 117/102/93
f 140/104/101 139/103/100 116/101/92
f 116/101/92 141/105/102 140/104/101
f 141/105/102 116/101/92 115/100/91
f 115/100/91 143/106/103 141/105/102
f 142/53/104 141/105/102 143/106/103
f 115/100/91 113/98/89 143/106/103
f 143/106/103 144/107/105 142/53/104
f 145/108/106 143/106/103 113/98/89
f 143/106/103 145/108/106 144/107/105
f 146/54/38 142/53/104 144/107/105
f 146/54/38 144/107/105 145/108/106
f 142/53/104 146/54/38 147/55/107
f 145/108/106 148/109/108 146/54/38
f 137/32/16 135/30/99 149/29/109
f 153/67/55 151/68/56 150/69/57
f 152/102/93 151/68/56 153/67/55
f 62/64/52 150/69/57 63/65/53
f 150/69/57 62/64/52 153/67/55
f 55/110/58 60/63/51 63/65/53
f 156/105/110 155/104/111 154/103/100
f 157/101/92 154/103/100 152/102/93
f 156/105/110 154/103/100 157/101/92
f 152/102/93 158/99/90 157/101/92
f 153/67/55 158/99/90 152/102/93
f 156/105/110 157/101/92 159/100/112
f 46/53/37 156/105/110 160/106/113
f 159/100/112 160/106/113 156/105/110
f 160/106/113 161/107/105 46/53/37
f 45/54/38 46/53/37 161/107/105
f 45/54/38 161/107/105 162/108/114
f 160/106/113 162/108/114 161/107/105
f 162/108/114 43/109/108 45/54/38
f 159/100/112 163/98/115 160/106/113
f 162/108/114 160/106/113 163/98/115
f 164/97/116 159/100/112 157/101/92
f 157/101/92 158/99/90 164/97/116
f 164/97/116 165/95/117 159/100/112
f 159/100/112 165/95/117 163/98/115
f 166/77/62 164/97/116 158/99/90
f 158/99/90 153/67/55 166/77/62
f 164/97/116 167/93/84 165/95/117
f 166/77/62 167/93/84 164/97/116
f 165/95/117 167/93/84 49/56/40
f 166/77/62 50/57/41 167/93/84
f 49/56/40 167/93/84 50/57/41
f 52/61/45 166/77/62 153/67/55
f 52/61/45 50/57/41 166/77/62
f 153/67/55 62/64/52 52/61/45
f 163/98/115 165/95/117 168/94/85
f 49/56/40 168/94/85 165/95/117
f 168/94/85 169/96/118 163/98/115
f 56/34/47 52/61/45 62/64/52
f 172/81/65 171/82/66 173/49/33
f 173/49/33 174/66/64 172/81/65
f 171/82/66 175/83/67 173/49/33
f 173/49/33 175/83/67 176/46/68
f 175/83/67 177/84/69 176/46/68
f 176/46/68 177/84/69 178/43/27
f 179/85/70 177/84/69 175/83/67
f 179/85/70 175/83/67 170/86/71
f 180/87/72 178/43/27 177/84/69
f 180/87/72 177/84/69 179/85/70
f 180/87/72 181/41/25 178/43/27
f 179/85/70 182/88/74 180/87/72
f 183/89/119 181/41/25 180/87/72
f 183/89/119 184/39/23 181/41/25
f 185/90/77 180/87/72 182/88/74
f 185/90/77 183/89/119 180/87/72
f 186/91/78 184/39/23 183/89/119
f 186/91/78 183/89/119 185/90/77
f 186/91/78 187/36/20 184/39/23
f 188/62/120 187/36/20 186/91/78
f 188/62/120 189/34/18 187/36/20
f 185/90/77 190/92/121 186/91/78
f 188/62/120 186/91/78 190/92/121
f 189/34/18 188/62/120 18/35/49
f 190/92/121 191/65/122 188/62/120
f 192/63/51 188/62/120 191/65/122
f 192/63/51 18/35/49 188/62/120
f 17/110/58 192/63/51 191/65/122
f 195/111/123 194/112/124 196/113/125
f 201/114/126 202/115/127 203/116/128
f 204/117/129 200/118/130 201/114/126
f 203/116/128 205/119/128 201/114/126
f 204/117/129 201/114/126 205/119/128
f 205/119/128 203/116/128 206/120/131
f 206/120/131 207/121/132 205/119/128
f 200/118/130 204/117/129 208/122/133
f 205/119/128 209/123/128 204/117/129
f 209/123/128 205/119/128 207/121/132
f 210/124/134 208/122/133 204/117/129
f 211/125/135 210/124/134 212/126/136
f 204/117/129 212/126/136 210/124/134
f 212/126/136 204/117/129 209/123/128
f 212/126/136 213/127/137 211/125/135
f 214/128/138 211/125/135 213/127/137
f 213/127/137 212/126/136 215/129/139
f 209/123/128 215/129/139 212/126/136
f 213/127/137 216/130/140 214/128/138
f 217/131/141 214/128/138 216/130/140
f 215/129/139 218/132/139 213/127/137
f 216/130/140 213/127/137 218/132/139
f 209/123/128 219/133/142 215/129/139
f 215/129/139 220/134/143 218/132/139
f 219/133/142 220/134/143 215/129/139
f 221/135/144 219/133/142 209/123/128
f 207/121/132 221/135/144 209/123/128
f 219/133/142 222/136/145 220/134/143
f 220/134/143 223/137/146 218/132/139
f 223/137/146 220/134/143 222/136/145
f 218/132/139 224/138/139 216/130/140
f 218/132/139 223/137/146 224/138/139
f 221/135/144 225/139/147 219/133/142
f 225/139/147 222/136/145 219/133/142
f 229/140/148 231/141/149 228/142/150
f 230/143/151 228/142/150 231/141/149
f 234/144/126 232/145/152 233/146/153
f 236/147/128 234/144/126 235/148/154
f 236/147/128 235/148/154 237/149/128
f 238/150/133 232/145/152 234/144/126
f 236/147/128 237/149/128 239/151/131
f 234/144/126 240/152/129 238/150/133
f 240/152/129 234/144/126 236/147/128
f 239/151/131 241/153/155 236/147/128
f 236/147/128 242/154/128 240/152/129
f 242/154/128 236/147/128 241/153/155
f 243/155/134 238/150/133 240/152/129
f 245/156/156 241/153/155 244/157/157
f 241/153/155 245/156/156 246/158/144
f 241/153/155 246/158/144 242/154/128
f 247/159/158 246/158/144 245/156/156
f 246/158/144 247/159/158 249/160/159
f 246/158/144 249/160/159 242/154/128
f 247/159/158 248/161/145 249/160/159
f 242/154/128 249/160/159 250/162/160
f 242/154/128 250/162/160 240/152/129
f 249/160/159 248/161/145 251/163/143
f 249/160/159 251/163/143 250/162/160
f 253/164/146 251/163/143 248/161/145
f 248/161/145 252/165/161 253/164/146
f 240/152/129 250/162/160 254/166/136
f 240/152/129 254/166/136 243/155/134
f 250/162/160 251/163/143 255/167/139
f 250/162/160 255/167/139 254/166/136
f 251/163/143 253/164/146 256/168/139
f 256/168/139 255/167/139 251/163/143
f 253/164/146 252/165/161 257/169/162
f 256/168/139 253/164/146 258/170/163
f 253/164/146 257/169/162 258/170/163
f 255/167/139 256/168/139 259/171/140
f 254/166/136 255/167/139 260/172/137
f 259/171/140 260/172/137 255/167/139
f 260/172/137 243/155/134 254/166/136
f 257/169/162 261/173/164 262/174/165
f 262/174/165 258/170/163 257/169/162
f 258/170/163 262/174/165 264/175/160
f 264/175/160 262/174/165 263/176/166
f 267/177/139 263/176/166 266/178/167
f 267/177/139 264/175/160 263/176/166
f 268/179/168 266/178/167 265/180/169
f 266/178/167 268/179/168 267/177/139
f 271/181/168 265/180/169 270/182/170
f 265/180/169 271/181/168 268/179/168
f 270/182/170 273/183/168 271/181/168
f 273/183/168 270/182/170 272/184/171
f 268/179/168 271/181/168 274/185/172
f 274/185/172 271/181/168 273/183/168
f 272/184/171 275/186/173 273/183/168
f 275/186/173 272/184/171 269/187/123
f 273/183/168 276/188/174 274/185/172
f 276/188/174 273/183/168 275/186/173
f 269/187/123 277/189/175 275/186/173
f 277/189/175 278/190/58 275/186/173
f 275/186/173 279/191/176 276/188/174
f 278/190/58 279/191/176 275/186/173
f 282/115/177 281/192/178 283/193/128
f 283/193/128 284/116/128 282/115/177
f 285/120/179 284/116/128 283/193/128
f 283/193/128 281/192/178 286/194/180
f 286/194/180 281/192/178 280/195/181
f 287/196/182 285/120/179 283/193/128
f 288/197/128 283/193/128 286/194/180
f 287/196/182 283/193/128 288/197/128
f 280/195/181 290/198/183 286/194/180
f 291/199/184 286/194/180 290/198/183
f 288/197/128 286/194/180 291/199/184
f 292/200/185 287/196/182 288/197/128
f 293/201/186 292/200/185 288/197/128
f 290/198/183 294/202/151 291/199/184
f 287/196/182 292/200/185 295/203/187
f 295/203/187 292/200/185 293/201/186
f 296/204/188 289/205/189 287/196/182
f 295/203/187 296/204/188 287/196/182
f 295/203/187 293/201/186 297/206/190
f 298/207/191 297/206/190 293/201/186
f 293/201/186 300/208/192 298/207/191
f 298/207/191 301/209/193 299/210/194
f 300/208/192 301/209/193 298/207/191
f 300/208/192 293/201/186 302/211/195
f 288/197/128 302/211/195 293/201/186
f 288/197/128 291/199/184 302/211/195
f 302/211/195 303/212/195 300/208/192
f 303/212/195 302/211/195 291/199/184
f 300/208/192 304/213/196 301/209/193
f 303/212/195 304/213/196 300/208/192
f 305/214/197 299/210/194 301/209/193
f 306/215/198 301/209/193 304/213/196
f 301/209/193 306/215/198 305/214/197
f 291/199/184 307/216/149 303/212/195
f 303/212/195 308/217/199 304/213/196
f 307/216/149 308/217/199 303/212/195
f 307/216/149 291/199/184 294/202/151
f 310/218/200 309/219/201 305/214/197
f 310/218/200 305/214/197 306/215/198
f 306/215/198 312/220/202 310/218/200
f 313/221/203 311/222/204 310/218/200
f 313/221/203 310/218/200 312/220/202
f 315/223/205 314/224/74 311/222/204
f 315/223/205 311/222/204 313/221/203
f 316/225/206 314/224/74 315/223/205
f 318/226/207 317/227/208 319/228/209
f 319/228/209 317/227/208 316/225/206
f 319/228/209 320/229/209 318/226/207
f 316/225/206 321/230/209 319/228/209
f 315/223/205 321/230/209 316/225/206
f 320/229/209 319/228/209 322/231/210
f 322/231/210 319/228/209 321/230/209
f 274/185/172 323/232/211 268/179/168
f 268/179/168 323/232/211 327/233/212
f 327/233/212 267/177/139 268/179/168
f 327/233/212 328/234/213 267/177/139
f 328/234/213 264/175/160 267/177/139
f 328/234/213 330/235/214 264/175/160
f 330/235/214 328/234/213 329/236/110
f 330/235/214 331/237/139 264/175/160
f 264/175/160 331/237/139 258/170/163
f 256/168/139 258/170/163 331/237/139
f 259/171/140 256/168/139 331/237/139
f 259/171/140 331/237/139 330/235/214
f 329/236/110 332/238/215 330/235/214
f 259/171/140 330/235/214 332/238/215
f 332/238/215 333/239/138 259/171/140
f 260/172/137 259/171/140 333/239/138
f 333/239/138 334/240/135 260/172/137
f 243/155/134 260/172/137 334/240/135
f 322/231/210 335/241/216 320/229/209
f 321/230/209 336/242/217 322/231/210
f 336/242/217 321/230/209 315/223/205
f 336/242/217 315/223/205 324/243/218
f 325/244/219 324/243/218 315/223/205
f 315/223/205 313/221/203 325/244/219
f 325/244/219 313/221/203 312/220/202
f 325/244/219 312/220/202 337/245/220
f 338/246/221 337/245/220 312/220/202
f 326/247/222 337/245/220 338/246/221
f 312/220/202 339/248/195 338/246/221
f 312/220/202 306/215/198 339/248/195
f 304/213/196 339/248/195 306/215/198
f 339/248/195 304/213/196 308/217/199
f 308/217/199 338/246/221 339/248/195
f 308/217/199 340/249/223 338/246/221
f 326/247/222 338/246/221 340/249/223
f 340/249/223 308/217/199 341/250/224
f 307/216/149 341/250/224 308/217/199
f 341/250/224 307/216/149 342/251/225
f 294/202/151 342/251/225 307/216/149
f 207/121/132 343/252/156 221/135/144
f 225/139/147 221/135/144 343/252/156
f 343/252/156 207/121/132 344/253/226
f 344/253/226 207/121/132 206/120/131
f 222/136/145 345/254/161 223/137/146
f 223/137/146 345/254/161 346/255/227
f 223/137/146 346/255/227 348/256/163
f 348/256/163 346/255/227 347/257/228
f 224/138/139 223/137/146 348/256/163
f 224/138/139 348/256/163 349/258/160
f 216/130/140 224/138/139 349/258/160
f 348/256/163 347/257/228 350/259/165
f 349/258/160 348/256/163 350/259/165
f 351/260/139 349/258/160 350/259/165
f 216/130/140 349/258/160 352/261/214
f 352/261/214 349/258/160 351/260/139
f 216/130/140 352/261/214 217/131/141
f 351/260/139 350/259/165 353/262/229
f 353/262/229 354/263/167 355/264/230
f 356/265/139 351/260/139 353/262/229
f 355/264/230 356/265/139 353/262/229
f 355/264/230 354/263/167 357/266/169
f 361/267/230 358/268/231 360/269/171
f 357/266/169 358/268/231 361/267/230
f 359/270/123 362/271/124 360/269/171
f 362/271/124 363/272/173 360/269/171
f 360/269/171 363/272/173 361/267/230
f 362/271/124 226/273/58 363/272/173
f 361/267/230 364/274/168 357/266/169
f 357/266/169 364/274/168 355/264/230
f 365/275/174 361/267/230 363/272/173
f 364/274/168 361/267/230 365/275/174
f 355/264/230 364/274/168 366/276/172
f 365/275/174 366/276/172 364/274/168
f 366/276/172 367/277/232 355/264/230
f 356/265/139 355/264/230 367/277/232
f 363/272/173 227/278/176 365/275/174
f 226/273/58 227/278/176 363/272/173
f 367/277/232 368/279/233 356/265/139
f 351/260/139 356/265/139 368/279/233
f 368/279/233 369/280/213 351/260/139
f 369/280/213 352/261/214 351/260/139
f 352/261/214 369/280/213 370/281/110
f 370/281/110 217/131/141 352/261/214
f 231/141/149 372/282/234 230/143/151
f 371/283/235 230/143/151 372/282/234
f 374/146/236 373/284/237 375/285/238
f 375/285/238 373/284/237 371/283/235
f 375/285/238 376/148/239 374/146/236
f 372/282/234 377/286/180 371/283/235
f 375/285/238 371/283/235 377/286/180
f 376/148/239 375/285/238 378/287/128
f 378/287/128 375/285/238 377/286/180
f 378/287/128 379/149/128 376/148/239
f 380/151/179 379/149/128 378/287/128
f 381/288/240 380/151/179 378/287/128
f 382/289/128 378/287/128 377/286/180
f 381/288/240 378/287/128 382/289/128
f 383/290/202 382/289/128 377/286/180
f 377/286/180 372/282/234 383/290/202
f 384/291/241 381/288/240 382/289/128
f 382/289/128 383/290/202 385/292/186
f 385/292/186 384/291/241 382/289/128
f 386/293/195 383/290/202 372/282/234
f 372/282/234 231/141/149 386/293/195
f 381/288/240 384/291/241 387/294/187
f 387/294/187 384/291/241 385/292/186
f 231/141/149 388/295/199 386/293/195
f 231/141/149 229/140/148 388/295/199
f 383/290/202 386/293/195 389/296/192
f 389/296/192 385/292/186 383/290/202
f 386/293/195 390/297/196 389/296/192
f 386/293/195 388/295/199 390/297/196
f 391/298/223 388/295/199 229/140/148
f 385/292/186 389/296/192 392/299/191
f 388/295/199 391/298/223 393/300/221
f 199/301/242 393/300/221 391/298/223
f 388/295/199 393/300/221 394/302/196
f 394/302/196 390/297/196 388/295/199
f 199/301/242 395/303/220 393/300/221
f 396/304/195 394/302/196 393/300/221
f 393/300/221 395/303/220 396/304/195
f 390/297/196 394/302/196 397/305/198
f 396/304/195 397/305/198 394/302/196
f 397/305/198 398/306/193 390/297/196
f 389/296/192 390/297/196 398/306/193
f 389/296/192 398/306/193 392/299/191
f 397/305/198 396/304/195 399/307/200
f 398/306/193 397/305/198 400/308/197
f 399/307/200 400/308/197 397/305/198
f 400/308/197 401/309/194 398/306/193
f 392/299/191 398/306/193 401/309/194
f 399/307/200 402/310/201 400/308/197
f 392/299/191 403/311/243 385/292/186
f 387/294/187 385/292/186 403/311/243
f 387/294/187 404/312/244 381/288/240
f 405/313/204 399/307/200 396/304/195
f 396/304/195 406/314/245 405/313/204
f 406/314/245 396/304/195 395/303/220
f 407/315/74 405/313/204 406/314/245
f 406/314/245 409/316/209 407/315/74
f 408/317/206 407/315/74 409/316/209
f 395/303/220 410/318/246 406/314/245
f 409/316/209 406/314/245 410/318/246
f 410/318/246 198/319/218 409/316/209
f 411/320/247 408/317/206 412/321/209
f 409/316/209 412/321/209 408/317/206
f 413/322/217 409/316/209 198/319/218
f 413/322/217 412/321/209 409/316/209
f 412/321/209 414/323/209 411/320/247
f 414/323/209 412/321/209 413/322/217
f 413/322/217 197/324/248 414/323/209
f 411/320/247 414/323/209 415/325/249
f 414/323/209 197/324/248 196/113/125
f 196/113/125 415/325/249 414/323/209
f 415/325/249 416/326/250 411/320/247
f 193/327/58 416/326/250 415/325/249
f 194/112/124 415/325/249 196/113/125
f 194/112/124 193/327/58 415/325/249
f 417/328/251 419/329/252 418/330/253
f 420/331/126 417/328/251 418/330/253
f 420/331/126 418/330/253 421/332/154
f 417/328/251 422/333/254 419/329/252
f 423/334/255 422/333/254 417/328/251
f 419/329/252 422/333/254 425/335/256
f 425/335/256 426/336/257 419/329/252
f 423/334/255 427/337/258 422/333/254
f 424/338/259 427/337/258 423/334/255
f 428/339/260 425/335/256 422/333/254
f 422/333/254 427/337/258 428/339/260
f 426/336/257 425/335/256 429/340/261
f 430/341/262 428/339/260 427/337/258
f 427/337/258 431/342/263 430/341/262
f 424/338/259 431/342/263 427/337/258
f 432/343/264 430/341/262 431/342/263
f 433/344/265 431/342/263 424/338/259
f 431/342/263 434/345/266 432/343/264
f 433/344/265 434/345/266 431/342/263
f 435/346/108 432/343/264 434/345/266
f 436/347/107 434/345/266 433/344/265
f 434/345/266 437/348/267 435/346/108
f 436/347/107 437/348/267 434/345/266
f 438/349/268 440/350/269 439/351/270
f 440/350/269 441/352/271 439/351/270
f 438/349/268 439/351/270 442/353/272
f 446/354/273 442/353/272 443/355/274
f 446/354/273 438/349/268 442/353/272
f 447/356/275 443/355/274 444/357/276
f 447/356/275 446/354/273 443/355/274
f 448/358/277 444/357/276 445/359/278
f 448/358/277 447/356/275 444/357/276
f 449/360/279 448/358/277 445/359/278
f 447/356/275 448/358/277 450/361/280
f 448/358/277 449/360/279 451/362/281
f 451/362/281 450/361/280 448/358/277
f 450/361/280 452/363/282 447/356/275
f 446/354/273 447/356/275 452/363/282
f 453/364/251 455/350/252 454/365/283
f 456/366/284 454/365/153 457/367/154
f 453/364/251 458/368/254 455/350/252
f 459/369/255 458/368/254 453/364/251
f 461/370/268 463/329/269 462/371/285
f 463/329/269 464/336/286 462/371/285
f 465/372/287 462/371/285 464/336/286
f 461/370/268 462/371/285 466/373/272
f 463/329/269 461/370/268 467/374/288
f 467/374/288 468/330/289 463/329/269
f 468/330/289 467/374/288 469/375/290
f 469/375/290 470/332/239 468/330/289
f 471/376/291 467/374/288 461/370/268
f 461/370/268 472/377/273 471/376/291
f 472/377/273 461/370/268 466/373/272
f 473/378/151 471/376/291 472/377/273
f 475/379/39 474/380/267 477/381/292
f 475/379/39 477/381/292 476/382/265
f 477/381/292 474/380/267 478/383/108
f 476/382/265 477/381/292 479/384/263
f 476/382/265 479/384/263 460/385/259
f 478/383/108 480/386/264 477/381/292
f 479/384/263 477/381/292 480/386/264
f 460/385/259 479/384/263 481/387/258
f 460/385/259 481/387/258 459/369/255
f 459/369/255 481/387/258 458/368/254
f 481/387/258 479/384/263 482/388/262
f 480/386/264 482/388/262 479/384/263
f 482/388/262 483/389/260 481/387/258
f 458/368/254 481/387/258 483/389/260
f 483/389/260 484/390/256 458/368/254
f 455/350/252 458/368/254 484/390/256
f 484/390/256 485/352/293 455/350/252
f 487/391/280 473/378/151 488/392/275
f 472/377/273 488/392/275 473/378/151
f 486/393/294 487/391/280 489/394/277
f 488/392/275 489/394/277 487/391/280
f 488/392/275 472/377/273 490/395/295
f 472/377/273 466/373/272 490/395/295
f 489/394/277 488/392/275 491/396/276
f 488/392/275 490/395/295 491/396/276
f 489/394/277 492/397/279 486/393/294
f 492/397/279 489/394/277 493/398/296
f 489/394/277 491/396/276 493/398/296
f 452/363/282 494/399/291 446/354/273
f 438/349/268 446/354/273 494/399/291
f 494/399/291 495/400/237 438/349/268
f 440/350/269 438/349/268 495/400/237
f 495/400/237 496/365/297 440/350/269
f 499/401/123 500/402/298 501/403/299
f 501/403/299 500/402/298 502/404/300
f 503/405/301 499/401/123 501/403/299
f 502/404/300 504/406/302 501/403/299
f 503/405/301 501/403/299 505/407/303
f 501/403/299 504/406/302 505/407/303
f 505/407/303 498/408/304 503/405/301
f 506/409/305 504/406/302 502/404/300
f 504/406/302 507/410/306 505/407/303
f 504/406/302 506/409/305 507/410/306
f 498/408/304 505/407/303 508/411/307
f 505/407/303 507/410/306 509/412/308
f 509/412/308 508/411/307 505/407/303
f 508/411/307 510/413/309 498/408/304
f 508/411/307 511/414/310 510/413/309
f 511/414/310 497/415/311 510/413/309
f 512/416/312 511/414/310 508/411/307
f 508/411/307 509/412/308 512/416/312
f 513/417/313 509/412/308 507/410/306
f 513/417/313 512/416/312 509/412/308
f 506/409/305 514/418/314 507/410/306
f 507/410/306 514/418/314 513/417/313
f 506/409/305 515/419/315 514/418/314
f 506/409/305 516/420/316 515/419/315
f 517/421/317 515/419/315 516/420/316
f 515/419/315 518/422/318 514/418/314
f 515/419/315 517/421/317 518/422/318
f 519/423/319 513/417/313 514/418/314
f 514/418/314 518/422/318 519/423/319
f 517/421/317 520/424/320 518/422/318
f 517/421/317 521/425/321 520/424/320
f 521/425/321 522/426/322 520/424/320
f 518/422/318 520/424/320 523/427/323
f 523/427/323 519/423/319 518/422/318
f 520/424/320 522/426/322 524/428/324
f 524/428/324 523/427/323 520/424/320
f 525/429/325 524/428/324 522/426/322
f 513/417/313 519/423/319 526/430/326
f 526/430/326 519/423/319 523/427/323
f 526/430/326 527/431/327 513/417/313
f 512/416/312 513/417/313 527/431/327
f 526/430/326 523/427/323 528/432/328
f 529/433/329 528/432/328 523/427/323
f 523/427/323 524/428/324 529/433/329
f 530/434/330 532/435/331 531/436/332
f 532/435/331 533/437/333 531/436/332
f 530/434/330 531/436/332 534/438/334
f 531/436/332 533/437/333 535/439/335
f 534/438/334 531/436/332 535/439/335
f 533/437/333 536/440/336 535/439/335
f 537/441/337 530/434/330 534/438/334
f 537/441/337 534/438/334 538/442/338
f 539/443/339 537/441/337 538/442/338
f 535/439/335 540/444/340 534/438/334
f 539/443/339 538/442/338 541/411/341
f 542/407/342 539/443/339 541/411/341
f 534/438/334 543/445/343 538/442/338
f 534/438/334 540/444/340 543/445/343
f 541/411/341 538/442/338 543/445/343
f 544/408/344 542/407/342 541/411/341
f 541/411/341 545/413/309 544/408/344
f 545/413/309 541/411/341 547/414/345
f 543/445/343 547/414/345 541/411/341
f 547/414/345 546/415/311 545/413/309
f 549/446/346 548/447/296 525/429/325
f 552/448/347 551/449/348 553/450/349
f 554/451/350 552/448/347 553/450/349
f 555/452/351 554/451/350 553/450/349
f 553/450/349 556/453/352 555/452/351
f 558/454/353 555/452/351 556/453/352
f 556/453/352 559/435/354 558/454/353
f 560/455/166 557/456/355 555/452/351
f 555/452/351 558/454/353 560/455/166
f 561/457/356 558/454/353 559/435/354
f 560/455/166 558/454/353 561/457/356
f 559/435/354 562/434/357 561/457/356
f 563/458/358 561/457/356 562/434/357
f 562/434/357 564/441/359 563/458/358
f 561/457/356 563/458/358 565/459/360
f 566/460/361 563/458/358 564/441/359
f 565/459/360 563/458/358 566/460/361
f 564/441/359 567/443/362 566/460/361
f 561/457/356 568/461/363 560/455/166
f 565/459/360 568/461/363 561/457/356
f 569/462/364 566/460/361 567/443/362
f 567/443/362 570/463/365 569/462/364
f 569/462/364 570/463/365 571/464/366
f 571/464/366 572/465/367 569/462/364
f 572/465/367 573/466/123 569/462/364
f 566/460/361 574/467/368 565/459/360
f 574/467/368 566/460/361 569/462/364
f 569/462/364 575/468/369 574/467/368
f 573/466/123 575/468/369 569/462/364
f 580/469/341 579/470/309 576/464/370
f 577/471/311 579/470/309 580/469/341
f 576/464/370 581/463/365 580/469/341
f 581/463/365 582/443/362 580/469/341
f 580/469/341 583/472/345 577/471/311
f 582/443/362 584/442/338 580/469/341
f 582/443/362 585/441/359 584/442/338
f 586/445/343 583/472/345 580/469/341
f 580/469/341 584/442/338 586/445/343
f 585/441/359 587/438/334 584/442/338
f 585/441/359 588/434/371 587/438/334
f 589/444/340 586/445/343 584/442/338
f 584/442/338 587/438/334 589/444/340
f 588/434/371 590/436/332 587/438/334
f 590/436/332 589/444/340 587/438/334
f 588/434/371 591/435/354 590/436/332
f 590/436/332 592/439/335 589/444/340
f 593/440/336 592/439/335 590/436/332
f 597/432/328 595/428/372 596/433/329
f 597/432/328 598/427/323 595/428/372
f 599/416/373 601/417/313 600/431/327
f 602/430/326 600/431/327 601/417/313
f 602/430/326 598/427/323 597/432/328
f 601/417/313 603/423/319 602/430/326
f 602/430/326 603/423/319 598/427/323
f 603/423/319 601/417/313 604/418/314
f 605/410/374 604/418/314 601/417/313
f 606/409/305 604/418/314 605/410/374
f 604/418/314 607/422/318 603/423/319
f 598/427/323 603/423/319 607/422/318
f 606/409/305 608/419/315 604/418/314
f 608/419/315 607/422/318 604/418/314
f 606/409/305 609/420/316 608/419/315
f 610/421/317 608/419/315 609/420/316
f 608/419/315 610/421/317 607/422/318
f 609/420/316 611/473/375 610/421/317
f 612/425/376 610/421/317 611/473/375
f 610/421/317 613/424/377 607/422/318
f 610/421/317 612/425/376 613/424/377
f 607/422/318 613/424/377 598/427/323
f 612/425/376 614/426/378 613/424/377
f 595/428/372 598/427/323 613/424/377
f 613/424/377 614/426/378 595/428/372
f 617/450/379 615/449/380 616/474/381
f 616/474/381 618/475/382 617/450/379
f 620/476/383 619/477/384 593/440/336
f 617/450/379 618/475/382 620/476/383
f 621/453/352 617/450/379 620/476/383
f 593/440/336 622/437/333 620/476/383
f 621/453/352 620/476/383 622/437/333
f 590/436/332 622/437/333 593/440/336
f 591/435/354 621/453/352 622/437/333
f 591/435/354 622/437/333 590/436/332
f 624/403/385 623/402/386 578/404/300
f 578/404/300 626/406/302 624/403/385
f 624/403/385 626/406/302 627/407/387
f 578/404/300 625/478/388 606/409/305
f 606/409/305 626/406/302 578/404/300
f 606/409/305 625/478/388 609/420/316
f 626/406/302 605/410/374 627/407/387
f 626/406/302 606/409/305 605/410/374
f 627/407/387 605/410/374 628/412/308
f 628/412/308 629/411/389 627/407/387
f 601/417/313 628/412/308 605/410/374
f 629/411/389 628/412/308 599/416/373
f 601/417/313 599/416/373 628/412/308
f 599/416/373 630/414/390 629/411/389
f 611/473/375 631/479/391 612/425/376
f 612/425/376 632/480/392 614/426/378
f 632/480/392 633/481/294 634/446/346
f 634/446/346 635/482/393 632/480/392
f 632/480/392 635/482/393 614/426/378
f 635/482/393 634/446/346 594/429/394
f 614/426/378 635/482/393 594/429/394
f 634/446/346 636/447/278 594/429/394
f 594/429/394 595/428/372 614/426/378
f 638/448/395 637/449/380 639/450/349
f 640/451/162 638/448/395 639/450/349
f 641/452/351 640/451/162 639/450/349
f 639/450/349 642/453/396 641/452/351
f 644/454/353 641/452/351 642/453/396
f 643/456/397 641/452/351 644/454/353
f 642/453/396 645/435/398 644/454/353
f 646/457/356 644/454/353 645/435/398
f 645/435/398 647/434/330 646/457/356
f 648/455/399 643/456/397 644/454/353
f 644/454/353 646/457/356 649/461/400
f 649/461/400 648/455/399 644/454/353
f 650/458/358 646/457/356 647/434/330
f 649/461/400 646/457/356 650/458/358
f 647/434/330 651/441/401 650/458/358
f 652/460/361 650/458/358 651/441/401
f 651/441/401 653/443/402 652/460/361
f 650/458/358 654/459/360 649/461/400
f 650/458/358 652/460/361 655/467/403
f 655/467/403 654/459/360 650/458/358
f 656/403/364 652/460/361 653/443/402
f 655/467/403 652/460/361 656/403/364
f 653/443/402 657/407/404 656/403/364
f 658/405/301 656/403/364 657/407/404
f 657/407/404 659/408/344 658/405/301
f 658/405/301 660/401/123 656/403/364
f 656/403/364 661/402/369 655/467/403
f 660/401/123 661/402/369 656/403/364
f 662/477/405 536/440/336 533/437/333
f 533/437/333 663/476/383 662/477/405
f 665/450/379 664/475/406 663/476/383
f 666/453/407 665/450/379 663/476/383
f 666/453/407 663/476/383 533/437/333
f 667/474/381 664/475/406 665/450/379
f 665/450/379 668/449/408 667/474/381
f 532/435/331 666/453/407 533/437/333
f 669/480/409 550/481/294 549/446/346
f 549/446/346 670/482/410 669/480/409
f 670/482/410 549/446/346 525/429/325
f 669/480/409 670/482/410 522/426/322
f 522/426/322 670/482/410 525/429/325
f 521/425/321 669/480/409 522/426/322
f 517/421/317 671/479/220 521/425/321
f 517/421/317 672/473/375 671/479/220
f 516/420/316 672/473/375 517/421/317
f 506/409/305 673/478/388 516/420/316
f 502/404/300 673/478/388 506/409/305
f 680/276/411 682/483/412 676/275/413
f 683/484/412 679/277/414 681/279/415
f 680/276/411 679/277/414 683/484/412
f 675/485/416 676/275/413 682/483/412
f 684/274/417 682/483/412 680/276/411
f 683/484/412 684/274/417 680/276/411
f 682/483/412 685/486/418 675/485/416
f 675/485/416 685/486/418 674/487/419
f 684/274/417 686/488/420 682/483/412
f 685/486/418 682/483/412 686/488/420
f 683/484/412 687/266/421 684/274/417
f 687/266/421 686/488/420 684/274/417
f 685/486/418 688/489/422 674/487/419
f 686/488/420 689/269/423 685/486/418
f 685/486/418 689/269/423 688/489/422
f 689/269/423 690/270/424 688/489/422
f 687/266/421 683/484/412 691/263/28
f 691/263/28 683/484/412 693/490/425
f 691/263/28 693/490/425 692/262/426
f 683/484/412 681/279/415 693/490/425
f 693/490/425 681/279/415 695/491/427
f 693/490/425 695/491/427 696/260/428
f 692/262/426 693/490/425 696/260/428
f 697/261/429 695/491/427 677/492/372
f 696/260/428 695/491/427 697/261/429
f 677/492/372 678/493/430 697/261/429
f 698/130/431 697/261/429 678/493/430
f 699/258/432 697/261/429 698/130/431
f 697/261/429 699/258/432 696/260/428
f 698/130/431 700/138/432 699/258/432
f 701/256/433 699/258/432 700/138/432
f 696/260/428 699/258/432 701/256/433
f 700/138/432 702/137/434 701/256/433
f 696/260/428 703/259/435 692/262/426
f 701/256/433 703/259/435 696/260/428
f 704/255/436 701/256/433 702/137/434
f 703/259/435 701/256/433 704/255/436
f 704/255/436 694/257/437 703/259/435
f 702/137/434 705/254/438 704/255/436
f 709/285/261 710/148/439 707/146/440
f 709/285/261 711/149/441 710/148/439
f 712/286/442 709/285/261 706/284/443
f 706/284/443 708/283/444 712/286/442
f 709/285/261 713/494/441 711/149/441
f 712/286/442 713/494/441 709/285/261
f 713/494/441 714/151/445 711/149/441
f 712/286/442 708/283/444 715/143/446
f 712/286/442 716/289/441 713/494/441
f 715/143/446 717/282/447 712/286/442
f 716/289/441 712/286/442 717/282/447
f 717/282/447 715/143/446 718/142/448
f 718/142/448 719/141/449 717/282/447
f 719/141/449 718/142/448 720/140/450
f 721/315/451 722/313/452 723/316/453
f 724/317/454 721/315/451 723/316/453
f 724/317/454 728/323/453 725/320/343
f 727/326/455 725/320/343 728/323/453
f 724/317/454 729/321/456 728/323/453
f 723/316/453 729/321/456 724/317/454
f 728/323/453 730/325/457 727/326/455
f 727/326/455 730/325/457 726/327/419
f 729/321/456 731/324/458 728/323/453
f 730/325/457 728/323/453 731/324/458
f 723/316/453 732/495/459 729/321/456
f 729/321/456 732/495/459 731/324/458
f 723/316/453 733/319/460 732/495/459
f 730/325/457 734/112/422 726/327/419
f 731/324/458 735/113/461 730/325/457
f 730/325/457 735/113/461 734/112/422
f 735/113/461 736/111/424 734/112/422
f 739/114/287 737/118/462 738/496/463
f 738/496/463 740/115/464 739/114/287
f 741/122/465 737/118/462 739/114/287
f 742/497/441 739/114/287 740/115/464
f 740/115/464 743/116/441 742/497/441
f 739/114/287 744/117/466 741/122/465
f 744/117/466 739/114/287 742/497/441
f 742/497/441 743/116/441 745/120/467
f 745/120/467 746/121/468 742/497/441
f 746/121/468 745/120/467 747/205/469
f 746/121/468 748/253/470 749/252/471
f 750/123/441 742/497/441 746/121/468
f 742/497/441 750/123/441 744/117/466
f 749/252/471 751/135/472 746/121/468
f 746/121/468 751/135/472 750/123/441
f 751/135/472 749/252/471 752/139/473
f 750/123/441 751/135/472 753/133/474
f 752/139/473 753/133/474 751/135/472
f 753/133/474 752/139/473 754/136/475
f 753/133/474 755/129/476 750/123/441
f 744/117/466 750/123/441 755/129/476
f 754/136/475 756/498/477 753/133/474
f 755/129/476 753/133/474 756/498/477
f 702/137/434 756/498/477 754/136/475
f 754/136/475 705/254/438 702/137/434
f 756/498/477 757/132/428 755/129/476
f 755/129/476 758/126/478 744/117/466
f 758/126/478 755/129/476 757/132/428
f 700/138/432 757/132/428 756/498/477
f 756/498/477 702/137/434 700/138/432
f 757/132/428 759/127/479 758/126/478
f 757/132/428 700/138/432 698/130/431
f 698/130/431 759/127/479 757/132/428
f 744/117/466 758/126/478 760/124/480
f 760/124/480 741/122/465 744/117/466
f 758/126/478 759/127/479 761/125/481
f 761/125/481 760/124/480 758/126/478
f 762/128/482 761/125/481 759/127/479
f 759/127/479 698/130/431 762/128/482
f 678/493/430 762/128/482 698/130/431
f 766/499/457 764/500/461 763/501/15
f 765/502/458 764/500/461 766/499/457
f 763/501/15 768/503/483 766/499/457
f 766/499/457 768/503/483 767/504/419
f 770/146/463 772/148/464 771/144/287
f 771/144/287 772/148/464 773/149/484
f 774/150/465 769/145/462 771/144/287
f 773/149/484 775/505/441 771/144/287
f 776/506/455 766/499/457 767/504/419
f 778/228/456 766/499/457 776/506/455
f 776/506/455 777/227/485 778/228/456
f 766/499/457 778/228/456 765/502/458
f 780/230/456 778/228/456 777/227/485
f 777/227/485 779/225/486 780/230/456
f 781/242/459 765/502/458 778/228/456
f 778/228/456 780/230/456 781/242/459
f 782/223/456 780/230/456 779/225/486
f 782/223/456 781/242/459 780/230/456
f 779/225/486 783/224/487 782/223/456
f 782/223/456 785/243/460 781/242/459
f 786/244/488 785/243/460 782/223/456
f 787/221/489 782/223/456 783/224/487
f 782/223/456 787/221/489 786/244/488
f 783/224/487 784/222/490 787/221/489
f 788/245/491 786/244/488 787/221/489
f 787/221/489 789/220/492 788/245/491
f 789/220/492 787/221/489 784/222/490
f 791/161/475 793/163/477 792/160/474
f 794/162/428 792/160/474 793/163/477
f 793/163/477 795/167/493 794/162/428
f 797/164/434 793/163/477 791/161/475
f 791/161/475 796/165/494 797/164/434
f 798/168/432 795/167/493 793/163/477
f 793/163/477 797/164/434 798/168/432
f 795/167/493 798/168/432 799/171/431
f 797/164/434 796/165/494 800/169/495
f 800/169/495 802/170/433 797/164/434
f 798/168/432 797/164/434 802/170/433
f 800/169/495 801/173/437 803/174/435
f 803/174/435 802/170/433 800/169/495
f 802/170/433 805/237/428 798/168/432
f 799/171/431 798/168/432 805/237/428
f 802/170/433 803/174/435 806/175/428
f 806/175/428 805/237/428 802/170/433
f 805/237/428 807/235/429 799/171/431
f 807/235/429 805/237/428 806/175/428
f 799/171/431 807/235/429 808/238/325
f 809/236/372 808/238/325 807/235/429
f 806/175/428 810/234/427 807/235/429
f 807/235/429 810/234/427 809/236/372
f 811/233/496 810/234/427 806/175/428
f 812/177/497 806/175/428 803/174/435
f 806/175/428 812/177/497 811/233/496
f 803/174/435 804/176/426 812/177/497
f 813/179/417 811/233/496 812/177/497
f 813/179/417 812/177/497 804/176/426
f 804/176/426 814/178/498 813/179/417
f 816/180/499 813/179/417 814/178/498
f 816/180/499 815/182/500 817/183/412
f 817/183/412 818/181/412 816/180/499
f 813/179/417 816/180/499 818/181/412
f 818/181/412 817/183/412 819/507/501
f 819/507/501 820/185/502 818/181/412
f 813/179/417 818/181/412 820/185/502
f 820/185/502 821/232/414 813/179/417
f 813/179/417 821/232/414 811/233/496
f 825/217/503 823/250/450 822/249/504
f 827/216/449 824/251/448 823/250/450
f 826/202/446 824/251/448 827/216/449
f 823/250/450 825/217/503 827/216/449
f 827/216/449 829/199/447 826/202/446
f 832/194/442 828/198/444 826/202/446
f 826/202/446 829/199/447 832/194/442
f 828/198/444 833/192/505 830/195/506
f 831/496/440 830/195/506 833/192/505
f 828/198/444 832/194/442 833/192/505
f 833/192/505 834/115/439 831/496/440
f 834/115/439 833/192/505 835/508/441
f 832/194/442 835/508/441 833/192/505
f 835/508/441 836/116/441 834/115/439
f 835/508/441 837/120/445 836/116/441
f 835/508/441 838/196/507 837/120/445
f 838/196/507 839/205/508 837/120/445
f 832/194/442 840/197/441 835/508/441
f 840/197/441 838/196/507 835/508/441
f 841/211/492 840/197/441 832/194/442
f 832/194/442 829/199/447 841/211/492
f 843/203/509 842/204/510 838/196/507
f 838/196/507 844/200/511 843/203/509
f 840/197/441 844/200/511 838/196/507
f 845/206/512 843/203/509 844/200/511
f 846/201/513 844/200/511 840/197/441
f 844/200/511 846/201/513 845/206/512
f 840/197/441 841/211/492 846/201/513
f 847/207/514 845/206/512 846/201/513
f 848/208/515 846/201/513 841/211/492
f 846/201/513 848/208/515 847/207/514
f 847/207/514 848/208/515 850/209/516
f 850/209/516 849/210/517 847/207/514
f 841/211/492 851/212/489 848/208/515
f 851/212/489 841/211/492 829/199/447
f 829/199/447 827/216/449 851/212/489
f 851/212/489 827/216/449 825/217/503
f 848/208/515 851/212/489 852/213/518
f 825/217/503 852/213/518 851/212/489
f 852/213/518 850/209/516 848/208/515
f 853/214/519 849/210/517 850/209/516
f 854/215/520 850/209/516 852/213/518
f 850/209/516 854/215/520 853/214/519
f 855/248/489 852/213/518 825/217/503
f 852/213/518 855/248/489 854/215/520
f 825/217/503 856/246/521 855/248/489
f 822/249/504 856/246/521 825/217/503
f 856/246/521 822/249/504 790/247/115
f 790/247/115 788/245/491 856/246/521
f 856/246/521 788/245/491 789/220/492
f 789/220/492 855/248/489 856/246/521
f 854/215/520 855/248/489 789/220/492
f 789/220/492 857/218/522 854/215/520
f 853/214/519 854/215/520 857/218/522
f 784/222/490 857/218/522 789/220/492
f 857/218/522 858/219/523 853/214/519
f 819/507/501 860/509/412 859/510/524
f 817/183/412 860/509/412 819/507/501
f 817/183/412 861/511/525 860/509/412
f 815/182/500 861/511/525 817/183/412
f 864/239/526 863/240/527 865/172/479
f 865/172/479 863/240/527 862/155/295
f 808/238/325 864/239/526 799/171/431
f 865/172/479 799/171/431 864/239/526
f 862/155/295 866/166/528 865/172/479
f 867/152/529 866/166/528 862/155/295
f 862/155/295 774/150/465 867/152/529
f 771/144/287 867/152/529 774/150/465
f 867/152/529 771/144/287 775/505/441
f 866/166/528 867/152/529 868/154/441
f 775/505/441 868/154/441 867/152/529
f 865/172/479 866/166/528 794/162/428
f 868/154/441 794/162/428 866/166/528
f 794/162/428 795/167/493 865/172/479
f 799/171/431 865/172/479 795/167/493
f 792/160/474 794/162/428 868/154/441
f 869/158/472 868/154/441 775/505/441
f 868/154/441 869/158/472 792/160/474
f 775/505/441 870/153/468 869/158/472
f 870/153/468 775/505/441 773/149/484
f 773/149/484 871/151/530 870/153/468
f 870/153/468 871/151/530 872/512/531
f 873/156/532 869/158/472 870/153/468
f 792/160/474 869/158/472 873/156/532
f 872/512/531 874/157/533 870/153/468
f 870/153/468 874/157/533 873/156/532
f 873/156/532 875/159/534 792/160/474
f 792/160/474 875/159/534 791/161/475
f 878/295/503 720/140/450 876/298/535
f 720/140/450 878/295/503 719/141/449
f 881/314/489 879/513/536 733/319/460
f 882/304/489 880/514/491 879/513/536
f 879/513/536 881/314/489 882/304/489
f 877/301/537 880/514/491 883/300/521
f 883/300/521 880/514/491 882/304/489
f 883/300/521 876/298/535 877/301/537
f 876/298/535 883/300/521 878/295/503
f 882/304/489 884/302/489 883/300/521
f 878/295/503 883/300/521 884/302/489
f 882/304/489 881/314/489 722/313/452
f 723/316/453 881/314/489 733/319/460
f 722/313/452 881/314/489 723/316/453
f 722/313/452 885/307/522 882/304/489
f 884/302/489 882/304/489 885/307/522
f 884/302/489 886/297/489 878/295/503
f 885/307/522 887/305/520 884/302/489
f 886/297/489 884/302/489 887/305/520
f 878/295/503 886/297/489 888/293/489
f 887/305/520 885/307/522 889/310/538
f 888/293/489 719/141/449 878/295/503
f 887/305/520 890/306/516 886/297/489
f 888/293/489 886/297/489 890/306/516
f 889/310/538 891/308/539 887/305/520
f 890/306/516 887/305/520 891/308/539
f 891/308/539 892/309/517 890/306/516
f 890/306/516 892/309/517 893/299/514
f 893/299/514 894/515/515 890/306/516
f 890/306/516 894/515/515 888/293/489
f 896/292/513 894/515/515 893/299/514
f 893/299/514 895/311/512 896/292/513
f 897/290/489 888/293/489 894/515/515
f 894/515/515 896/292/513 897/290/489
f 719/141/449 888/293/489 897/290/489
f 897/290/489 717/282/447 719/141/449
f 717/282/447 897/290/489 716/289/441
f 716/289/441 897/290/489 896/292/513
f 898/291/511 896/292/513 895/311/512
f 896/292/513 898/291/511 716/289/441
f 895/311/512 899/294/540 898/291/511
f 716/289/441 898/291/511 900/288/507
f 900/288/507 898/291/511 899/294/540
f 716/289/441 900/288/507 713/494/441
f 713/494/441 900/288/507 714/151/445
f 899/294/540 901/312/510 900/288/507
f 714/151/445 900/288/507 901/312/510
f 901/312/510 902/512/508 714/151/445
f 903/516/541 905/517/542 904/518/49
f 903/516/541 907/519/543 906/520/304
f 906/520/304 905/517/542 903/516/541
f 907/519/543 908/521/544 906/520/304
f 908/521/544 909/522/367 906/520/304
f 906/520/304 910/523/545 905/517/542
f 904/518/49 905/517/542 911/524/546
f 911/524/546 912/525/547 904/518/49
f 912/525/547 913/526/548 904/518/49
f 918/527/304 919/528/545 920/529/542
f 920/529/542 921/530/546 922/531/547
f 922/531/547 923/532/549 920/529/542
f 922/531/547 925/533/49 923/532/549
f 922/531/547 924/534/548 925/533/49
f 925/533/49 926/535/51 923/532/549
f 929/536/550 928/336/551 930/329/552
f 929/536/550 931/537/553 928/336/551
f 928/336/551 931/537/553 927/538/468
f 932/539/554 931/537/553 929/536/550
f 932/539/554 933/540/471 931/537/553
f 934/541/555 933/540/471 932/539/554
f 934/541/555 935/542/556 933/540/471
f 936/543/557 935/542/556 934/541/555
f 936/543/557 937/544/558 935/542/556
f 936/543/557 938/545/559 937/544/558
f 937/544/558 938/545/559 914/546/560
f 940/547/561 939/332/562 941/330/563
f 941/330/563 943/329/564 942/548/565
f 944/549/566 941/330/563 942/548/565
f 941/330/563 944/549/566 940/547/561
f 944/549/566 942/548/565 945/550/567
f 946/551/568 944/549/566 945/550/567
f 946/551/568 945/550/567 947/552/569
f 948/553/570 946/551/568 947/552/569
f 948/553/570 947/552/569 949/554/571
f 950/555/572 948/553/570 949/554/571
f 950/555/572 949/554/571 951/556/573
f 952/557/395 950/555/572 951/556/573
f 954/558/574 953/559/301 955/560/304
f 957/561/541 956/562/543 954/558/574
f 955/560/304 957/561/541 954/558/574
f 959/563/49 958/564/51 957/561/541
f 959/563/49 957/561/541 955/560/304
f 961/565/547 960/566/575 959/563/49
f 962/567/576 961/565/547 959/563/49
f 962/567/576 959/563/49 955/560/304
f 962/567/576 963/568/546 961/565/547
f 966/365/577 964/367/578 965/569/579
f 966/365/580 968/570/581 969/571/582
f 969/571/582 970/350/583 966/365/580
f 971/572/584 969/571/582 968/570/581
f 968/570/581 967/573/585 971/572/584
f 972/574/586 971/572/584 967/573/585
f 967/573/585 973/575/587 972/574/586
f 974/576/588 972/574/586 973/575/587
f 973/575/587 975/577/589 974/576/588
f 976/578/590 974/576/588 975/577/589
f 975/577/589 977/579/591 976/578/590
f 955/560/304 978/580/545 962/567/576
f 979/576/592 981/578/559 980/581/593
f 980/581/593 981/578/559 982/582/560
f 985/548/594 986/329/595 984/336/596
f 984/336/596 987/583/597 985/548/594
f 983/584/598 987/583/597 984/336/596
f 988/550/599 985/548/594 987/583/597
f 987/583/597 989/585/600 988/550/599
f 990/552/601 988/550/599 989/585/600
f 989/585/600 991/586/602 990/552/601
f 992/554/603 990/552/601 991/586/602
f 991/586/602 993/587/604 992/554/603
f 994/556/605 992/554/603 993/587/604
f 993/587/604 995/588/606 994/556/605
f 999/571/550 998/589/607 996/352/608
f 999/571/550 996/352/608 1000/350/552
f 1001/572/554 998/589/607 999/571/550
f 1001/572/554 997/590/609 998/589/607
f 1002/574/555 997/590/609 1001/572/554
f 1002/574/555 1003/591/556 997/590/609
f 979/576/592 1003/591/556 1002/574/555
f 979/576/592 980/581/593 1003/591/556
f 1005/592/566 915/367/610 1006/365/611
f 1005/592/566 1006/365/611 1007/593/565
f 1006/365/611 1008/350/564 1007/593/565
f 1005/592/566 1007/593/565 1009/594/612
f 1004/595/613 1005/592/566 1009/594/612
f 1004/595/613 1009/594/612 1010/596/614
f 917/597/570 1004/595/613 1010/596/614
f 917/597/570 1010/596/614 1011/598/615
f 916/599/572 917/597/570 1011/598/615
f 916/599/572 1011/598/615 1012/600/573
f 1013/601/395 916/599/572 1012/600/573
f 1015/602/544 1014/603/367 918/527/304
f 923/532/549 1016/604/543 1015/602/544
f 1015/602/544 918/527/304 920/529/542
f 920/529/542 923/532/549 1015/602/544
f 1019/605/604 1017/606/606 1018/600/605
f 1018/600/605 1020/598/603 1019/605/604
f 1021/607/602 1019/605/604 1020/598/603
f 1020/598/603 1022/596/616 1021/607/602
f 1023/608/509 1021/607/602 1022/596/616
f 1022/596/616 1024/594/612 1023/608/509
f 1025/609/597 1023/608/509 1024/594/612
f 1024/594/612 1026/593/594 1025/609/597
f 1027/352/596 1025/609/597 1026/593/594
f 1026/593/594 1028/350/595 1027/352/596
f 1031/330/577 1029/332/578 1030/610/617
f 1033/611/618 1034/612/591 1035/545/590
f 1035/545/590 1036/543/557 1033/611/618
f 1037/613/587 1033/611/618 1036/543/557
f 1036/543/557 1038/541/619 1037/613/587
f 1032/614/585 1037/613/587 1038/541/619
f 1038/541/619 1039/539/620 1032/614/585
f 1040/615/621 1032/614/585 1039/539/620
f 1039/539/620 1041/536/582 1040/615/621
f 1040/615/621 1031/330/577 1030/610/617
f 1031/330/577 1040/615/621 1041/536/582
f 1041/536/582 1042/329/583 1031/330/577
f 904/518/49 1043/616/51 903/516/541
f 1044/617/622 1046/618/623 1045/619/624
f 1045/619/624 1047/620/625 1044/617/622
f 1048/621/626 1044/617/622 1047/620/625
f 1047/620/625 1049/622/627 1048/621/626
f 1050/623/628 1048/621/626 1049/622/627
f 1049/622/627 1051/624/629 1050/623/628
f 1052/625/630 1050/623/628 1051/624/629
f 1051/624/629 1053/626/631 1052/625/630
f 1053/626/631 1055/627/632 1054/628/633
f 1054/628/633 1052/625/630 1053/626/631
f 1058/629/634 1057/630/635 1056/627/636
f 1056/627/636 1059/626/631 1058/629/634
f 1059/626/631 1060/624/629 1058/629/634
f 1060/624/629 1061/631/637 1058/629/634
f 1060/624/629 1062/622/627 1061/631/637
f 1062/622/627 1063/632/638 1061/631/637
f 1062/622/627 1064/620/639 1063/632/638
f 1064/620/639 1065/633/640 1063/632/638
f 1064/620/639 1066/619/641 1065/633/640
f 1066/619/641 1067/634/642 1065/633/640
f 1066/619/641 1068/635/643 1067/634/642
f 1068/635/643 1069/636/644 1067/634/642
f 1072/628/633 1071/625/645 1074/626/646
f 1071/625/645 1073/637/647 1074/626/646
f 1074/626/646 1070/627/636 1072/628/633
f 1073/637/647 1076/638/648 1074/626/646
f 1073/637/647 1075/639/649 1076/638/648
f 1070/627/636 1074/626/646 1077/629/650
f 1074/626/646 1076/638/648 1078/640/651
f 1078/640/651 1077/629/650 1074/626/646
f 1077/629/650 1079/630/635 1070/627/636
f 1080/641/652 1078/640/651 1076/638/648
f 1075/639/649 1081/642/653 1076/638/648
f 1076/638/648 1081/642/653 1080/641/652
f 1075/639/649 1082/643/654 1081/642/653
f 1082/643/654 1084/644/655 1081/642/653
f 1082/643/654 1083/645/656 1084/644/655
f 1085/646/657 1080/641/652 1081/642/653
f 1081/642/653 1084/644/655 1085/646/657
f 1083/645/656 1086/647/658 1084/644/655
f 1083/645/656 1087/648/659 1086/647/658
f 1087/648/659 1088/649/660 1086/647/658
f 1084/644/655 1086/647/658 1089/650/661
f 1089/650/661 1085/646/657 1084/644/655
f 1086/647/658 1088/649/660 1090/651/662
f 1090/651/662 1089/650/661 1086/647/658
f 1046/618/623 1091/652/663 1092/635/664
f 1092/635/664 1045/619/624 1046/618/623
f 1095/653/665 1094/654/666 1093/655/667
f 1093/655/667 1096/656/668 1097/657/669
f 1097/657/669 1096/656/668 1098/658/670
f 1093/655/667 1100/659/671 1095/653/665
f 1097/657/669 1100/659/671 1093/655/667
f 1098/658/670 1102/660/672 1097/657/669
f 1102/660/672 1098/658/670 1099/661/673
f 1101/662/674 1103/663/675 1099/661/673
f 1104/664/676 1095/653/665 1100/659/671
f 1105/665/677 1100/659/671 1097/657/669
f 1100/659/671 1105/665/677 1104/664/676
f 1104/664/676 1106/666/678 1095/653/665
f 1107/667/679 1106/666/678 1104/664/676
f 1103/663/675 1108/668/680 1099/661/673
f 1099/661/673 1108/668/680 1102/660/672
f 1103/663/675 1109/669/681 1108/668/680
f 1102/660/672 1108/668/680 1110/670/677
f 1109/669/681 1110/670/677 1108/668/680
f 1109/669/681 1111/671/682 1110/670/677
f 1111/671/682 1112/672/683 1113/673/684
f 1112/672/683 1114/674/685 1113/673/684
f 1111/671/682 1113/673/684 1110/670/677
f 1116/675/677 1110/670/677 1113/673/684
f 1117/676/686 1113/673/684 1114/674/685
f 1114/674/685 1115/677/687 1117/676/686
f 1113/673/684 1117/676/686 1116/675/677
f 1110/670/677 1116/675/677 1102/660/672
f 1117/676/686 1115/677/687 1118/678/688
f 1102/660/672 1116/675/677 1119/679/677
f 1119/679/677 1097/657/669 1102/660/672
f 1116/675/677 1117/676/686 1120/680/689
f 1120/680/689 1119/679/677 1116/675/677
f 1118/678/688 1120/680/689 1117/676/686
f 1097/657/669 1119/679/677 1105/665/677
f 1105/665/677 1119/679/677 1120/680/689
f 1121/681/690 1120/680/689 1118/678/688
f 1120/680/689 1121/681/690 1105/665/677
f 1118/678/688 1122/682/691 1121/681/690
f 1125/683/675 1124/684/681 1126/685/692
f 1125/683/675 1126/685/692 1127/686/693
f 1127/686/693 1126/685/692 1128/687/694
f 1129/688/695 1125/683/675 1127/686/693
f 1128/687/694 1130/689/696 1127/686/693
f 1131/690/697 1130/689/696 1128/687/694
f 1131/690/697 1133/691/698 1132/692/699
f 1134/693/656 1132/692/699 1133/691/698
f 1136/694/700 1139/695/701 1140/696/702
f 1141/697/703 1140/696/702 1139/695/701
f 1140/696/702 1142/698/704 1136/694/700
f 1137/699/705 1136/694/700 1142/698/704
f 1138/700/706 1137/699/705 1143/701/707
f 1142/698/704 1143/701/707 1137/699/705
f 1143/701/707 1107/667/679 1138/700/706
f 1107/667/679 1143/701/707 1106/666/678
f 1142/698/704 1144/702/708 1143/701/707
f 1143/701/707 1144/702/708 1106/666/678
f 1142/698/704 1145/703/678 1144/702/708
f 1106/666/678 1144/702/708 1146/704/709
f 1145/703/678 1146/704/709 1144/702/708
f 1105/665/677 1121/681/690 1148/705/710
f 1148/705/710 1104/664/676 1105/665/677
f 1121/681/690 1122/682/691 1149/706/711
f 1149/706/711 1148/705/710 1121/681/690
f 1148/705/710 1107/667/679 1104/664/676
f 1107/667/679 1148/705/710 1149/706/711
f 1149/706/711 1138/700/706 1107/667/679
f 1151/707/712 1153/708/713 1150/709/714
f 1152/710/715 1150/709/714 1153/708/713
f 1156/711/716 1154/712/717 1155/713/718
f 1156/711/716 1155/713/718 1157/714/719
f 1158/715/720 1156/711/716 1157/714/719
f 1158/715/720 1157/714/719 1159/716/721
f 1147/717/722 1154/712/717 1156/711/716
f 1158/715/720 1159/716/721 1160/718/723
f 1156/711/716 1161/719/724 1147/717/722
f 1161/719/724 1156/711/716 1158/715/720
f 1160/718/723 1162/720/725 1158/715/720
f 1162/720/725 1160/718/723 1163/721/726
f 1158/715/720 1164/722/721 1161/719/724
f 1164/722/721 1158/715/720 1162/720/725
f 1141/697/703 1147/717/722 1161/719/724
f 1166/723/727 1162/720/725 1165/724/728
f 1162/720/725 1166/723/727 1167/725/729
f 1162/720/725 1167/725/729 1164/722/721
f 1168/726/730 1167/725/729 1166/723/727
f 1167/725/729 1168/726/730 1170/727/731
f 1167/725/729 1170/727/731 1164/722/721
f 1168/726/730 1169/728/732 1170/727/731
f 1164/722/721 1170/727/731 1171/729/733
f 1164/722/721 1171/729/733 1161/719/724
f 1170/727/731 1169/728/732 1172/730/734
f 1170/727/731 1172/730/734 1171/729/733
f 1174/731/735 1172/730/734 1169/728/732
f 1169/728/732 1173/732/736 1174/731/735
f 1161/719/724 1171/729/733 1175/733/737
f 1161/719/724 1175/733/737 1141/697/703
f 1171/729/733 1172/730/734 1176/734/678
f 1171/729/733 1176/734/678 1175/733/737
f 1172/730/734 1174/731/735 1145/703/678
f 1145/703/678 1176/734/678 1172/730/734
f 1174/731/735 1173/732/736 1177/735/738
f 1145/703/678 1174/731/735 1146/704/709
f 1174/731/735 1177/735/738 1146/704/709
f 1176/734/678 1145/703/678 1142/698/704
f 1175/733/737 1176/734/678 1140/696/702
f 1142/698/704 1140/696/702 1176/734/678
f 1140/696/702 1141/697/703 1175/733/737
f 1177/735/738 1178/736/739 1179/737/740
f 1179/737/740 1146/704/709 1177/735/738
f 1095/653/665 1179/737/740 1178/736/739
f 1178/736/739 1094/654/666 1095/653/665
f 1146/704/709 1179/737/740 1106/666/678
f 1106/666/678 1179/737/740 1095/653/665
f 1153/708/713 1181/738/741 1152/710/715
f 1180/739/742 1152/710/715 1181/738/741
f 1183/713/743 1182/740/744 1184/741/745
f 1184/741/745 1182/740/744 1180/739/742
f 1184/741/745 1185/714/746 1183/713/743
f 1181/738/741 1186/742/747 1180/739/742
f 1184/741/745 1180/739/742 1186/742/747
f 1185/714/746 1184/741/745 1187/743/720
f 1187/743/720 1184/741/745 1186/742/747
f 1187/743/720 1188/716/720 1185/714/746
f 1189/718/748 1188/716/720 1187/743/720
f 1190/744/749 1189/718/748 1187/743/720
f 1191/745/721 1187/743/720 1186/742/747
f 1190/744/749 1187/743/720 1191/745/721
f 1192/746/750 1191/745/721 1186/742/747
f 1186/742/747 1181/738/741 1192/746/750
f 1193/747/751 1190/744/749 1191/745/721
f 1191/745/721 1192/746/750 1194/748/752
f 1194/748/752 1193/747/751 1191/745/721
f 1195/749/753 1192/746/750 1181/738/741
f 1181/738/741 1153/708/713 1195/749/753
f 1190/744/749 1193/747/751 1196/750/754
f 1196/750/754 1193/747/751 1194/748/752
f 1153/708/713 1197/751/755 1195/749/753
f 1153/708/713 1151/707/712 1197/751/755
f 1192/746/750 1195/749/753 1198/752/756
f 1198/752/756 1194/748/752 1192/746/750
f 1195/749/753 1199/753/753 1198/752/756
f 1195/749/753 1197/751/755 1199/753/753
f 1200/754/757 1197/751/755 1151/707/712
f 1194/748/752 1198/752/756 1201/755/758
f 1197/751/755 1200/754/757 1202/756/759
f 1135/757/760 1202/756/759 1200/754/757
f 1197/751/755 1202/756/759 1203/758/753
f 1203/758/753 1199/753/753 1197/751/755
f 1135/757/760 1204/759/761 1202/756/759
f 1205/760/762 1203/758/753 1202/756/759
f 1202/756/759 1204/759/761 1205/760/762
f 1199/753/753 1203/758/753 1206/761/763
f 1205/760/762 1206/761/763 1203/758/753
f 1206/761/763 1207/762/764 1199/753/753
f 1198/752/756 1199/753/753 1207/762/764
f 1198/752/756 1207/762/764 1201/755/758
f 1134/693/656 1204/759/761 1135/757/760
f 1206/761/763 1205/760/762 1208/763/765
f 1207/762/764 1206/761/763 1209/764/766
f 1208/763/765 1209/764/766 1206/761/763
f 1209/764/766 1210/765/767 1207/762/764
f 1201/755/758 1207/762/764 1210/765/767
f 1208/763/765 1211/766/768 1209/764/766
f 1201/755/758 1212/767/769 1194/748/752
f 1196/750/754 1194/748/752 1212/767/769
f 1196/750/754 1213/768/770 1190/744/749
f 1215/769/771 1214/770/772 1211/766/768
f 1215/769/771 1211/766/768 1208/763/765
f 1216/771/773 1214/770/772 1215/769/771
f 1215/769/771 1208/763/765 1205/760/762
f 1205/760/762 1217/772/774 1215/769/771
f 1217/772/774 1205/760/762 1204/759/761
f 1215/769/771 1218/773/775 1216/771/773
f 1218/773/775 1215/769/771 1217/772/774
f 1220/774/776 1216/771/773 1218/773/775
f 1220/774/776 1219/775/777 1216/771/773
f 1217/772/774 1221/776/778 1218/773/775
f 1220/774/776 1218/773/775 1221/776/778
f 1204/759/761 1222/777/779 1217/772/774
f 1221/776/778 1217/772/774 1222/777/779
f 1134/693/656 1222/777/779 1204/759/761
f 1223/778/780 1219/775/777 1220/774/776
f 1222/777/779 1133/691/698 1221/776/778
f 1133/691/698 1222/777/779 1134/693/656
f 1220/774/776 1225/779/781 1223/778/780
f 1224/780/782 1223/778/780 1225/779/781
f 1225/779/781 1220/774/776 1226/781/778
f 1221/776/778 1226/781/778 1220/774/776
f 1227/782/783 1221/776/778 1133/691/698
f 1227/782/783 1226/781/778 1221/776/778
f 1131/690/697 1227/782/783 1133/691/698
f 1226/781/778 1228/783/778 1225/779/781
f 1228/783/778 1226/781/778 1227/782/783
f 1227/782/783 1128/687/694 1228/783/778
f 1128/687/694 1227/782/783 1131/690/697
f 1225/779/781 1228/783/778 1229/784/778
f 1228/783/778 1128/687/694 1126/685/692
f 1126/685/692 1229/784/778 1228/783/778
f 1229/784/778 1230/785/784 1225/779/781
f 1225/779/781 1230/785/784 1224/780/782
f 1231/786/683 1224/780/782 1230/785/784
f 1123/787/682 1231/786/683 1230/785/784
f 1123/787/682 1230/785/784 1229/784/778
f 1124/684/681 1229/784/778 1126/685/692
f 1124/684/681 1123/787/682 1229/784/778
f 1233/788/785 1232/789/786 1234/790/787
f 1236/791/788 1235/792/681 1233/788/785
f 1233/788/785 1234/790/787 1237/793/789
f 1237/793/789 1236/791/788 1233/788/785
f 1234/790/787 1238/794/790 1237/793/789
f 1237/793/789 1239/795/791 1241/796/792
f 1240/797/793 1243/798/794 1242/799/644
f 1241/796/792 1244/800/795 1245/801/796
f 1241/796/792 1245/801/796 1236/791/788
f 1241/796/792 1236/791/788 1237/793/789
f 1245/801/796 1246/802/797 1236/791/788
f 1247/803/788 1249/804/789 1248/805/796
f 1247/803/788 1251/806/681 1250/807/632
f 1250/807/632 1249/804/789 1247/803/788
f 1251/806/681 1252/808/785 1250/807/632
f 1252/808/785 1253/809/633 1250/807/632
f 1250/807/632 1254/810/798 1249/804/789
f 1248/805/796 1249/804/789 1255/811/791
f 1255/811/791 1256/812/792 1248/805/796
f 1256/812/792 1257/813/799 1248/805/796
f 1260/814/800 1258/815/801 1259/816/802
f 1259/816/802 1261/817/803 1260/814/800
f 1262/818/804 1260/814/800 1261/817/803
f 1263/819/805 1265/820/806 1264/821/807
f 1264/821/807 1266/822/808 1263/819/805
f 1269/823/809 1263/819/805 1266/822/808
f 1266/822/808 1270/824/810 1269/823/809
f 1271/825/811 1269/823/809 1270/824/810
f 1267/826/812 1271/825/811 1268/827/813
f 1270/824/810 1272/828/814 1271/825/811
f 1268/827/813 1271/825/811 1272/828/814
f 1272/828/814 1273/829/815 1268/827/813
f 1243/798/794 1274/830/816 1242/799/644
f 1275/831/817 1274/830/816 1243/798/794
f 1243/798/794 1276/832/818 1275/831/817
f 1265/820/806 1275/831/817 1276/832/818
f 1276/832/818 1264/821/807 1265/820/806
f 1279/833/819 1278/827/820 1280/829/821
f 1279/833/819 1281/834/822 1278/827/820
f 1278/827/820 1281/834/822 1277/835/823
f 1282/836/824 1281/834/822 1279/833/819
f 1282/836/824 1283/837/825 1281/834/822
f 1284/838/826 1283/837/825 1282/836/824
f 1284/838/826 1285/839/827 1283/837/825
f 1286/840/828 1285/839/827 1284/838/826
f 1286/840/828 1287/841/829 1285/839/827
f 1286/840/828 1288/842/830 1287/841/829
f 1287/841/829 1288/842/830 1262/818/804
f 1288/842/830 1260/814/800 1262/818/804
f 1290/843/831 1292/829/832 1291/828/814
f 1293/844/833 1290/843/831 1291/828/814
f 1290/843/831 1293/844/833 1289/845/834
f 1293/844/833 1291/828/814 1294/824/835
f 1295/846/836 1293/844/833 1294/824/835
f 1295/846/836 1294/824/835 1296/822/837
f 1297/847/838 1295/846/836 1296/822/837
f 1297/847/838 1296/822/837 1298/821/839
f 1299/848/840 1297/847/838 1298/821/839
f 1299/848/840 1298/821/839 1300/832/841
f 1301/849/842 1299/848/840 1300/832/841
f 1301/849/842 1300/832/841 1302/798/843
f 1303/850/844 1301/849/842 1302/798/843
f 1304/851/845 1303/850/844 1302/798/843
f 1302/798/843 1305/797/793 1304/851/845
f 1308/843/846 1306/852/748 1307/853/847
f 1312/854/848 1311/855/849 1313/814/800
f 1310/856/850 1312/854/848 1314/842/830
f 1313/814/800 1314/842/830 1312/854/848
f 1314/842/830 1315/840/851 1310/856/850
f 1311/855/849 1316/857/852 1313/814/800
f 1313/814/800 1316/857/852 1317/815/853
f 1318/858/854 1310/856/850 1315/840/851
f 1315/840/851 1319/838/855 1318/858/854
f 1309/859/856 1318/858/854 1319/838/855
f 1319/838/855 1320/836/857 1309/859/856
f 1321/860/858 1309/859/856 1320/836/857
f 1320/836/857 1322/833/819 1321/860/858
f 1321/860/858 1308/843/846 1307/853/847
f 1308/843/846 1321/860/858 1322/833/819
f 1322/833/819 1323/829/859 1308/843/846
f 1248/805/796 1324/861/797 1247/803/788
f 1325/862/860 1329/863/861 1327/864/862
f 1329/863/861 1325/862/860 1328/865/863
f 1330/866/864 1327/864/862 1329/863/861
f 1331/867/865 1330/866/864 1332/868/866
f 1329/863/861 1332/868/866 1330/866/864
f 1333/869/867 1332/868/866 1329/863/861
f 1329/863/861 1328/865/863 1334/870/868
f 1329/863/861 1334/870/868 1333/869/867
f 1334/870/868 1328/865/863 1326/871/869
f 1335/872/870 1333/869/867 1334/870/868
f 1334/870/868 1326/871/869 1336/873/871
f 1334/870/868 1336/873/871 1335/872/870
f 1337/874/872 1335/872/870 1336/873/871
f 1340/862/873 1341/863/874 1339/864/862
f 1342/866/864 1339/864/862 1341/863/874
f 1343/875/875 1341/863/874 1340/862/873
f 1340/862/873 1344/876/876 1343/875/875
f 1345/877/877 1343/875/875 1344/876/876
f 1344/876/876 1346/878/878 1345/877/877
f 1347/879/879 1345/877/877 1346/878/878
f 1346/878/878 1348/880/880 1347/879/879
f 1349/881/881 1347/879/879 1348/880/880
f 1348/880/880 1350/882/882 1349/881/881
f 1351/883/801 1349/881/881 1350/882/882
f 1350/882/882 1352/884/883 1351/883/801
f 1355/885/304 1353/886/884 1354/887/885
f 1355/885/304 1354/887/885 1356/888/886
f 1336/873/871 1358/889/887 1337/874/872
f 1357/890/888 1337/874/872 1358/889/887
f 1336/873/871 1359/891/889 1358/889/887
f 1336/873/871 1326/871/869 1359/891/889
f 1358/889/887 1355/885/304 1357/890/888
f 1358/889/887 1359/891/889 1360/892/890
f 1358/889/887 1360/892/890 1355/885/304
f 1356/888/886 1357/890/888 1355/885/304
f 1355/885/304 1360/892/890 1353/886/884
f 1361/893/891 1363/894/892 1362/883/853
f 1362/883/853 1363/894/892 1364/881/893
f 1365/895/894 1364/881/893 1363/894/892
f 1365/895/894 1366/879/895 1364/881/893
f 1367/896/896 1366/879/895 1365/895/894
f 1367/896/896 1368/877/897 1366/879/895
f 1369/897/898 1368/877/897 1367/896/896
f 1369/897/898 1370/875/899 1368/877/897
f 1371/868/900 1370/875/899 1369/897/898
f 1371/868/900 1372/863/901 1370/875/899
f 1372/863/901 1371/868/900 1338/866/864
f 1373/867/902 1338/866/864 1371/868/900
f 1376/780/903 1377/785/904 1375/786/635
f 1377/785/904 1374/787/905 1375/786/635
f 1379/779/906 1377/785/904 1376/780/903
f 1376/780/903 1378/778/907 1379/779/906
f 1378/778/907 1380/775/908 1381/774/909
f 1381/774/909 1379/779/906 1378/778/907
f 1382/771/910 1381/774/909 1380/775/908
f 1379/779/906 1383/784/911 1377/785/904
f 1377/785/904 1383/784/911 1374/787/905
f 1383/784/911 1384/684/791 1374/787/905
f 1382/771/910 1385/770/912 1387/769/913
f 1387/769/913 1385/770/912 1388/766/914
f 1383/784/911 1389/685/915 1384/684/791
f 1389/685/915 1386/683/916 1384/684/791
f 1390/783/418 1389/685/915 1383/784/911
f 1390/783/418 1383/784/911 1379/779/906
f 1391/781/418 1390/783/418 1379/779/906
f 1379/779/906 1381/774/909 1391/781/418
f 1392/687/917 1389/685/915 1390/783/418
f 1390/783/418 1391/781/418 1393/782/918
f 1393/782/918 1392/687/917 1390/783/418
f 1394/776/418 1391/781/418 1381/774/909
f 1394/776/418 1393/782/918 1391/781/418
f 1392/687/917 1395/686/919 1389/685/915
f 1389/685/915 1395/686/919 1386/683/916
f 1392/687/917 1393/782/918 1396/690/920
f 1395/686/919 1397/688/862 1386/683/916
f 1398/689/921 1395/686/919 1392/687/917
f 1396/690/920 1398/689/921 1392/687/917
f 1400/674/922 1403/673/923 1402/672/635
f 1403/673/923 1399/671/924 1402/672/635
f 1404/676/925 1403/673/923 1400/674/922
f 1400/674/922 1401/677/926 1404/676/925
f 1405/678/927 1404/676/925 1401/677/926
f 1405/678/927 1406/682/657 1410/681/928
f 1410/681/928 1406/682/657 1407/706/929
f 1410/681/928 1411/680/930 1405/678/927
f 1404/676/925 1405/678/927 1411/680/930
f 1410/681/928 1407/706/929 1412/705/931
f 1411/680/930 1413/675/457 1404/676/925
f 1414/665/457 1410/681/928 1412/705/931
f 1411/680/930 1410/681/928 1414/665/457
f 1403/673/923 1404/676/925 1413/675/457
f 1415/679/457 1413/675/457 1411/680/930
f 1414/665/457 1415/679/457 1411/680/930
f 1413/675/457 1416/670/457 1403/673/923
f 1403/673/923 1416/670/457 1399/671/924
f 1415/679/457 1417/660/932 1413/675/457
f 1416/670/457 1413/675/457 1417/660/932
f 1414/665/457 1418/657/933 1415/679/457
f 1418/657/933 1417/660/932 1415/679/457
f 1416/670/457 1419/669/791 1399/671/924
f 1417/660/932 1420/668/934 1416/670/457
f 1416/670/457 1420/668/934 1419/669/791
f 1420/668/934 1421/663/916 1419/669/791
f 1420/668/934 1423/661/935 1421/663/916
f 1417/660/932 1423/661/935 1420/668/934
f 1423/661/935 1422/662/936 1421/663/916
f 1424/658/937 1423/661/935 1417/660/932
f 1418/657/933 1424/658/937 1417/660/932
f 1424/658/937 1418/657/933 1425/656/938
f 1426/655/939 1425/656/938 1418/657/933
f 1418/657/933 1427/898/940 1426/655/939
f 1418/657/933 1414/665/457 1427/898/940
f 1426/655/939 1427/898/940 1429/653/941
f 1426/655/939 1429/653/941 1428/654/942
f 1427/898/940 1414/665/457 1430/664/943
f 1427/898/940 1430/664/943 1429/653/941
f 1414/665/457 1412/705/931 1430/664/943
f 1431/736/944 1428/654/942 1429/653/941
f 1430/664/943 1412/705/931 1432/667/945
f 1432/667/945 1412/705/931 1407/706/929
f 1407/706/929 1408/700/946 1432/667/945
f 1430/664/943 1432/667/945 1433/666/947
f 1429/653/941 1430/664/943 1433/666/947
f 1434/701/948 1432/667/945 1408/700/946
f 1433/666/947 1432/667/945 1434/701/948
f 1408/700/946 1409/699/949 1434/701/948
f 1435/698/950 1434/701/948 1409/699/949
f 1436/702/951 1434/701/948 1435/698/950
f 1434/701/948 1436/702/951 1433/666/947
f 1435/698/950 1437/703/951 1436/702/951
f 1438/704/952 1436/702/951 1437/703/951
f 1433/666/947 1436/702/951 1438/704/952
f 1437/703/951 1439/731/953 1438/704/952
f 1433/666/947 1440/737/954 1429/653/941
f 1438/704/952 1440/737/954 1433/666/947
f 1429/653/941 1440/737/954 1431/736/944
f 1441/735/955 1438/704/952 1439/731/953
f 1440/737/954 1438/704/952 1441/735/955
f 1441/735/955 1431/736/944 1440/737/954
f 1439/731/953 1442/732/956 1441/735/955
f 1445/758/957 1447/753/958 1446/751/959
f 1446/751/959 1448/756/960 1445/758/957
f 1449/748/961 1450/752/962 1444/755/963
f 1444/755/963 1443/767/805 1449/748/961
f 1450/752/962 1451/749/958 1447/753/958
f 1446/751/959 1447/753/958 1451/749/958
f 1450/752/962 1449/748/961 1452/746/964
f 1452/746/964 1451/749/958 1450/752/962
f 1453/754/965 1448/756/960 1446/751/959
f 1448/756/960 1453/754/965 1454/757/966
f 1451/749/958 1455/708/967 1446/751/959
f 1451/749/958 1452/746/964 1456/738/968
f 1456/738/968 1455/708/967 1451/749/958
f 1457/707/969 1446/751/959 1455/708/967
f 1446/751/959 1457/707/969 1453/754/965
f 1455/708/967 1456/738/968 1458/710/970
f 1459/742/971 1456/738/968 1452/746/964
f 1458/710/970 1456/738/968 1459/742/971
f 1455/708/967 1460/709/972 1457/707/969
f 1458/710/970 1460/709/972 1455/708/967
f 1459/742/971 1461/739/973 1458/710/970
f 1461/739/973 1464/741/974 1462/740/975
f 1463/713/976 1462/740/975 1464/741/974
f 1461/739/973 1459/742/971 1464/741/974
f 1465/714/977 1464/741/974 1466/743/964
f 1459/742/971 1466/743/964 1464/741/974
f 1466/743/964 1467/716/964 1465/714/977
f 1466/743/964 1468/718/978 1467/716/964
f 1459/742/971 1469/745/964 1466/743/964
f 1452/746/964 1469/745/964 1459/742/971
f 1469/745/964 1452/746/964 1449/748/961
f 1466/743/964 1470/744/979 1468/718/978
f 1469/745/964 1470/744/979 1466/743/964
f 1470/744/979 1471/721/980 1468/718/978
f 1449/748/961 1472/747/981 1469/745/964
f 1469/745/964 1472/747/981 1470/744/979
f 1472/747/981 1449/748/961 1443/767/805
f 1443/767/805 1473/750/982 1472/747/981
f 1470/744/979 1472/747/981 1473/750/982
f 1473/750/982 1474/768/983 1470/744/979
f 1477/691/984 1475/692/889 1396/690/920
f 1476/693/985 1475/692/889 1477/691/984
f 1477/691/984 1396/690/920 1393/782/918
f 1394/776/418 1477/691/984 1393/782/918
f 1477/691/984 1478/777/986 1476/693/985
f 1478/777/986 1477/691/984 1394/776/418
f 1476/693/985 1478/777/986 1479/759/987
f 1479/759/987 1454/757/966 1476/693/985
f 1394/776/418 1480/772/988 1478/777/986
f 1479/759/987 1478/777/986 1480/772/988
f 1480/772/988 1394/776/418 1481/899/989
f 1381/774/909 1481/899/989 1394/776/418
f 1382/771/910 1481/899/989 1381/774/909
f 1387/769/913 1481/899/989 1382/771/910
f 1481/899/989 1387/769/913 1480/772/988
f 1480/772/988 1482/760/990 1479/759/987
f 1482/760/990 1480/772/988 1387/769/913
f 1454/757/966 1479/759/987 1448/756/960
f 1448/756/960 1479/759/987 1482/760/990
f 1387/769/913 1483/763/991 1482/760/990
f 1388/766/914 1483/763/991 1387/769/913
f 1482/760/990 1445/758/957 1448/756/960
f 1483/763/991 1388/766/914 1484/764/992
f 1482/760/990 1483/763/991 1485/761/993
f 1485/761/993 1445/758/957 1482/760/990
f 1484/764/992 1485/761/993 1483/763/991
f 1487/762/994 1485/761/993 1484/764/992
f 1484/764/992 1486/765/995 1487/762/994
f 1487/762/994 1486/765/995 1444/755/963
f 1485/761/993 1487/762/994 1447/753/958
f 1447/753/958 1445/758/957 1485/761/993
f 1444/755/963 1450/752/962 1487/762/994
f 1447/753/958 1487/762/994 1450/752/962
f 1490/711/996 1488/712/997 1489/713/998
f 1492/717/999 1488/712/997 1490/711/996
f 1493/715/964 1490/711/996 1491/714/1000
f 1491/714/1000 1494/716/1001 1493/715/964
f 1490/711/996 1495/719/1002 1492/717/999
f 1495/719/1002 1490/711/996 1493/715/964
f 1493/715/964 1494/716/1001 1496/718/1003
f 1496/718/1003 1497/720/1004 1493/715/964
f 1497/720/1004 1496/718/1003 1498/721/1005
f 1497/720/1004 1499/724/1006 1500/723/1007
f 1501/722/964 1493/715/964 1497/720/1004
f 1493/715/964 1501/722/964 1495/719/1002
f 1500/723/1007 1502/725/1008 1497/720/1004
f 1497/720/1004 1502/725/1008 1501/722/964
f 1502/725/1008 1500/723/1007 1503/726/1009
f 1501/722/964 1502/725/1008 1504/727/1010
f 1503/726/1009 1504/727/1010 1502/725/1008
f 1504/727/1010 1503/726/1009 1505/728/1011
f 1504/727/1010 1506/729/964 1501/722/964
f 1495/719/1002 1501/722/964 1506/729/964
f 1505/728/1011 1507/730/1012 1504/727/1010
f 1506/729/964 1504/727/1010 1507/730/1012
f 1439/731/953 1507/730/1012 1505/728/1011
f 1505/728/1011 1442/732/956 1439/731/953
f 1507/730/1012 1508/734/951 1506/729/964
f 1506/729/964 1509/733/1013 1495/719/1002
f 1509/733/1013 1506/729/964 1508/734/951
f 1437/703/951 1508/734/951 1507/730/1012
f 1507/730/1012 1439/731/953 1437/703/951
f 1508/734/951 1510/696/1014 1509/733/1013
f 1508/734/951 1437/703/951 1435/698/950
f 1435/698/950 1510/696/1014 1508/734/951
f 1495/719/1002 1509/733/1013 1511/697/1015
f 1511/697/1015 1492/717/999 1495/719/1002
f 1509/733/1013 1510/696/1014 1512/695/1016
f 1512/695/1016 1511/697/1015 1509/733/1013
f 1513/694/1017 1512/695/1016 1510/696/1014
f 1510/696/1014 1435/698/950 1513/694/1017
f 1409/699/949 1513/694/1017 1435/698/950
f 1517/900/1018 1516/901/1019 1515/902/660
f 1518/903/1020 1520/904/1021 1523/905/1022
f 1520/904/1021 1522/906/1023 1524/907/1024
f 1524/907/1024 1523/905/1022 1520/904/1021
f 1523/905/1022 1525/908/1025 1518/903/1020
f 1526/909/1026 1524/907/1024 1522/906/1023
f 1522/906/1023 1521/910/1027 1526/909/1026
f 1527/911/1028 1523/905/1022 1524/907/1024
f 1523/905/1022 1528/912/705 1525/908/1025
f 1528/912/705 1523/905/1022 1527/911/1028
f 1529/913/885 1518/903/1020 1525/908/1025
f 1529/913/885 1525/908/1025 1528/912/705
f 1518/903/1020 1529/913/885 1519/914/1029
f 1528/912/705 1530/915/1030 1529/913/885
f 1527/911/1028 1524/907/1024 1531/916/1031
f 1531/916/1031 1524/907/1024 1526/909/1026
f 1531/916/1031 1526/909/1026 1532/917/1032
f 1532/917/1032 1526/909/1026 1533/918/1033
f 1532/917/1032 1533/918/1033 1534/919/1034
f 1533/918/1033 1526/909/1026 1521/910/1027
f 1534/919/1034 1533/918/1033 1535/920/1035
f 1521/910/1027 1536/921/1036 1533/918/1033
f 1535/920/1035 1533/918/1033 1536/921/1036
f 1536/921/1036 1537/922/1037 1535/920/1035
f 1538/829/1038 1535/920/1035 1537/922/1037
f 1537/922/1037 1539/827/1039 1538/829/1038
f 1540/923/974 1541/924/1040 1539/827/976
f 1542/925/1041 1544/829/1042 1543/926/1043
f 1544/829/1042 1545/827/1044 1543/926/1043
f 1545/827/998 1547/924/1045 1546/927/996
f 1542/925/1041 1543/926/1043 1548/928/1046
f 1552/929/1047 1548/928/1046 1549/930/1048
f 1552/929/1047 1542/925/1041 1548/928/1046
f 1553/931/1049 1549/930/1048 1550/932/1050
f 1553/931/1049 1552/929/1047 1549/930/1048
f 1554/933/1051 1550/932/1050 1551/934/1052
f 1554/933/1051 1553/931/1049 1550/932/1050
f 1555/935/1053 1554/933/1051 1551/934/1052
f 1555/935/1053 1551/934/1052 1517/900/1018
f 1553/931/1049 1554/933/1051 1556/936/1054
f 1554/933/1051 1555/935/1053 1557/937/1055
f 1557/937/1055 1556/936/1054 1554/933/1051
f 1556/936/1054 1558/938/1056 1553/931/1049
f 1552/929/1047 1553/931/1049 1558/938/1056
f 1559/939/1057 1538/829/1038 1560/843/1058
f 1559/939/1057 1535/920/1035 1538/829/1038
f 1534/919/1034 1535/920/1035 1559/939/1057
f 1558/938/1056 1561/940/1059 1552/929/1047
f 1542/925/1041 1552/929/1047 1561/940/1059
f 1561/940/1059 1562/941/1060 1542/925/1041
f 1544/829/1042 1542/925/1041 1562/941/1060
f 1562/941/1060 1563/843/1061 1544/829/1042
f 1564/942/1062 1557/937/1055 1555/935/1053
f 1555/935/1053 1565/943/1063 1564/942/1062
f 1565/943/1063 1555/935/1053 1517/900/1018
f 1564/942/1062 1565/943/1063 1515/902/660
f 1515/902/660 1565/943/1063 1517/900/1018
f 1514/944/659 1564/942/1062 1515/902/660
f 1568/945/1064 1566/946/1065 1569/947/1066
f 1570/948/1067 1567/949/1068 1566/946/1065
f 1566/946/1065 1568/945/1064 1570/948/1067
f 1569/947/1066 1571/950/1069 1568/945/1064
f 1571/950/1069 1569/947/1066 1572/951/1070
f 1573/952/1071 1570/948/1067 1568/945/1064
f 1574/953/1072 1568/945/1064 1571/950/1069
f 1568/945/1064 1574/953/1072 1573/952/1071
f 1572/951/1070 1575/954/1073 1571/950/1069
f 1571/950/1069 1576/955/1074 1574/953/1072
f 1576/955/1074 1571/950/1069 1575/954/1073
f 1575/954/1073 1572/951/1070 1577/956/1075
f 1578/957/1076 1574/953/1072 1576/955/1074
f 1579/958/1077 1573/952/1071 1574/953/1072
f 1574/953/1072 1578/957/1076 1579/958/1077
f 1575/954/1073 1580/959/1078 1576/955/1074
f 1576/955/1074 1581/960/1079 1578/957/1076
f 1581/960/1079 1576/955/1074 1580/959/1078
f 1582/961/1080 1579/958/1077 1578/957/1076
f 1583/962/1081 1578/957/1076 1581/960/1079
f 1578/957/1076 1583/962/1081 1582/961/1080
f 1580/959/1078 1575/954/1073 1584/963/1082
f 1577/956/1075 1584/963/1082 1575/954/1073
f 1585/964/1083 1586/965/1084 1577/956/1075
f 1577/956/1075 1586/965/1084 1588/966/1085
f 1587/967/1086 1585/964/1083 1572/951/1070
f 1577/956/1075 1572/951/1070 1585/964/1083
f 1589/968/1087 1587/967/1086 1569/947/1066
f 1572/951/1070 1569/947/1066 1587/967/1086
f 1569/947/1066 1566/946/1065 1589/968/1087
f 1590/969/1088 1592/970/1089 1591/971/1090
f 1590/969/1088 1593/972/1091 1592/970/1089
f 1593/972/1091 1594/973/1092 1592/970/1089
f 1595/974/1093 1592/970/1089 1594/973/1092
f 1596/975/1094 1590/969/1088 1591/971/1090
f 1591/971/1090 1597/976/1095 1596/975/1094
f 1596/975/1094 1598/977/1096 1590/969/1088
f 1598/977/1096 1599/978/1097 1590/969/1088
f 1596/975/1094 1600/979/1098 1598/977/1096
f 1600/979/1098 1601/980/1099 1598/977/1096
f 1600/979/1098 1602/981/1100 1601/980/1099
f 1603/982/1101 1600/979/1098 1596/975/1094
f 1596/975/1094 1604/983/1102 1603/982/1101
f 1605/984/1103 1606/985/1104 1595/974/1093
f 1595/974/1093 1607/986/1105 1605/984/1103
f 1594/973/1092 1607/986/1105 1595/974/1093
f 1594/973/1092 1608/987/1106 1607/986/1105
f 1609/988/1107 1605/984/1103 1607/986/1105
f 1609/988/1107 1607/986/1105 1610/989/1108
f 1610/989/1108 1611/990/1109 1609/988/1107
f 1611/990/1109 1612/991/1110 1609/988/1107
f 1612/991/1110 1611/990/1109 1613/992/1111
f 1613/992/1111 1614/993/1112 1612/991/1110
f 1611/990/1109 1616/994/1113 1615/995/1114
f 1613/992/1111 1611/990/1109 1615/995/1114
f 1615/995/1114 1617/996/1115 1613/992/1111
f 1617/996/1115 1618/997/1116 1613/992/1111
f 1618/997/1116 1619/998/1117 1613/992/1111
f 1619/998/1117 1620/999/1118 1613/992/1111
f 1618/997/1116 1621/1000/1119 1619/998/1117
f 1580/959/1078 1622/1001/1120 1581/960/1079
f 1581/960/1079 1623/1002/1121 1583/962/1081
f 1623/1002/1121 1581/960/1079 1622/1001/1120
f 1622/1001/1120 1580/959/1078 1624/1003/1122
f 1584/963/1082 1624/1003/1122 1580/959/1078
f 1622/1001/1120 1625/1004/1123 1623/1002/1121
f 1626/1005/1124 1584/963/1082 1577/956/1075
f 1624/1003/1122 1627/1006/1125 1622/1001/1120
f 1625/1004/1123 1622/1001/1120 1627/1006/1125
f 1628/1007/1126 1624/1003/1122 1584/963/1082
f 1584/963/1082 1626/1005/1124 1628/1007/1126
f 1629/1008/1127 1627/1006/1125 1624/1003/1122
f 1624/1003/1122 1628/1007/1126 1629/1008/1127
f 1627/1006/1125 1630/1009/1128 1625/1004/1123
f 1577/956/1075 1631/1010/1129 1626/1005/1124
f 1588/966/1085 1631/1010/1129 1577/956/1075
f 1631/1010/1129 1588/966/1085 1632/1011/1130
f 1633/1012/1131 1630/1009/1128 1627/1006/1125
f 1627/1006/1125 1629/1008/1127 1633/1012/1131
f 1625/1004/1123 1630/1009/1128 1634/1013/1132
f 1634/1013/1132 1630/1009/1128 1633/1012/1131
f 1632/1011/1130 1635/1014/1133 1631/1010/1129
f 1634/1013/1132 1636/1015/1134 1625/1004/1123
f 1635/1014/1133 1632/1011/1130 1637/1016/1135
f 1623/1002/1121 1625/1004/1123 1636/1015/1134
f 1631/1010/1129 1635/1014/1133 1638/1017/1136
f 1638/1017/1136 1626/1005/1124 1631/1010/1129
f 1637/1016/1135 1639/1018/1137 1635/1014/1133
f 1640/1019/1138 1638/1017/1136 1635/1014/1133
f 1635/1014/1133 1639/1018/1137 1640/1019/1138
f 1636/1015/1134 1641/1020/1139 1623/1002/1121
f 1583/962/1081 1623/1002/1121 1641/1020/1139
f 1641/1020/1139 1643/1021/1140 1583/962/1081
f 1582/961/1080 1583/962/1081 1643/1021/1140
f 1643/1021/1140 1644/1022/1141 1582/961/1080
f 1639/1018/1137 1642/1023/1142 1645/1024/1143
f 1645/1024/1143 1640/1019/1138 1639/1018/1137
f 1640/1019/1138 1645/1024/1143 1646/1025/1144
f 1648/1026/1145 1649/1027/1146 1651/1028/1147
f 1651/1028/1147 1650/1029/1148 1652/1030/1149
f 1652/1030/1149 1654/1031/1150 1651/1028/1147
f 1654/1031/1150 1652/1030/1149 1653/1032/1151
f 1651/1028/1147 1655/1033/1152 1648/1026/1145
f 1655/1033/1152 1651/1028/1147 1654/1031/1150
f 1656/1034/1153 1648/1026/1145 1655/1033/1152
f 1655/1033/1152 1657/1035/1154 1656/1034/1153
f 1658/1036/1155 1647/1037/1156 1656/1034/1153
f 1656/1034/1153 1657/1035/1154 1658/1036/1155
f 1647/1037/1156 1658/1036/1155 1659/1038/1157
f 1659/1038/1157 1646/1025/1144 1647/1037/1156
f 1646/1025/1144 1659/1038/1157 1640/1019/1138
f 1638/1017/1136 1640/1019/1138 1659/1038/1157
f 1659/1038/1157 1660/1039/1158 1638/1017/1136
f 1660/1039/1158 1659/1038/1157 1658/1036/1155
f 1626/1005/1124 1638/1017/1136 1660/1039/1158
f 1660/1039/1158 1628/1007/1126 1626/1005/1124
f 1658/1036/1155 1661/1040/1159 1660/1039/1158
f 1628/1007/1126 1660/1039/1158 1661/1040/1159
f 1661/1040/1159 1658/1036/1155 1657/1035/1154
f 1661/1040/1159 1629/1008/1127 1628/1007/1126
f 1629/1008/1127 1661/1040/1159 1662/1041/1160
f 1657/1035/1154 1662/1041/1160 1661/1040/1159
f 1662/1041/1160 1633/1012/1131 1629/1008/1127
f 1663/1042/1161 1662/1041/1160 1657/1035/1154
f 1657/1035/1154 1655/1033/1152 1663/1042/1161
f 1654/1031/1150 1663/1042/1161 1655/1033/1152
f 1664/1043/1162 1633/1012/1131 1662/1041/1160
f 1662/1041/1160 1663/1042/1161 1664/1043/1162
f 1633/1012/1131 1664/1043/1162 1634/1013/1132
f 1663/1042/1161 1654/1031/1150 1665/1044/1163
f 1665/1044/1163 1664/1043/1162 1663/1042/1161
f 1653/1032/1151 1665/1044/1163 1654/1031/1150
f 1666/1045/1164 1634/1013/1132 1664/1043/1162
f 1664/1043/1162 1665/1044/1163 1666/1045/1164
f 1636/1015/1134 1634/1013/1132 1666/1045/1164
f 1665/1044/1163 1653/1032/1151 1667/1046/1165
f 1667/1046/1165 1666/1045/1164 1665/1044/1163
f 1666/1045/1164 1668/1047/1166 1636/1015/1134
f 1668/1047/1166 1666/1045/1164 1667/1046/1165
f 1641/1020/1139 1636/1015/1134 1668/1047/1166
f 1667/1046/1165 1669/1048/1167 1668/1047/1166
f 1668/1047/1166 1670/1049/1168 1641/1020/1139
f 1670/1049/1168 1668/1047/1166 1669/1048/1167
f 1643/1021/1140 1641/1020/1139 1670/1049/1168
f 1669/1048/1167 1671/1050/1169 1670/1049/1168
f 1670/1049/1168 1672/1051/1170 1643/1021/1140
f 1672/1051/1170 1670/1049/1168 1671/1050/1169
f 1644/1022/1141 1643/1021/1140 1672/1051/1170
f 1671/1050/1169 1673/1052/1171 1672/1051/1170
f 1672/1051/1170 1674/1053/1172 1644/1022/1141
f 1678/1054/1173 1675/1055/1174 1677/1056/1175
f 1677/1056/1175 1676/1057/1176 1679/1058/1177
f 1677/1056/1175 1680/1059/1178 1678/1054/1173
f 1681/1060/1179 1678/1054/1173 1680/1059/1178
f 1680/1059/1178 1682/1061/1180 1681/1060/1179
f 1680/1059/1178 1677/1056/1175 1683/1062/1181
f 1679/1058/1177 1683/1062/1181 1677/1056/1175
f 1682/1061/1180 1680/1059/1178 1684/1063/1182
f 1683/1062/1181 1684/1063/1182 1680/1059/1178
f 1683/1062/1181 1679/1058/1177 1685/1064/1183
f 1685/1064/1183 1686/1065/1184 1683/1062/1181
f 1684/1063/1182 1683/1062/1181 1686/1065/1184
f 1686/1065/1184 1688/1066/1185 1684/1063/1182
f 1688/1066/1185 1686/1065/1184 1687/1067/1186
f 1689/1068/1065 1691/1069/1187 1690/1070/1188
f 1693/1071/1189 1691/1069/1187 1692/1072/1190
f 1691/1069/1187 1693/1071/1189 1690/1070/1188
f 1692/1072/1190 1694/1073/1191 1693/1071/1189
f 1694/1073/1191 1692/1072/1190 1695/1074/1071
f 1697/1075/1192 1695/1074/1071 1696/1076/1193
f 1695/1074/1071 1697/1075/1192 1694/1073/1191
f 1696/1076/1193 1698/1077/1194 1697/1075/1192
f 1699/1078/1195 1698/1077/1194 1696/1076/1193
f 1696/1076/1193 1700/1079/1080 1699/1078/1195
f 1702/1080/1196 1701/1081/1197 1703/1082/1198
f 1703/1082/1198 1704/1083/1199 1702/1080/1196
f 1703/1082/1198 1701/1081/1197 1705/1084/1200
f 1708/1085/1201 1706/1086/1202 1707/1087/1203
f 1709/1088/1204 1705/1084/1200 1708/1085/1201
f 1705/1084/1200 1709/1088/1204 1703/1082/1198
f 1707/1087/1203 1690/1070/1188 1708/1085/1201
f 1708/1085/1201 1710/1089/1205 1709/1088/1204
f 1710/1089/1205 1708/1085/1201 1690/1070/1188
f 1703/1082/1198 1709/1088/1204 1711/1090/1206
f 1711/1090/1206 1709/1088/1204 1710/1089/1205
f 1690/1070/1188 1707/1087/1203 1689/1068/1065
f 1716/1091/1207 1713/1092/1170 1714/1093/1171
f 1717/1094/1208 1714/1093/1171 1715/1095/1209
f 1714/1093/1171 1717/1094/1208 1716/1091/1207
f 1715/1095/1209 1718/1096/1210 1717/1094/1208
f 1712/1097/1141 1716/1091/1207 1719/1098/1211
f 1719/1098/1211 1716/1091/1207 1717/1094/1208
f 1720/1099/1212 1717/1094/1208 1718/1096/1210
f 1717/1094/1208 1720/1099/1212 1719/1098/1211
f 1718/1096/1210 1721/1100/1213 1720/1099/1212
f 1720/1099/1212 1721/1100/1213 1722/1101/1214
f 1719/1098/1211 1720/1099/1212 1723/1102/1215
f 1722/1101/1214 1723/1102/1215 1720/1099/1212
f 1719/1098/1211 1724/1103/1216 1712/1097/1141
f 1725/1104/1217 1723/1102/1215 1722/1101/1214
f 1722/1101/1214 1726/1105/1218 1725/1104/1217
f 1725/1104/1217 1726/1105/1218 1727/1106/1219
f 1723/1102/1215 1725/1104/1217 1728/1107/1220
f 1728/1107/1220 1725/1104/1217 1729/1106/1219
f 1723/1102/1215 1730/1108/1221 1719/1098/1211
f 1728/1107/1220 1730/1108/1221 1723/1102/1215
f 1724/1103/1216 1719/1098/1211 1730/1108/1221
f 1731/1109/1222 1730/1108/1221 1728/1107/1220
f 1730/1108/1221 1731/1109/1222 1724/1103/1216
f 1732/1110/1223 1728/1107/1220 1733/1106/1219
f 1728/1107/1220 1732/1110/1223 1731/1109/1222
f 1699/1078/1195 1724/1103/1216 1731/1109/1222
f 1712/1097/1141 1724/1103/1216 1699/1078/1195
f 1699/1078/1195 1700/1079/1080 1712/1097/1141
f 1731/1109/1222 1734/1111/1224 1699/1078/1195
f 1731/1109/1222 1732/1110/1223 1735/1112/1225
f 1735/1112/1225 1732/1110/1223 1736/1106/1219
f 1735/1112/1225 1734/1111/1224 1731/1109/1222
f 1698/1077/1194 1699/1078/1195 1734/1111/1224
f 1734/1111/1224 1735/1112/1225 1737/1113/1226
f 1737/1113/1226 1735/1112/1225 1738/1106/1219
f 1734/1111/1224 1739/1114/1227 1698/1077/1194
f 1737/1113/1226 1739/1114/1227 1734/1111/1224
f 1739/1114/1227 1697/1075/1192 1698/1077/1194
f 1739/1114/1227 1740/1115/1228 1697/1075/1192
f 1737/1113/1226 1740/1115/1228 1739/1114/1227
f 1740/1115/1228 1694/1073/1191 1697/1075/1192
f 1737/1113/1226 1741/1116/1229 1740/1115/1228
f 1741/1116/1229 1737/1113/1226 1742/1106/1219
f 1694/1073/1191 1740/1115/1228 1743/1117/1230
f 1741/1116/1229 1743/1117/1230 1740/1115/1228
f 1743/1117/1230 1741/1116/1229 1744/1118/1231
f 1744/1118/1231 1741/1116/1229 1745/1106/1219
f 1694/1073/1191 1743/1117/1230 1746/1119/1232
f 1743/1117/1230 1744/1118/1231 1747/1120/1233
f 1747/1120/1233 1744/1118/1231 1748/1106/1219
f 1747/1120/1233 1746/1119/1232 1743/1117/1230
f 1746/1119/1232 1693/1071/1189 1694/1073/1191
f 1749/1121/1234 1747/1120/1233 1750/1106/1219
f 1693/1071/1189 1746/1119/1232 1751/1122/1235
f 1690/1070/1188 1693/1071/1189 1751/1122/1235
f 1690/1070/1188 1751/1122/1235 1710/1089/1205
f 1747/1120/1233 1752/1123/1236 1746/1119/1232
f 1752/1123/1236 1747/1120/1233 1749/1121/1234
f 1751/1122/1235 1746/1119/1232 1752/1123/1236
f 1753/1124/1237 1710/1089/1205 1751/1122/1235
f 1751/1122/1235 1752/1123/1236 1753/1124/1237
f 1710/1089/1205 1753/1124/1237 1711/1090/1206
f 1752/1123/1236 1749/1121/1234 1754/1125/1238
f 1754/1125/1238 1753/1124/1237 1752/1123/1236
f 1711/1090/1206 1753/1124/1237 1754/1125/1238
f 1754/1125/1238 1749/1121/1234 1755/1106/1219
f 1754/1125/1238 1756/1126/1239 1711/1090/1206
f 1756/1126/1239 1754/1125/1238 1757/1106/1240
f 1758/1127/1241 1711/1090/1206 1756/1126/1239
f 1711/1090/1206 1758/1127/1241 1703/1082/1198
f 1759/1128/1242 1756/1126/1239 1760/1106/1219
f 1756/1126/1239 1759/1128/1242 1758/1127/1241
f 1704/1083/1199 1703/1082/1198 1758/1127/1241
f 1758/1127/1241 1759/1128/1242 1761/1129/1243
f 1761/1129/1243 1759/1128/1242 1762/1106/1219
f 1758/1127/1241 1763/1130/1244 1704/1083/1199
f 1761/1129/1243 1763/1130/1244 1758/1127/1241
f 1704/1083/1199 1763/1130/1244 1764/1131/1245
f 1763/1130/1244 1761/1129/1243 1765/1132/1246
f 1765/1132/1246 1764/1131/1245 1763/1130/1244
f 1765/1132/1246 1761/1129/1243 1766/1106/1240
f 1767/1133/1247 1764/1131/1245 1765/1132/1246
f 1765/1132/1246 1768/1134/1248 1767/1133/1247
f 1768/1134/1248 1765/1132/1246 1769/1106/1219
f 1768/1134/1248 1770/1135/1249 1767/1133/1247
f 1768/1134/1248 1771/1136/1250 1770/1135/1249
f 1771/1136/1250 1768/1134/1248 1772/1106/1240
f 1684/1063/1182 1688/1066/1185 1773/1137/1251
f 1687/1067/1186 1775/1138/1252 1688/1066/1185
f 1775/1138/1252 1687/1067/1186 1774/1139/1253
f 1688/1066/1185 1775/1138/1252 1776/1140/1254
f 1776/1140/1254 1773/1137/1251 1688/1066/1185
f 1774/1139/1253 1777/1141/1255 1775/1138/1252
f 1776/1140/1254 1775/1138/1252 1777/1141/1255
f 1777/1141/1255 1774/1139/1253 1778/1142/1256
f 1778/1142/1256 1779/1143/1257 1777/1141/1255
f 1779/1143/1257 1778/1142/1256 1780/1144/1258
f 1785/1145/1259 1782/1146/1260 1783/1147/1261
f 1786/1148/1262 1783/1147/1261 1784/1149/1263
f 1783/1147/1261 1786/1148/1262 1785/1145/1259
f 1784/1149/1263 1787/1150/1264 1786/1148/1262
f 1788/1151/1265 1786/1148/1262 1787/1150/1264
f 1787/1150/1264 1789/1152/1266 1788/1151/1265
f 1790/1153/1267 1788/1151/1265 1789/1152/1266
f 1786/1148/1262 1788/1151/1265 1791/1154/1268
f 1791/1154/1268 1785/1145/1259 1786/1148/1262
f 1790/1153/1267 1792/1155/1269 1788/1151/1265
f 1792/1155/1269 1791/1154/1268 1788/1151/1265
f 1793/1156/1270 1792/1155/1269 1790/1153/1267
f 1790/1153/1267 1794/1157/1271 1793/1156/1270
f 1793/1156/1270 1794/1157/1271 1795/1158/1272
f 1792/1155/1269 1793/1156/1270 1796/1159/1273
f 1796/1159/1273 1793/1156/1270 1797/1158/1272
f 1791/1154/1268 1792/1155/1269 1798/1160/1274
f 1796/1159/1273 1798/1160/1274 1792/1155/1269
f 1785/1145/1259 1791/1154/1268 1799/1161/1275
f 1798/1160/1274 1799/1161/1275 1791/1154/1268
f 1799/1161/1275 1781/1162/1276 1785/1145/1259
f 1798/1160/1274 1796/1159/1273 1800/1163/1277
f 1800/1163/1277 1796/1159/1273 1801/1158/1272
f 1799/1161/1275 1798/1160/1274 1802/1164/1278
f 1800/1163/1277 1802/1164/1278 1798/1160/1274
f 1781/1162/1276 1799/1161/1275 1803/1165/1279
f 1799/1161/1275 1802/1164/1278 1803/1165/1279
f 1803/1165/1279 1780/1144/1258 1781/1162/1276
f 1780/1144/1258 1803/1165/1279 1779/1143/1257
f 1803/1165/1279 1802/1164/1278 1804/1166/1280
f 1800/1163/1277 1804/1166/1280 1802/1164/1278
f 1779/1143/1257 1803/1165/1279 1804/1166/1280
f 1804/1166/1280 1800/1163/1277 1805/1167/1281
f 1805/1167/1281 1800/1163/1277 1806/1158/1272
f 1804/1166/1280 1805/1167/1281 1807/1168/1282
f 1807/1168/1282 1805/1167/1281 1808/1158/1272
f 1779/1143/1257 1804/1166/1280 1809/1169/1283
f 1807/1168/1282 1809/1169/1283 1804/1166/1280
f 1779/1143/1257 1809/1169/1283 1810/1170/1284
f 1810/1170/1284 1777/1141/1255 1779/1143/1257
f 1777/1141/1255 1810/1170/1284 1776/1140/1254
f 1811/1171/1285 1810/1170/1284 1809/1169/1283
f 1809/1169/1283 1807/1168/1282 1811/1171/1285
f 1776/1140/1254 1810/1170/1284 1811/1171/1285
f 1811/1171/1285 1807/1168/1282 1812/1158/1272
f 1811/1171/1285 1813/1172/1286 1776/1140/1254
f 1813/1172/1286 1811/1171/1285 1814/1158/1272
f 1773/1137/1251 1776/1140/1254 1813/1172/1286
f 1813/1172/1286 1815/1173/1287 1773/1137/1251
f 1815/1173/1287 1813/1172/1286 1816/1158/1272
f 1817/1174/1288 1773/1137/1251 1815/1173/1287
f 1773/1137/1251 1817/1174/1288 1684/1063/1182
f 1684/1063/1182 1817/1174/1288 1682/1061/1180
f 1815/1173/1287 1818/1175/1289 1817/1174/1288
f 1818/1175/1289 1815/1173/1287 1819/1158/1290
f 1820/1176/1291 1682/1061/1180 1817/1174/1288
f 1817/1174/1288 1818/1175/1289 1820/1176/1291
f 1820/1176/1291 1818/1175/1289 1821/1158/1272
f 1682/1061/1180 1820/1176/1291 1822/1177/1292
f 1822/1177/1292 1820/1176/1291 1823/1158/1272
f 1824/1178/1293 1826/1179/1294 1825/1180/1295
f 1825/1180/1295 1827/1181/1296 1824/1178/1293
f 1827/1181/1296 1825/1180/1295 1828/1182/1297
f 1824/1178/1293 1827/1181/1296 1829/1183/1298
f 1829/1183/1298 1830/1184/1299 1824/1178/1293
f 1831/1185/1300 1830/1184/1299 1829/1183/1298
f 1829/1183/1298 1827/1181/1296 1832/1186/1301
f 1828/1182/1297 1832/1186/1301 1827/1181/1296
f 1829/1183/1298 1833/1187/1302 1831/1185/1300
f 1831/1185/1300 1833/1187/1302 1834/1158/1290
f 1832/1186/1301 1835/1188/1303 1829/1183/1298
f 1833/1187/1302 1829/1183/1298 1835/1188/1303
f 1832/1186/1301 1828/1182/1297 1836/1189/1304
f 1835/1188/1303 1832/1186/1301 1837/1190/1305
f 1836/1189/1304 1837/1190/1305 1832/1186/1301
f 1835/1188/1303 1838/1191/1306 1833/1187/1302
f 1833/1187/1302 1838/1191/1306 1839/1158/1290
f 1837/1190/1305 1840/1192/1307 1835/1188/1303
f 1838/1191/1306 1835/1188/1303 1840/1192/1307
f 1840/1192/1307 1837/1190/1305 1841/1193/1308
f 1840/1192/1307 1842/1194/1309 1838/1191/1306
f 1838/1191/1306 1842/1194/1309 1843/1158/1290
f 1842/1194/1309 1840/1192/1307 1844/1195/1310
f 1841/1193/1308 1844/1195/1310 1840/1192/1307
f 1844/1195/1310 1845/1196/1311 1842/1194/1309
f 1842/1194/1309 1845/1196/1311 1846/1158/1272
f 1822/1177/1292 1845/1196/1311 1844/1195/1310
f 1845/1196/1311 1822/1177/1292 1847/1158/1272
f 1822/1177/1292 1844/1195/1310 1681/1060/1179
f 1681/1060/1179 1844/1195/1310 1841/1193/1308
f 1822/1177/1292 1681/1060/1179 1682/1061/1180
f 1848/1197/1312 1841/1193/1308 1837/1190/1305
f 1837/1190/1305 1836/1189/1304 1848/1197/1312
f 1681/1060/1179 1841/1193/1308 1678/1054/1173
f 1841/1193/1308 1848/1197/1312 1675/1055/1174
f 1675/1055/1174 1678/1054/1173 1841/1193/1308
f 1849/1198/1313 1851/1199/1314 1850/1200/1315
f 1849/1198/1313 1852/1201/1316 1851/1199/1314
f 1849/1198/1313 1850/1200/1315 1853/1202/1317
f 1767/1133/1247 1852/1201/1316 1849/1198/1313
f 1767/1133/1247 1770/1135/1249 1852/1201/1316
f 1853/1202/1317 1854/1203/1318 1849/1198/1313
f 1767/1133/1247 1849/1198/1313 1854/1203/1318
f 1704/1083/1199 1854/1203/1318 1853/1202/1317
f 1853/1202/1317 1702/1080/1196 1704/1083/1199
f 1854/1203/1318 1764/1131/1245 1767/1133/1247
f 1764/1131/1245 1854/1203/1318 1704/1083/1199
f 1855/1204/1319 1857/1205/1320 1856/1206/1321
f 1856/1206/1321 1858/1207/1322 1855/1204/1319
f 1859/1208/1323 1855/1204/1319 1858/1207/1322
f 1858/1207/1322 1860/1209/1324 1859/1208/1323
f 1861/1210/1325 1859/1208/1323 1860/1209/1324
f 1860/1209/1324 1862/1211/1326 1861/1210/1325
f 1863/1212/1327 1861/1210/1325 1862/1211/1326
f 1862/1211/1326 1864/1213/1328 1863/1212/1327
f 1867/1214/1329 1865/1215/1330 1866/1216/1331
f 1866/1216/1331 1868/1217/1332 1867/1214/1329
f 1869/1218/1333 1867/1214/1329 1868/1217/1332
f 1868/1217/1332 1870/1219/1334 1869/1218/1333
f 1871/1220/1335 1869/1218/1333 1870/1219/1334
f 1870/1219/1334 1872/1221/1336 1871/1220/1335
f 1873/1205/1337 1871/1220/1335 1872/1221/1336
f 1872/1221/1336 1874/1206/1321 1873/1205/1337
f 1875/1222/1338 1877/1223/1339 1876/1224/1340
f 1878/1225/1341 1877/1223/1339 1875/1222/1338
f 1876/1224/1340 1879/1226/1342 1875/1222/1338
f 1880/1227/1343 1882/1228/1344 1881/1229/1345
f 1882/1228/1344 1883/1230/1174 1881/1229/1345
f 1878/1225/1341 1884/1231/1346 1880/1227/1343
f 1882/1228/1344 1880/1227/1343 1884/1231/1346
f 1875/1222/1338 1885/1232/1347 1878/1225/1341
f 1884/1231/1346 1878/1225/1341 1885/1232/1347
f 1883/1230/1174 1882/1228/1344 1886/1233/1176
f 1884/1231/1346 1886/1233/1176 1882/1228/1344
f 1886/1233/1176 1887/1234/1348 1883/1230/1174
f 1886/1233/1176 1884/1231/1346 1888/1235/1349
f 1885/1232/1347 1888/1235/1349 1884/1231/1346
f 1888/1235/1349 1889/1236/1177 1886/1233/1176
f 1892/1237/1350 1890/1238/1351 1891/1239/1352
f 1891/1239/1352 1893/1240/1353 1892/1237/1350
f 1894/1241/1354 1892/1237/1350 1893/1240/1353
f 1893/1240/1353 1891/1239/1352 1895/1242/1355
f 1895/1242/1355 1896/1243/1356 1898/1244/1357
f 1898/1244/1357 1899/1245/1358 1895/1242/1355
f 1895/1242/1355 1899/1245/1358 1893/1240/1353
f 1898/1244/1357 1897/1246/1359 1900/1247/1360
f 1899/1245/1358 1898/1244/1357 1901/1248/1361
f 1900/1247/1360 1901/1248/1361 1898/1244/1357
f 1893/1240/1353 1899/1245/1358 1902/1249/1362
f 1901/1248/1361 1902/1249/1362 1899/1245/1358
f 1902/1249/1362 1903/1250/1363 1893/1240/1353
f 1893/1240/1353 1903/1250/1363 1894/1241/1354
f 1904/1251/1364 1894/1241/1354 1903/1250/1363
f 1903/1250/1363 1902/1249/1362 1905/1252/1365
f 1903/1250/1363 1906/1253/1366 1904/1251/1364
f 1905/1252/1365 1906/1253/1366 1903/1250/1363
f 1902/1249/1362 1901/1248/1361 1876/1224/1340
f 1876/1224/1340 1905/1252/1365 1902/1249/1362
f 1879/1226/1342 1876/1224/1340 1901/1248/1361
f 1901/1248/1361 1900/1247/1360 1879/1226/1342
f 1907/1254/1367 1904/1251/1364 1906/1253/1366
f 1904/1251/1364 1907/1254/1367 1908/1255/1368
f 1908/1255/1368 1907/1254/1367 1909/1256/1369
f 1906/1253/1366 1910/1257/1370 1907/1254/1367
f 1911/1258/1371 1910/1257/1370 1906/1253/1366
f 1906/1253/1366 1905/1252/1365 1911/1258/1371
f 1907/1254/1367 1910/1257/1370 1912/1259/1372
f 1912/1259/1372 1910/1257/1370 1911/1258/1371
f 1912/1259/1372 1909/1256/1369 1907/1254/1367
f 1877/1223/1339 1911/1258/1371 1905/1252/1365
f 1905/1252/1365 1876/1224/1340 1877/1223/1339
f 1911/1258/1371 1913/1260/1373 1912/1259/1372
f 1913/1260/1373 1911/1258/1371 1877/1223/1339
f 1909/1256/1369 1912/1259/1372 1914/1261/1374
f 1914/1261/1374 1912/1259/1372 1913/1260/1373
f 1914/1261/1374 1915/1262/1375 1909/1256/1369
f 1915/1262/1375 1914/1261/1374 1881/1229/1345
f 1913/1260/1373 1880/1227/1343 1914/1261/1374
f 1881/1229/1345 1914/1261/1374 1880/1227/1343
f 1877/1223/1339 1878/1225/1341 1913/1260/1373
f 1880/1227/1343 1913/1260/1373 1878/1225/1341
f 1917/1263/1376 1916/1264/1377 1918/1265/1378
f 1918/1265/1378 1919/1266/1149 1917/1263/1376
f 1919/1266/1149 1918/1265/1378 1920/1267/1379
f 1920/1267/1379 1921/1268/1380 1919/1266/1149
f 1921/1268/1380 1920/1267/1379 1922/1269/1381
f 1922/1269/1381 1923/1270/1382 1921/1268/1380
f 1924/1271/1383 1923/1270/1382 1922/1269/1381
f 1922/1269/1381 1925/1272/1384 1924/1271/1383
f 1926/1273/1169 1924/1271/1383 1925/1272/1384
f 1925/1272/1384 1927/1274/1385 1926/1273/1169
f 1928/1275/1171 1926/1273/1169 1927/1274/1385
f 1927/1274/1385 1929/1276/1386 1928/1275/1171
f 1930/1277/1387 1931/1278/1294 1932/1279/1388
f 1932/1279/1388 1933/1280/1389 1930/1277/1387
f 1933/1280/1389 1932/1279/1388 1934/1281/1390
f 1934/1281/1390 1935/1282/1391 1933/1280/1389
f 1935/1282/1391 1934/1281/1390 1936/1283/1392
f 1937/1284/1297 1930/1277/1387 1933/1280/1389
f 1938/1285/1393 1933/1280/1389 1935/1282/1391
f 1933/1280/1389 1938/1285/1393 1937/1284/1297
f 1939/1286/1394 1937/1284/1297 1938/1285/1393
f 1941/1287/1395 1940/1288/1312 1939/1286/1394
f 1938/1285/1393 1941/1287/1395 1939/1286/1394
f 1881/1229/1345 1940/1288/1312 1941/1287/1395
f 1881/1229/1345 1883/1230/1174 1940/1288/1312
f 1941/1287/1395 1938/1285/1393 1942/1289/1396
f 1935/1282/1391 1942/1289/1396 1938/1285/1393
f 1942/1289/1396 1915/1262/1375 1941/1287/1395
f 1881/1229/1345 1941/1287/1395 1915/1262/1375
f 1942/1289/1396 1935/1282/1391 1943/1290/1397
f 1936/1283/1392 1943/1290/1397 1935/1282/1391
f 1943/1290/1397 1936/1283/1392 1944/1291/1398
f 1943/1290/1397 1945/1292/1399 1942/1289/1396
f 1915/1262/1375 1942/1289/1396 1945/1292/1399
f 1944/1291/1398 1946/1293/258 1943/1290/1397
f 1945/1292/1399 1943/1290/1397 1946/1293/258
f 1947/1294/1400 1946/1293/258 1944/1291/1398
f 1944/1291/1398 1948/1295/1401 1947/1294/1400
f 1946/1293/258 1908/1255/1368 1945/1292/1399
f 1945/1292/1399 1909/1256/1369 1915/1262/1375
f 1909/1256/1369 1945/1292/1399 1908/1255/1368
f 1949/1296/1402 1908/1255/1368 1946/1293/258
f 1946/1293/258 1947/1294/1400 1949/1296/1402
f 1950/1297/1403 1947/1294/1400 1948/1295/1401
f 1948/1295/1401 1951/1298/1404 1950/1297/1403
f 1952/1299/1405 1949/1296/1402 1947/1294/1400
f 1947/1294/1400 1950/1297/1403 1952/1299/1405
f 1908/1255/1368 1949/1296/1402 1904/1251/1364
f 1953/1300/1406 1950/1297/1403 1951/1298/1404
f 1951/1298/1404 1954/1301/1407 1953/1300/1406
f 1955/1302/1408 1952/1299/1405 1950/1297/1403
f 1950/1297/1403 1953/1300/1406 1955/1302/1408
f 1949/1296/1402 1952/1299/1405 1894/1241/1354
f 1894/1241/1354 1904/1251/1364 1949/1296/1402
f 1952/1299/1405 1955/1302/1408 1892/1237/1350
f 1892/1237/1350 1894/1241/1354 1952/1299/1405
f 1956/1303/1409 1953/1300/1406 1954/1301/1407
f 1954/1301/1407 1957/1304/1410 1956/1303/1409
f 1953/1300/1406 1956/1303/1409 1958/1305/1411
f 1958/1305/1411 1955/1302/1408 1953/1300/1406
f 1955/1302/1408 1958/1305/1411 1890/1238/1351
f 1890/1238/1351 1892/1237/1350 1955/1302/1408
f 1961/1306/1412 1960/1307/1413 1959/1308/1414
f 1961/1306/1412 1959/1308/1414 1962/1309/1415
f 1963/1310/1416 1961/1306/1412 1962/1309/1415
f 1963/1310/1416 1962/1309/1415 1964/1311/1417
f 1965/1312/1418 1963/1310/1416 1964/1311/1417
f 1965/1312/1418 1964/1311/1417 1966/1313/1419
f 1967/1314/1420 1965/1312/1418 1966/1313/1419
f 1967/1314/1420 1966/1313/1419 1968/1315/1421
f 1969/1316/1422 1967/1314/1420 1968/1315/1421
f 1969/1316/1422 1968/1315/1421 1970/1317/1423
f 1971/1318/1424 1969/1316/1422 1970/1317/1423
f 1971/1318/1424 1970/1317/1423 1972/1319/1425
f 1973/1320/1426 1971/1318/1424 1972/1319/1425
f 1973/1320/1426 1972/1319/1425 1974/1321/1427
f 1975/1322/1428 1973/1320/1426 1974/1321/1427
f 1975/1322/1428 1974/1321/1427 1976/1323/1331
f 1980/956/1429 1977/965/1430 1978/966/1431
f 1979/964/1432 1977/965/1430 1980/956/1429
f 1978/966/1431 1981/1010/1433 1980/956/1429
f 1982/967/1349 1979/964/1432 1984/951/1434
f 1980/956/1429 1984/951/1434 1979/964/1432
f 1983/968/1435 1982/967/1349 1985/947/1436
f 1984/951/1434 1985/947/1436 1982/967/1349
f 1985/947/1436 1986/946/1437 1983/968/1435
f 1988/945/1438 1986/946/1437 1985/947/1436
f 1989/950/1439 1985/947/1436 1984/951/1434
f 1985/947/1436 1989/950/1439 1988/945/1438
f 1984/951/1434 1990/954/1440 1989/950/1439
f 1990/954/1440 1984/951/1434 1980/956/1429
f 1991/948/1441 1987/949/1442 1986/946/1437
f 1986/946/1437 1988/945/1438 1991/948/1441
f 1994/1018/1443 1992/1023/1444 1993/1024/1445
f 1995/1016/1446 1994/1018/1443 1996/1014/1447
f 1996/1014/1447 1997/1011/1360 1995/1016/1446
f 1981/1010/1433 1978/966/1431 1997/1011/1360
f 1997/1011/1360 1996/1014/1447 1981/1010/1433
f 1998/1324/1448 2000/1325/1449 1999/1326/1450
f 2001/1327/1451 1998/1324/1448 1999/1326/1450
f 1999/1326/1450 2002/1328/1452 2001/1327/1451
f 1999/1326/1450 2003/1329/1453 2002/1328/1452
f 2004/1330/1454 2000/1325/1449 1998/1324/1448
f 1998/1324/1448 2005/1331/1455 2004/1330/1454
f 2006/1332/1456 2000/1325/1449 2004/1330/1454
f 2006/1332/1456 2007/1333/1457 2000/1325/1449
f 2008/1334/1458 2006/1332/1456 2004/1330/1454
f 2004/1330/1454 2009/1335/1459 2008/1334/1458
f 2009/1335/1459 2010/1336/1460 2008/1334/1458
f 2008/1334/1458 2011/1337/1461 2006/1332/1456
f 2011/1337/1461 2012/1338/1462 2006/1332/1456
f 2003/1329/1453 2014/1339/1463 2013/1340/1464
f 2013/1340/1464 2015/1341/1465 2003/1329/1453
f 2015/1341/1465 2002/1328/1452 2003/1329/1453
f 2015/1341/1465 2016/1342/1466 2002/1328/1452
f 2013/1340/1464 2017/1343/1467 2015/1341/1465
f 2018/1344/1468 2015/1341/1465 2017/1343/1467
f 2019/1345/1469 2018/1344/1468 2017/1343/1467
f 2019/1345/1469 2017/1343/1467 2020/1346/1470
f 2021/1347/1471 2019/1345/1469 2020/1346/1470
f 2020/1346/1470 2022/1348/1472 2021/1347/1471
f 2023/1349/1473 2024/1350/1474 2019/1345/1469
f 2021/1347/1471 2023/1349/1473 2019/1345/1469
f 2025/1351/1475 2023/1349/1473 2021/1347/1471
f 2026/1352/1476 2025/1351/1475 2021/1347/1471
f 2021/1347/1471 2027/1353/1477 2026/1352/1476
f 2027/1353/1477 2028/1354/1478 2026/1352/1476
f 2021/1347/1471 2029/1355/1479 2027/1353/1477
f 2030/952/1253 1991/948/1441 1988/945/1438
f 1988/945/1438 2031/953/1480 2030/952/1253
f 2031/953/1480 1988/945/1438 1989/950/1439
f 2032/958/1481 2030/952/1253 2031/953/1480
f 1989/950/1439 2033/955/1482 2031/953/1480
f 2033/955/1482 1989/950/1439 1990/954/1440
f 2031/953/1480 2034/957/1483 2032/958/1481
f 2034/957/1483 2031/953/1480 2033/955/1482
f 2032/958/1481 2034/957/1483 2035/961/1258
f 2034/957/1483 2036/962/1484 2035/961/1258
f 2033/955/1482 2037/1356/1485 2034/957/1483
f 2036/962/1484 2034/957/1483 2037/1356/1485
f 1990/954/1440 2038/959/1486 2033/955/1482
f 2037/1356/1485 2033/955/1482 2038/959/1486
f 2038/959/1486 1990/954/1440 2039/963/1487
f 1980/956/1429 2039/963/1487 1990/954/1440
f 2038/959/1486 2040/1001/1488 2037/1356/1485
f 2041/1005/1489 2039/963/1487 1980/956/1429
f 1980/956/1429 1981/1010/1433 2041/1005/1489
f 2039/963/1487 2042/1003/1490 2038/959/1486
f 2040/1001/1488 2038/959/1486 2042/1003/1490
f 2039/963/1487 2041/1005/1489 2043/1007/1491
f 2043/1007/1491 2042/1003/1490 2039/963/1487
f 2044/1017/1492 2041/1005/1489 1981/1010/1433
f 1981/1010/1433 1996/1014/1447 2044/1017/1492
f 2045/1039/1493 2043/1007/1491 2041/1005/1489
f 2041/1005/1489 2044/1017/1492 2045/1039/1493
f 2042/1003/1490 2043/1007/1491 2046/1008/1494
f 2047/1019/1495 2044/1017/1492 1996/1014/1447
f 1996/1014/1447 1994/1018/1443 2047/1019/1495
f 1993/1024/1445 2047/1019/1495 1994/1018/1443
f 2044/1017/1492 2047/1019/1495 2048/1038/1496
f 2048/1038/1496 2045/1039/1493 2044/1017/1492
f 2047/1019/1495 1993/1024/1445 2049/1025/1497
f 2049/1025/1497 2048/1038/1496 2047/1019/1495
f 2048/1038/1496 2049/1025/1497 2050/1037/1498
f 2045/1039/1493 2048/1038/1496 2051/1036/1499
f 2050/1037/1498 2051/1036/1499 2048/1038/1496
f 2051/1036/1499 2052/1357/1500 2045/1039/1493
f 2043/1007/1491 2045/1039/1493 2052/1357/1500
f 2052/1357/1500 2046/1008/1494 2043/1007/1491
f 2052/1357/1500 2051/1036/1499 2053/1035/1501
f 2051/1036/1499 2050/1037/1498 2054/1034/1502
f 2054/1034/1502 2053/1035/1501 2051/1036/1499
f 2046/1008/1494 2052/1357/1500 2055/1041/1503
f 2053/1035/1501 2055/1041/1503 2052/1357/1500
f 2053/1035/1501 2054/1034/1502 2056/1026/1504
f 2059/1028/1505 2058/1029/1506 2060/1030/1507
f 2056/1026/1504 2057/1027/1508 2059/1028/1505
f 2059/1028/1505 2062/1033/889 2056/1026/1504
f 2056/1026/1504 2062/1033/889 2053/1035/1501
f 2060/1030/1507 2063/1031/1509 2059/1028/1505
f 2062/1033/889 2059/1028/1505 2063/1031/1509
f 2063/1031/1509 2060/1030/1507 2061/1032/1510
f 2063/1031/1509 2064/1042/1511 2062/1033/889
f 2053/1035/1501 2062/1033/889 2064/1042/1511
f 2064/1042/1511 2055/1041/1503 2053/1035/1501
f 2064/1042/1511 2063/1031/1509 2065/1044/1512
f 2061/1032/1510 2065/1044/1512 2063/1031/1509
f 2055/1041/1503 2064/1042/1511 2066/1043/1513
f 2065/1044/1512 2066/1043/1513 2064/1042/1511
f 2065/1044/1512 2061/1032/1510 2067/1046/1514
f 2066/1043/1513 2065/1044/1512 2068/1045/1515
f 2067/1046/1514 2068/1045/1515 2065/1044/1512
f 2066/1043/1513 2069/1012/1516 2055/1041/1503
f 2055/1041/1503 2069/1012/1516 2046/1008/1494
f 2068/1045/1515 2070/1358/1517 2066/1043/1513
f 2069/1012/1516 2066/1043/1513 2070/1358/1517
f 2070/1358/1517 2072/1009/1518 2069/1012/1516
f 2073/1006/1519 2046/1008/1494 2069/1012/1516
f 2069/1012/1516 2072/1009/1518 2073/1006/1519
f 2046/1008/1494 2073/1006/1519 2042/1003/1490
f 2042/1003/1490 2073/1006/1519 2040/1001/1488
f 2073/1006/1519 2072/1009/1518 2074/1004/1520
f 2074/1004/1520 2040/1001/1488 2073/1006/1519
f 2074/1004/1520 2072/1009/1518 2070/1358/1517
f 2040/1001/1488 2074/1004/1520 2075/1002/1521
f 2075/1002/1521 2037/1356/1485 2040/1001/1488
f 2070/1358/1517 2076/1015/1522 2074/1004/1520
f 2075/1002/1521 2074/1004/1520 2076/1015/1522
f 2076/1015/1522 2070/1358/1517 2068/1045/1515
f 2037/1356/1485 2075/1002/1521 2036/962/1484
f 2068/1045/1515 2077/1047/1523 2076/1015/1522
f 2077/1047/1523 2068/1045/1515 2067/1046/1514
f 2067/1046/1514 2071/1048/1524 2077/1047/1523
f 2076/1015/1522 2078/1020/1525 2075/1002/1521
f 2078/1020/1525 2076/1015/1522 2077/1047/1523
f 2036/962/1484 2075/1002/1521 2078/1020/1525
f 2079/1049/1526 2077/1047/1523 2071/1048/1524
f 2077/1047/1523 2079/1049/1526 2078/1020/1525
f 2078/1020/1525 2080/1021/872 2036/962/1484
f 2080/1021/872 2078/1020/1525 2079/1049/1526
f 2080/1021/872 2081/1022/1527 2036/962/1484
f 2036/962/1484 2081/1022/1527 2035/961/1258
f 2079/1049/1526 2082/1051/1528 2080/1021/872
f 2081/1022/1527 2080/1021/872 2082/1051/1528
f 2071/1048/1524 2083/1050/1529 2079/1049/1526
f 2082/1051/1528 2079/1049/1526 2083/1050/1529
f 2083/1050/1529 2084/1052/1530 2082/1051/1528
f 2082/1051/1528 2085/1053/1531 2081/1022/1527
f 2086/1359/1532 2088/1360/1533 2087/1361/1534
f 2089/1362/1535 2087/1361/1534 2088/1360/1533
f 2090/1363/1536 2086/1359/1532 2091/1364/1537
f 2087/1361/1534 2091/1364/1537 2086/1359/1532
f 2090/1363/1536 2093/1365/1352 2092/1366/1538
f 2091/1364/1537 2094/1367/1539 2090/1363/1536
f 2090/1363/1536 2094/1367/1539 2093/1365/1352
f 2091/1364/1537 2087/1361/1534 2095/1368/1540
f 2096/1362/1535 2095/1368/1540 2087/1361/1534
f 2095/1368/1540 2097/1369/1541 2091/1364/1537
f 2091/1364/1537 2097/1369/1541 2094/1367/1539
f 2097/1369/1541 2095/1368/1540 2098/1370/1542
f 2099/1362/1543 2098/1370/1542 2095/1368/1540
f 2097/1369/1541 2098/1370/1542 2100/1371/1544
f 2101/1362/1543 2100/1371/1544 2098/1370/1542
f 2094/1367/1539 2097/1369/1541 2102/1372/1545
f 2100/1371/1544 2102/1372/1545 2097/1369/1541
f 2102/1372/1545 2103/1373/1546 2094/1367/1539
f 2094/1367/1539 2103/1373/1546 2104/1374/1355
f 2093/1365/1352 2094/1367/1539 2104/1374/1355
f 2104/1374/1355 2103/1373/1546 2105/1375/1356
f 2103/1373/1546 2102/1372/1545 2106/1376/1547
f 2103/1373/1546 2106/1376/1547 2105/1375/1356
f 2100/1371/1544 2107/1377/1548 2102/1372/1545
f 2102/1372/1545 2107/1377/1548 2106/1376/1547
f 2100/1371/1544 2108/1378/1549 2107/1377/1548
f 2109/1362/1543 2108/1378/1549 2100/1371/1544
f 2110/1379/1550 2106/1376/1547 2107/1377/1548
f 2111/1380/1551 2105/1375/1356 2106/1376/1547
f 2106/1376/1547 2110/1379/1550 2111/1380/1551
f 2112/1381/1552 2107/1377/1548 2108/1378/1549
f 2107/1377/1548 2112/1381/1552 2110/1379/1550
f 2108/1378/1549 2113/1382/1553 2112/1381/1552
f 2114/1362/1543 2113/1382/1553 2108/1378/1549
f 2112/1381/1552 2113/1382/1553 2115/1383/1554
f 2116/1362/1543 2115/1383/1554 2113/1382/1553
f 2110/1379/1550 2112/1381/1552 2117/1384/1555
f 2115/1383/1554 2117/1384/1555 2112/1381/1552
f 2117/1384/1555 2115/1383/1554 2118/1385/1556
f 2119/1362/1543 2118/1385/1556 2115/1383/1554
f 2118/1385/1556 2120/1386/1557 2117/1384/1555
f 2117/1384/1555 2121/1387/1558 2110/1379/1550
f 2121/1387/1558 2117/1384/1555 2120/1386/1557
f 2110/1379/1550 2121/1387/1558 2122/1388/1559
f 2122/1388/1559 2111/1380/1551 2110/1379/1550
f 2123/1389/1560 2122/1388/1559 2121/1387/1558
f 2111/1380/1551 2122/1388/1559 2124/1390/1561
f 2124/1390/1561 2125/1391/1562 2111/1380/1551
f 2105/1375/1356 2111/1380/1551 2125/1391/1562
f 2121/1387/1558 2126/1392/1563 2123/1389/1560
f 2120/1386/1557 2126/1392/1563 2121/1387/1558
f 2125/1391/1562 2127/1393/1357 2105/1375/1356
f 2129/1394/1137 2128/1395/1564 2130/1396/1565
f 2130/1396/1565 2131/1397/1566 2129/1394/1137
f 2133/1398/1567 2131/1397/1566 2130/1396/1565
f 2133/1398/1567 2132/1399/1568 2131/1397/1566
f 2130/1396/1565 2134/1400/1569 2133/1398/1567
f 2130/1396/1565 2135/1401/1570 2134/1400/1569
f 2133/1398/1567 2136/1402/1571 2132/1399/1568
f 2136/1402/1571 2137/1403/1144 2132/1399/1568
f 2138/1404/1572 2134/1400/1569 2135/1401/1570
f 2135/1401/1570 2139/1405/1573 2138/1404/1572
f 2140/1406/1574 2133/1398/1567 2134/1400/1569
f 2140/1406/1574 2136/1402/1571 2133/1398/1567
f 2134/1400/1569 2138/1404/1572 2141/1407/1575
f 2134/1400/1569 2141/1407/1575 2140/1406/1574
f 2142/1408/1576 2138/1404/1572 2139/1405/1573
f 2142/1408/1576 2141/1407/1575 2138/1404/1572
f 2139/1405/1573 2143/1409/1577 2142/1408/1576
f 2144/1410/1578 2142/1408/1576 2143/1409/1577
f 2141/1407/1575 2142/1408/1576 2145/1411/1579
f 2146/1410/1578 2145/1411/1579 2142/1408/1576
f 2141/1407/1575 2145/1411/1579 2147/1412/1580
f 2147/1412/1580 2140/1406/1574 2141/1407/1575
f 2148/1410/1581 2147/1412/1580 2145/1411/1579
f 2147/1412/1580 2149/1413/1582 2140/1406/1574
f 2140/1406/1574 2149/1413/1582 2136/1402/1571
f 2149/1413/1582 2147/1412/1580 2150/1414/1583
f 2151/1410/1581 2150/1414/1583 2147/1412/1580
f 2149/1413/1582 2150/1414/1583 2152/1415/1584
f 2153/1410/1581 2152/1415/1584 2150/1414/1583
f 2136/1402/1571 2149/1413/1582 2154/1416/1585
f 2152/1415/1584 2154/1416/1585 2149/1413/1582
f 2154/1416/1585 2155/1417/1586 2136/1402/1571
f 2136/1402/1571 2155/1417/1586 2137/1403/1144
f 2154/1416/1585 2152/1415/1584 2156/1418/1587
f 2157/1410/1581 2156/1418/1587 2152/1415/1584
f 2155/1417/1586 2154/1416/1585 2158/1419/1588
f 2156/1418/1587 2158/1419/1588 2154/1416/1585
f 2137/1403/1144 2155/1417/1586 2159/1420/1156
f 2158/1419/1588 2160/1421/1589 2155/1417/1586
f 2155/1417/1586 2160/1421/1589 2159/1420/1156
f 2160/1421/1589 2158/1419/1588 2161/1422/1590
f 2161/1422/1590 2158/1419/1588 2156/1418/1587
f 2161/1422/1590 2162/1423/1591 2160/1421/1589
f 2159/1420/1156 2160/1421/1589 2162/1423/1591
f 2156/1418/1587 2163/1424/1592 2161/1422/1590
f 2164/1410/1581 2163/1424/1592 2156/1418/1587
f 2165/1425/1593 2161/1422/1590 2163/1424/1592
f 2162/1423/1591 2161/1422/1590 2165/1425/1593
f 2166/1410/1581 2167/1426/1594 2163/1424/1592
f 2163/1424/1592 2167/1426/1594 2165/1425/1593
f 2165/1425/1593 2167/1426/1594 2168/1427/1595
f 2169/1410/1581 2168/1427/1595 2167/1426/1594
f 2165/1425/1593 2170/1428/1596 2162/1423/1591
f 2168/1427/1595 2171/1429/1597 2165/1425/1593
f 2170/1428/1596 2165/1425/1593 2171/1429/1597
f 2162/1423/1591 2170/1428/1596 2172/1430/1145
f 2171/1429/1597 2173/1431/1598 2170/1428/1596
f 2172/1430/1145 2170/1428/1596 2173/1431/1598
f 2174/1432/1599 2171/1429/1597 2168/1427/1595
f 2173/1431/1598 2171/1429/1597 2174/1432/1599
f 2168/1427/1595 2175/1433/1600 2174/1432/1599
f 2176/1410/1581 2175/1433/1600 2168/1427/1595
f 2177/1434/1601 2174/1432/1599 2175/1433/1600
f 2177/1434/1601 2175/1433/1600 2178/1435/1602
f 2179/1410/1581 2178/1435/1602 2175/1433/1600
f 2180/1436/1603 2174/1432/1599 2177/1434/1601
f 2174/1432/1599 2180/1436/1603 2173/1431/1598
f 2177/1434/1601 2181/1437/1604 2180/1436/1603
f 2182/1438/1605 2180/1436/1603 2181/1437/1604
f 2182/1438/1605 2183/1439/1606 2180/1436/1603
f 2173/1431/1598 2180/1436/1603 2183/1439/1606
f 2183/1439/1606 2182/1438/1605 2184/1440/1607
f 2183/1439/1606 2185/1441/1608 2173/1431/1598
f 2173/1431/1598 2185/1441/1608 2172/1430/1145
f 2184/1440/1607 2186/1442/1376 2183/1439/1606
f 2185/1441/1608 2183/1439/1606 2186/1442/1376
f 2186/1442/1376 2187/1443/1609 2185/1441/1608
f 2172/1430/1145 2188/1444/1153 2162/1423/1591
f 2162/1423/1591 2188/1444/1153 2159/1420/1156
f 2189/1445/1497 2123/1389/1560 2126/1392/1563
f 2126/1392/1563 2190/1446/1610 2189/1445/1497
f 2190/1446/1610 2126/1392/1563 2120/1386/1557
f 2191/1447/1611 2189/1445/1497 2190/1446/1610
f 2191/1447/1611 2190/1446/1610 2193/1448/1612
f 2193/1448/1612 2192/1449/1502 2191/1447/1611
f 2120/1386/1557 2194/1450/1613 2190/1446/1610
f 2193/1448/1612 2190/1446/1610 2194/1450/1613
f 2195/1451/1614 2194/1450/1613 2120/1386/1557
f 2120/1386/1557 2118/1385/1556 2195/1451/1614
f 2196/1362/1543 2195/1451/1614 2118/1385/1556
f 2197/1452/1615 2194/1450/1613 2195/1451/1614
f 2193/1448/1612 2194/1450/1613 2197/1452/1615
f 2197/1452/1615 2195/1451/1614 2198/1453/1616
f 2199/1362/1543 2198/1453/1616 2195/1451/1614
f 2193/1448/1612 2197/1452/1615 2200/1454/1617
f 2200/1454/1617 2197/1452/1615 2198/1453/1616
f 2201/1362/1543 2202/1455/1618 2198/1453/1616
f 2200/1454/1617 2198/1453/1616 2202/1455/1618
f 2200/1454/1617 2202/1455/1618 2203/1456/1619
f 2204/1362/1543 2203/1456/1619 2202/1455/1618
f 2200/1454/1617 2205/1457/1620 2193/1448/1612
f 2192/1449/1502 2193/1448/1612 2205/1457/1620
f 2203/1456/1619 2206/1458/1621 2200/1454/1617
f 2205/1457/1620 2200/1454/1617 2206/1458/1621
f 2205/1457/1620 2207/1459/1622 2192/1449/1502
f 2206/1458/1621 2208/1460/1623 2205/1457/1620
f 2207/1459/1622 2205/1457/1620 2208/1460/1623
f 2203/1456/1619 2209/1461/1624 2206/1458/1621
f 2208/1460/1623 2206/1458/1621 2209/1461/1624
f 2209/1461/1624 2203/1456/1619 2210/1462/1625
f 2211/1362/1543 2210/1462/1625 2203/1456/1619
f 2209/1461/1624 2212/1463/1626 2208/1460/1623
f 2208/1460/1623 2213/1464/1627 2207/1459/1622
f 2208/1460/1623 2212/1463/1626 2213/1464/1627
f 2210/1462/1625 2214/1465/1628 2209/1461/1624
f 2212/1463/1626 2209/1461/1624 2214/1465/1628
f 2210/1462/1625 2215/1466/1629 2214/1465/1628
f 2216/1362/1543 2215/1466/1629 2210/1462/1625
f 2215/1466/1629 2217/1467/1630 2214/1465/1628
f 2215/1466/1629 2218/1468/1631 2217/1467/1630
f 2219/1362/1543 2218/1468/1631 2215/1466/1629
f 2220/1469/1632 2214/1465/1628 2217/1467/1630
f 2214/1465/1628 2220/1469/1632 2212/1463/1626
f 2217/1467/1630 2221/1470/1633 2220/1469/1632
f 2220/1469/1632 2221/1470/1633 2222/1471/1634
f 2212/1463/1626 2220/1469/1632 2223/1472/1635
f 2223/1472/1635 2220/1469/1632 2222/1471/1634
f 2212/1463/1626 2223/1472/1635 2213/1464/1627
f 2223/1472/1635 2222/1471/1634 2224/1473/1636
f 2224/1473/1636 2225/1474/1506 2223/1472/1635
f 2213/1464/1627 2223/1472/1635 2225/1474/1506
f 2225/1474/1506 2226/1475/1637 2213/1464/1627
f 2230/1476/1638 2227/1477/1639 2228/1478/1640
f 2229/1479/1641 2227/1477/1639 2230/1476/1638
f 2228/1478/1640 2231/1480/1642 2230/1476/1638
f 2233/1481/1643 2230/1476/1638 2231/1480/1642
f 2231/1480/1642 2234/1482/1644 2233/1481/1643
f 2230/1476/1638 2235/1483/1645 2229/1479/1641
f 2235/1483/1645 2230/1476/1638 2233/1481/1643
f 2236/1484/1646 2232/1485/1647 2229/1479/1641
f 2229/1479/1641 2235/1483/1645 2236/1484/1646
f 2237/1486/1648 2233/1481/1643 2234/1482/1644
f 2234/1482/1644 2238/1487/1649 2237/1486/1648
f 2239/1410/1578 2237/1486/1648 2238/1487/1649
f 2233/1481/1643 2240/1488/1650 2235/1483/1645
f 2236/1484/1646 2235/1483/1645 2240/1488/1650
f 2233/1481/1643 2237/1486/1648 2241/1489/1651
f 2241/1489/1651 2240/1488/1650 2233/1481/1643
f 2242/1410/1581 2241/1489/1651 2237/1486/1648
f 2240/1488/1650 2243/1490/1652 2236/1484/1646
f 2243/1490/1652 2240/1488/1650 2241/1489/1651
f 2236/1484/1646 2243/1490/1652 2244/1491/1653
f 2241/1489/1651 2245/1492/1654 2243/1490/1652
f 2246/1410/1578 2245/1492/1654 2241/1489/1651
f 2244/1491/1653 2243/1490/1652 2245/1492/1654
f 2247/1410/1581 2248/1493/1655 2245/1492/1654
f 2245/1492/1654 2248/1493/1655 2244/1491/1653
f 2244/1491/1653 2249/1494/1656 2236/1484/1646
f 2232/1485/1647 2236/1484/1646 2249/1494/1656
f 2244/1491/1653 2248/1493/1655 2143/1409/1577
f 2250/1410/1578 2143/1409/1577 2248/1493/1655
f 2143/1409/1577 2139/1405/1573 2244/1491/1653
f 2249/1494/1656 2244/1491/1653 2139/1405/1573
f 2249/1494/1656 2251/1495/1657 2232/1485/1647
f 2252/1496/1658 2251/1495/1657 2249/1494/1656
f 2249/1494/1656 2253/1497/1659 2252/1496/1658
f 2139/1405/1573 2253/1497/1659 2249/1494/1656
f 2255/1498/1660 2252/1496/1658 2253/1497/1659
f 2255/1498/1660 2253/1497/1659 2135/1401/1570
f 2135/1401/1570 2253/1497/1659 2139/1405/1573
f 2135/1401/1570 2130/1396/1565 2255/1498/1660
f 2128/1395/1564 2254/1499/1661 2255/1498/1660
f 2255/1498/1660 2130/1396/1565 2128/1395/1564
f 2256/1500/1662 2257/1501/1410 2258/1502/1663
f 2256/1500/1662 2258/1502/1663 2260/1503/1664
f 2260/1503/1664 2259/1504/1411 2256/1500/1662
f 2261/1505/1665 2260/1503/1664 2258/1502/1663
f 2258/1502/1663 2262/1506/1666 2261/1505/1665
f 2261/1505/1665 2262/1506/1666 2263/1507/1667
f 2259/1504/1411 2260/1503/1664 2264/1508/1668
f 2264/1508/1668 2092/1366/1538 2259/1504/1411
f 2261/1505/1665 2264/1508/1668 2260/1503/1664
f 2261/1505/1665 2263/1507/1667 2088/1360/1533
f 2265/1362/1535 2088/1360/1533 2263/1507/1667
f 2264/1508/1668 2261/1505/1665 2086/1359/1532
f 2088/1360/1533 2086/1359/1532 2261/1505/1665
f 2090/1363/1536 2092/1366/1538 2264/1508/1668
f 2086/1359/1532 2090/1363/1536 2264/1508/1668
f 2267/1509/1669 2266/1510/1670 2268/1511/1671
f 2268/1511/1671 2269/1512/1672 2267/1509/1669
f 2269/1512/1672 2268/1511/1671 2270/1513/1673
f 2270/1513/1673 2271/1514/1107 2269/1512/1672
f 2271/1514/1107 2270/1513/1673 2272/1515/1674
f 2272/1515/1674 2273/1516/1675 2271/1514/1107
f 2273/1516/1675 2272/1515/1674 2274/1517/1676
f 2274/1517/1676 2275/1518/1677 2273/1516/1675
f 2275/1518/1677 2274/1517/1676 2276/1519/1678
f 2276/1519/1678 2277/1520/1679 2275/1518/1677
f 2277/1520/1679 2276/1519/1678 2278/1521/1680
f 2278/1521/1680 2279/1522/1681 2277/1520/1679
f 2279/1522/1681 2278/1521/1680 2280/1523/1682
f 2280/1523/1682 2281/1524/1683 2279/1522/1681
f 2281/1524/1683 2280/1523/1682 2282/1525/1684
f 2282/1525/1684 2283/1526/1685 2281/1524/1683
f 2284/1262/1686 2286/1261/1687 2285/1229/1688
f 2285/1229/1688 2286/1261/1687 2287/1227/1689
f 2285/1229/1688 2288/1287/1690 2284/1262/1686
f 2288/1287/1690 2285/1229/1688 2289/1288/1197
f 2289/1288/1197 2290/1286/1691 2288/1287/1690
f 2287/1227/1689 2291/1228/1692 2285/1229/1688
f 2289/1288/1197 2285/1229/1688 2291/1228/1692
f 2292/1225/1693 2293/1231/1694 2287/1227/1689
f 2291/1228/1692 2287/1227/1689 2293/1231/1694
f 2291/1228/1692 2294/1230/1200 2289/1288/1197
f 2293/1231/1694 2295/1233/1695 2291/1228/1692
f 2294/1230/1200 2291/1228/1692 2295/1233/1695
f 2293/1231/1694 2292/1225/1693 2296/1232/1696
f 2297/1222/1697 2296/1232/1696 2292/1225/1693
f 2295/1233/1695 2293/1231/1694 2298/1235/1086
f 2296/1232/1696 2298/1235/1086 2293/1231/1694
f 2298/1235/1086 2300/1236/1698 2295/1233/1695
f 2295/1233/1695 2301/1234/1699 2294/1230/1200
f 2302/1250/1700 2304/1249/1701 2303/1252/1702
f 2305/1224/1703 2303/1252/1702 2304/1249/1701
f 2306/1251/1704 2307/1241/1705 2302/1250/1700
f 2307/1241/1705 2306/1251/1704 2308/1296/1706
f 2309/1255/1707 2308/1296/1706 2306/1251/1704
f 2302/1250/1700 2310/1253/1708 2306/1251/1704
f 2303/1252/1702 2310/1253/1708 2302/1250/1700
f 2306/1251/1704 2311/1254/1709 2309/1255/1707
f 2311/1254/1709 2306/1251/1704 2310/1253/1708
f 2309/1255/1707 2311/1254/1709 2312/1256/1710
f 2310/1253/1708 2313/1257/1711 2311/1254/1709
f 2314/1259/1712 2312/1256/1710 2311/1254/1709
f 2311/1254/1709 2313/1257/1711 2314/1259/1712
f 2315/1258/1051 2313/1257/1711 2310/1253/1708
f 2310/1253/1708 2303/1252/1702 2315/1258/1051
f 2314/1259/1712 2313/1257/1711 2315/1258/1051
f 2316/1223/1713 2315/1258/1051 2303/1252/1702
f 2303/1252/1702 2305/1224/1703 2316/1223/1713
f 2315/1258/1051 2317/1260/1714 2314/1259/1712
f 2317/1260/1714 2315/1258/1051 2316/1223/1713
f 2312/1256/1710 2314/1259/1712 2286/1261/1687
f 2286/1261/1687 2314/1259/1712 2317/1260/1714
f 2286/1261/1687 2284/1262/1686 2312/1256/1710
f 2297/1222/1697 2316/1223/1713 2305/1224/1703
f 2305/1224/1703 2299/1226/1715 2297/1222/1697
f 2316/1223/1713 2292/1225/1693 2317/1260/1714
f 2292/1225/1693 2316/1223/1713 2297/1222/1697
f 2317/1260/1714 2287/1227/1689 2286/1261/1687
f 2287/1227/1689 2317/1260/1714 2292/1225/1693
f 2321/1263/1716 2320/1264/1636 2322/1265/1717
f 2322/1265/1717 2323/1266/1507 2321/1263/1716
f 2323/1266/1507 2322/1265/1717 2324/1267/1718
f 2324/1267/1718 2325/1268/1719 2323/1266/1507
f 2325/1268/1719 2324/1267/1718 2326/1269/1720
f 2326/1269/1720 2327/1270/1721 2325/1268/1719
f 2328/1271/1722 2327/1270/1721 2326/1269/1720
f 2326/1269/1720 2329/1272/1723 2328/1271/1722
f 2330/1273/1529 2328/1271/1722 2329/1272/1723
f 2329/1272/1723 2331/1274/1724 2330/1273/1529
f 2332/1275/1725 2330/1273/1529 2331/1274/1724
f 2331/1274/1724 2333/1276/1263 2332/1275/1725
f 2334/1300/1726 2336/1297/1727 2335/1298/1728
f 2335/1298/1728 2337/1301/1729 2334/1300/1726
f 2338/1302/1730 2339/1299/1731 2336/1297/1727
f 2336/1297/1727 2334/1300/1726 2338/1302/1730
f 2308/1296/1706 2339/1299/1731 2307/1241/1705
f 2340/1303/1732 2334/1300/1726 2337/1301/1729
f 2337/1301/1729 2341/1304/1640 2340/1303/1732
f 2342/1305/1641 2338/1302/1730 2334/1300/1726
f 2334/1300/1726 2340/1303/1732 2342/1305/1641
f 2339/1299/1731 2338/1302/1730 2343/1237/1733
f 2343/1237/1733 2307/1241/1705 2339/1299/1731
f 2338/1302/1730 2342/1305/1641 2344/1238/1734
f 2344/1238/1734 2343/1237/1733 2338/1302/1730
f 2343/1237/1733 2344/1238/1734 2345/1239/1657
f 2345/1239/1657 2346/1240/1735 2343/1237/1733
f 2307/1241/1705 2343/1237/1733 2346/1240/1735
f 2348/1245/1736 2346/1240/1735 2345/1239/1657
f 2345/1239/1657 2347/1242/1737 2348/1245/1736
f 2349/1244/1738 2348/1245/1736 2347/1242/1737
f 2347/1242/1737 2350/1243/1739 2349/1244/1738
f 2348/1245/1736 2349/1244/1738 2351/1248/1740
f 2349/1244/1738 2319/1246/1564 2318/1247/1130
f 2318/1247/1130 2351/1248/1740 2349/1244/1738
f 2351/1248/1740 2304/1249/1701 2348/1245/1736
f 2346/1240/1735 2348/1245/1736 2304/1249/1701
f 2351/1248/1740 2318/1247/1130 2299/1226/1715
f 2304/1249/1701 2302/1250/1700 2346/1240/1735
f 2346/1240/1735 2302/1250/1700 2307/1241/1705
f 2304/1249/1701 2351/1248/1740 2305/1224/1703
f 2299/1226/1715 2305/1224/1703 2351/1248/1740
f 2352/1277/1741 2353/1278/1314 2354/1279/1742
f 2354/1279/1742 2355/1280/1743 2352/1277/1741
f 2355/1280/1743 2354/1279/1742 2356/1281/1744
f 2357/1284/1317 2352/1277/1741 2355/1280/1743
f 2356/1281/1744 2358/1282/1745 2355/1280/1743
f 2358/1282/1745 2356/1281/1744 2359/1527/1746
f 2355/1280/1743 2360/1528/1747 2357/1284/1317
f 2360/1528/1747 2355/1280/1743 2358/1282/1745
f 2290/1286/1691 2357/1284/1317 2360/1528/1747
f 2359/1527/1746 2361/1290/1748 2358/1282/1745
f 2361/1290/1748 2359/1527/1746 2362/1291/1749
f 2358/1282/1745 2363/1289/1750 2360/1528/1747
f 2363/1289/1750 2358/1282/1745 2361/1290/1748
f 2288/1287/1690 2360/1528/1747 2363/1289/1750
f 2360/1528/1747 2288/1287/1690 2290/1286/1691
f 2361/1290/1748 2364/1292/1751 2363/1289/1750
f 2362/1291/1749 2365/1293/612 2361/1290/1748
f 2364/1292/1751 2361/1290/1748 2365/1293/612
f 2366/1294/1752 2365/1293/612 2362/1291/1749
f 2362/1291/1749 2367/1529/1753 2366/1294/1752
f 2363/1289/1750 2284/1262/1686 2288/1287/1690
f 2284/1262/1686 2363/1289/1750 2364/1292/1751
f 2336/1297/1727 2366/1294/1752 2367/1529/1753
f 2367/1529/1753 2335/1298/1728 2336/1297/1727
f 2365/1293/612 2366/1294/1752 2308/1296/1706
f 2365/1293/612 2309/1255/1707 2364/1292/1751
f 2308/1296/1706 2309/1255/1707 2365/1293/612
f 2364/1292/1751 2312/1256/1710 2284/1262/1686
f 2312/1256/1710 2364/1292/1751 2309/1255/1707
f 2366/1294/1752 2336/1297/1727 2339/1299/1731
f 2339/1299/1731 2308/1296/1706 2366/1294/1752
f 2368/1530/1754 2369/1531/1755 2370/1532/1456
f 2370/1532/1456 2371/1533/1756 2368/1530/1754
f 2371/1533/1756 2370/1532/1456 2372/1534/1757
f 2372/1534/1757 2373/1535/1758 2371/1533/1756
f 2373/1535/1758 2372/1534/1757 2374/1536/1759
f 2374/1536/1759 2375/1537/1760 2373/1535/1758
f 2375/1537/1760 2374/1536/1759 2376/1538/1761
f 2376/1538/1761 2377/1539/1762 2375/1537/1760
f 2377/1539/1762 2376/1538/1761 2378/1540/1763
f 2378/1540/1763 2379/1541/1764 2377/1539/1762
f 2379/1541/1764 2378/1540/1763 2380/1542/1765
f 2380/1542/1765 2381/1543/1766 2379/1541/1764
f 2381/1543/1766 2380/1542/1765 2382/1544/1767
f 2382/1544/1767 2383/1545/1768 2381/1543/1766
f 2383/1545/1768 2382/1544/1767 2384/1546/1670
f 2384/1546/1670 2385/1547/1769 2383/1545/1768
f 2386/1548/1770 2388/1549/1771 2387/1550/1772
f 2387/1550/1772 2389/1551/1773 2386/1548/1770
f 2392/1552/1774 2393/1553/1775 2391/1554/1776
f 2393/1553/1775 2392/1552/1774 2394/1555/1777
f 2395/1556/1778 2394/1555/1777 2392/1552/1774
f 2391/1554/1776 2396/1557/1779 2392/1552/1774
f 2392/1552/1774 2397/1558/1780 2395/1556/1778
f 2397/1558/1780 2392/1552/1774 2396/1557/1779
f 2395/1556/1778 2397/1558/1780 2398/1559/1781
f 2396/1557/1779 2399/1560/1782 2397/1558/1780
f 2400/1561/1783 2398/1559/1781 2397/1558/1780
f 2397/1558/1780 2399/1560/1782 2400/1561/1783
f 2398/1559/1781 2400/1561/1783 2388/1549/1771
f 2388/1549/1771 2386/1548/1770 2398/1559/1781
f 2407/1562/1784 2406/1563/1785 2408/1564/1786
f 2408/1564/1786 2409/1565/1787 2407/1562/1784
f 2405/1566/1788 2407/1562/1784 2409/1565/1787
f 2409/1565/1787 2408/1564/1786 2410/1567/1789
f 2409/1565/1787 2411/1568/1790 2405/1566/1788
f 2410/1567/1789 2412/1569/1791 2409/1565/1787
f 2411/1568/1790 2409/1565/1787 2412/1569/1791
f 2412/1569/1791 2410/1567/1789 2413/1570/1792
f 2404/1571/1793 2405/1566/1788 2411/1568/1790
f 2413/1570/1792 2414/1572/1794 2412/1569/1791
f 2411/1568/1790 2415/1573/1795 2404/1571/1793
f 2412/1569/1791 2416/1574/1796 2411/1568/1790
f 2415/1573/1795 2411/1568/1790 2416/1574/1796
f 2416/1574/1796 2412/1569/1791 2414/1572/1794
f 2414/1572/1794 2413/1570/1792 2417/1575/1797
f 2416/1574/1796 2418/1576/1798 2415/1573/1795
f 2402/1577/1799 2415/1573/1795 2418/1576/1798
f 2418/1576/1798 2403/1578/1800 2402/1577/1799
f 2418/1576/1798 2416/1574/1796 2419/1579/1801
f 2414/1572/1794 2419/1579/1801 2416/1574/1796
f 2403/1578/1800 2418/1576/1798 2420/1580/1802
f 2419/1579/1801 2420/1580/1802 2418/1576/1798
f 2419/1579/1801 2414/1572/1794 2421/1581/1803
f 2417/1575/1797 2421/1581/1803 2414/1572/1794
f 2420/1580/1802 2419/1579/1801 2422/1582/1804
f 2421/1581/1803 2422/1582/1804 2419/1579/1801
f 2420/1580/1802 2423/1583/1805 2403/1578/1800
f 2422/1582/1804 2424/1584/1806 2420/1580/1802
f 2423/1583/1805 2420/1580/1802 2424/1584/1806
f 2425/1585/1807 2421/1581/1803 2417/1575/1797
f 2424/1584/1806 2426/1586/1808 2423/1583/1805
f 2417/1575/1797 2427/1587/1809 2425/1585/1807
f 2428/1588/1810 2426/1586/1808 2424/1584/1806
f 2424/1584/1806 2430/1589/1811 2428/1588/1810
f 2429/1590/1812 2428/1588/1810 2430/1589/1811
f 2430/1589/1811 2424/1584/1806 2422/1582/1804
f 2422/1582/1804 2431/1591/1813 2430/1589/1811
f 2431/1591/1813 2422/1582/1804 2421/1581/1803
f 2421/1581/1803 2425/1585/1807 2431/1591/1813
f 2430/1589/1811 2432/1592/1814 2429/1590/1812
f 2432/1592/1814 2430/1589/1811 2431/1591/1813
f 2401/1593/1815 2429/1590/1812 2432/1592/1814
f 2433/1594/1816 2431/1591/1813 2425/1585/1807
f 2431/1591/1813 2433/1594/1816 2432/1592/1814
f 2432/1592/1814 2434/1595/1817 2401/1593/1815
f 2434/1595/1817 2432/1592/1814 2433/1594/1816
f 2433/1594/1816 2436/1596/1818 2434/1595/1817
f 2435/1597/1819 2434/1595/1817 2436/1596/1818
f 2425/1585/1807 2437/1598/1820 2433/1594/1816
f 2436/1596/1818 2433/1594/1816 2437/1598/1820
f 2437/1598/1820 2425/1585/1807 2427/1587/1809
f 2427/1587/1809 2438/1599/1821 2437/1598/1820
f 2439/1600/1822 2437/1598/1820 2438/1599/1821
f 2437/1598/1820 2439/1600/1822 2436/1596/1818
f 2438/1599/1821 2440/1601/1823 2439/1600/1822
f 2436/1596/1818 2441/1602/1824 2435/1597/1819
f 2441/1602/1824 2436/1596/1818 2439/1600/1822
f 2442/1603/1825 2439/1600/1822 2440/1601/1823
f 2439/1600/1822 2442/1603/1825 2441/1602/1824
f 2440/1601/1823 2443/1604/1826 2442/1603/1825
f 2444/1605/1827 2446/1606/1828 2445/1607/1829
f 2445/1607/1829 2447/1608/1830 2444/1605/1827
f 2448/1609/1831 2449/1610/1832 2446/1606/1828
f 2446/1606/1828 2444/1605/1827 2448/1609/1831
f 2394/1555/1777 2449/1610/1832 2393/1553/1775
f 2450/1611/1833 2444/1605/1827 2447/1608/1830
f 2447/1608/1830 2451/1612/1834 2450/1611/1833
f 2452/1613/1835 2448/1609/1831 2444/1605/1827
f 2444/1605/1827 2450/1611/1833 2452/1613/1835
f 2449/1610/1832 2448/1609/1831 2453/1614/1836
f 2453/1614/1836 2393/1553/1775 2449/1610/1832
f 2448/1609/1831 2452/1613/1835 2454/1615/1837
f 2454/1615/1837 2453/1614/1836 2448/1609/1831
f 2393/1553/1775 2453/1614/1836 2455/1616/1838
f 2455/1616/1838 2391/1554/1776 2393/1553/1775
f 2456/1617/1839 2457/1618/1840 2458/1619/1841
f 2458/1619/1841 2459/1620/1842 2456/1617/1839
f 2459/1620/1842 2458/1619/1841 2460/1621/1843
f 2461/1622/1844 2456/1617/1839 2459/1620/1842
f 2460/1621/1843 2462/1623/1845 2459/1620/1842
f 2462/1623/1845 2460/1621/1843 2463/1624/1846
f 2459/1620/1842 2464/1625/1847 2461/1622/1844
f 2464/1625/1847 2459/1620/1842 2462/1623/1845
f 2390/1626/1848 2461/1622/1844 2464/1625/1847
f 2463/1624/1846 2465/1627/1849 2462/1623/1845
f 2465/1627/1849 2463/1624/1846 2466/1628/1850
f 2462/1623/1845 2467/1629/1851 2464/1625/1847
f 2467/1629/1851 2462/1623/1845 2465/1627/1849
f 2389/1551/1773 2464/1625/1847 2467/1629/1851
f 2464/1625/1847 2389/1551/1773 2390/1626/1848
f 2465/1627/1849 2468/1630/1852 2467/1629/1851
f 2466/1628/1850 2469/1631/1853 2465/1627/1849
f 2468/1630/1852 2465/1627/1849 2469/1631/1853
f 2470/1632/1854 2469/1631/1853 2466/1628/1850
f 2466/1628/1850 2471/1633/1855 2470/1632/1854
f 2467/1629/1851 2386/1548/1770 2389/1551/1773
f 2386/1548/1770 2467/1629/1851 2468/1630/1852
f 2446/1606/1828 2470/1632/1854 2471/1633/1855
f 2471/1633/1855 2445/1607/1829 2446/1606/1828
f 2469/1631/1853 2470/1632/1854 2394/1555/1777
f 2469/1631/1853 2395/1556/1778 2468/1630/1852
f 2394/1555/1777 2395/1556/1778 2469/1631/1853
f 2468/1630/1852 2398/1559/1781 2386/1548/1770
f 2398/1559/1781 2468/1630/1852 2395/1556/1778
f 2470/1632/1854 2446/1606/1828 2449/1610/1832
f 2449/1610/1832 2394/1555/1777 2470/1632/1854
f 2472/1634/1856 2473/1635/1857 2474/1636/1858
f 2474/1636/1858 2475/1637/1859 2472/1634/1856
f 2475/1637/1859 2474/1636/1858 2476/1638/1860
f 2476/1638/1860 2477/1639/1861 2475/1637/1859
f 2477/1639/1861 2476/1638/1860 2478/1640/1862
f 2478/1640/1862 2479/1641/1863 2477/1639/1861
f 2479/1641/1863 2478/1640/1862 2480/1642/1864
f 2480/1642/1864 2481/1643/1865 2479/1641/1863
f 2481/1643/1865 2480/1642/1864 2482/1644/1866
f 2482/1644/1866 2483/1645/1867 2481/1643/1865
f 2483/1645/1867 2482/1644/1866 2484/1646/1868
f 2484/1646/1868 2485/1647/1869 2483/1645/1867
f 2485/1647/1869 2484/1646/1868 2486/1648/1870
f 2486/1648/1870 2487/1649/1871 2485/1647/1869
f 2487/1649/1871 2486/1648/1870 2488/1650/1872
f 2488/1650/1872 2489/1651/1873 2487/1649/1871
f 2491/1652/1874 2492/1653/1875 2490/1654/1876
f 2494/1655/1877 2492/1653/1875 2493/1656/1878
f 2493/1656/1878 2495/1657/1879 2494/1655/1877
f 2496/1658/1880 2494/1655/1877 2495/1657/1879
f 2495/1657/1879 2497/1659/1881 2496/1658/1880
f 2495/1657/1879 2493/1656/1878 2498/1660/1882
f 2497/1659/1881 2495/1657/1879 2499/1661/1883
f 2498/1660/1882 2499/1661/1883 2495/1657/1879
f 2499/1661/1883 2498/1660/1882 2500/1662/1884
f 2500/1662/1884 2502/1663/1885 2499/1661/1883
f 2502/1663/1885 2500/1662/1884 2501/1664/1886
f 2506/1665/1887 2504/1666/1888 2505/1667/1889
f 2504/1666/1888 2506/1665/1887 2503/1668/1890
f 2505/1667/1889 2507/1669/1891 2506/1665/1887
f 2507/1669/1891 2505/1667/1889 2508/1670/1892
f 2511/1671/1893 2508/1670/1892 2510/1672/1894
f 2508/1670/1892 2511/1671/1893 2507/1669/1891
f 2510/1672/1894 2512/1673/1895 2511/1671/1893
f 2513/1674/1896 2512/1673/1895 2510/1672/1894
f 2514/1675/1897 2510/1672/1894 2509/1676/1898
f 2510/1672/1894 2514/1675/1897 2513/1674/1896
f 2509/1676/1898 2515/1677/1899 2514/1675/1897
f 2517/1678/1773 2516/1679/1772 2518/1680/1900
f 2518/1680/1900 2519/1681/1848 2517/1678/1773
f 2518/1680/1900 2516/1679/1772 2520/1682/1901
f 2519/1681/1848 2518/1680/1900 2521/1683/1902
f 2521/1683/1902 2522/1684/1903 2519/1681/1848
f 2520/1682/1901 2523/1685/1904 2518/1680/1900
f 2521/1683/1902 2518/1680/1900 2523/1685/1904
f 2525/1686/1905 2523/1685/1904 2524/1687/1906
f 2523/1685/1904 2525/1686/1905 2521/1683/1902
f 2524/1687/1906 2526/1688/1907 2525/1686/1905
f 2526/1688/1907 2524/1687/1906 2503/1668/1890
f 2521/1683/1902 2525/1686/1905 2527/1689/1908
f 2527/1689/1908 2525/1686/1905 2526/1688/1907
f 2514/1675/1897 2515/1677/1899 2528/1690/1909
f 2528/1690/1909 2529/1691/1910 2514/1675/1897
f 2529/1691/1910 2530/1692/1911 2533/1693/1912
f 2533/1693/1912 2530/1692/1911 2531/1694/1913
f 2534/1695/1914 2531/1694/1913 2532/1696/1915
f 2531/1694/1913 2534/1695/1914 2533/1693/1912
f 2532/1696/1915 2535/1697/1916 2534/1695/1914
f 2534/1695/1914 2535/1697/1916 2536/1698/1917
f 2533/1693/1912 2534/1695/1914 2537/1699/1918
f 2536/1698/1917 2537/1699/1918 2534/1695/1914
f 2533/1693/1912 2538/1700/1919 2529/1691/1910
f 2539/1701/1920 2537/1699/1918 2536/1698/1917
f 2536/1698/1917 2540/1702/1921 2539/1701/1920
f 2539/1701/1920 2540/1702/1921 2541/1703/1922
f 2537/1699/1918 2539/1701/1920 2542/1704/1923
f 2542/1704/1923 2539/1701/1920 2543/1703/1924
f 2537/1699/1918 2544/1705/1925 2533/1693/1912
f 2542/1704/1923 2544/1705/1925 2537/1699/1918
f 2538/1700/1919 2533/1693/1912 2544/1705/1925
f 2545/1706/1926 2544/1705/1925 2542/1704/1923
f 2544/1705/1925 2545/1706/1926 2538/1700/1919
f 2546/1707/1927 2542/1704/1923 2547/1703/1924
f 2542/1704/1923 2546/1707/1927 2545/1706/1926
f 2513/1674/1896 2538/1700/1919 2545/1706/1926
f 2529/1691/1910 2538/1700/1919 2513/1674/1896
f 2513/1674/1896 2514/1675/1897 2529/1691/1910
f 2545/1706/1926 2548/1708/1928 2513/1674/1896
f 2545/1706/1926 2546/1707/1927 2549/1709/1929
f 2549/1709/1929 2546/1707/1927 2550/1703/1924
f 2549/1709/1929 2548/1708/1928 2545/1706/1926
f 2512/1673/1895 2513/1674/1896 2548/1708/1928
f 2548/1708/1928 2549/1709/1929 2551/1710/1930
f 2551/1710/1930 2549/1709/1929 2552/1703/1924
f 2548/1708/1928 2553/1711/1931 2512/1673/1895
f 2551/1710/1930 2553/1711/1931 2548/1708/1928
f 2553/1711/1931 2511/1671/1893 2512/1673/1895
f 2553/1711/1931 2554/1712/1932 2511/1671/1893
f 2551/1710/1930 2554/1712/1932 2553/1711/1931
f 2554/1712/1932 2507/1669/1891 2511/1671/1893
f 2551/1710/1930 2555/1713/1933 2554/1712/1932
f 2555/1713/1933 2551/1710/1930 2556/1703/1924
f 2507/1669/1891 2554/1712/1932 2557/1714/1934
f 2555/1713/1933 2557/1714/1934 2554/1712/1932
f 2557/1714/1934 2555/1713/1933 2558/1715/1935
f 2558/1715/1935 2555/1713/1933 2559/1703/1924
f 2507/1669/1891 2557/1714/1934 2560/1716/1936
f 2557/1714/1934 2558/1715/1935 2561/1717/1937
f 2561/1717/1937 2558/1715/1935 2562/1703/1924
f 2561/1717/1937 2560/1716/1936 2557/1714/1934
f 2560/1716/1936 2506/1665/1887 2507/1669/1891
f 2563/1718/1938 2561/1717/1937 2564/1703/1924
f 2506/1665/1887 2560/1716/1936 2565/1719/1939
f 2503/1668/1890 2506/1665/1887 2565/1719/1939
f 2503/1668/1890 2565/1719/1939 2526/1688/1907
f 2561/1717/1937 2566/1720/1940 2560/1716/1936
f 2566/1720/1940 2561/1717/1937 2563/1718/1938
f 2565/1719/1939 2560/1716/1936 2566/1720/1940
f 2567/1721/1941 2526/1688/1907 2565/1719/1939
f 2565/1719/1939 2566/1720/1940 2567/1721/1941
f 2526/1688/1907 2567/1721/1941 2527/1689/1908
f 2566/1720/1940 2563/1718/1938 2568/1722/1942
f 2568/1722/1942 2567/1721/1941 2566/1720/1940
f 2527/1689/1908 2567/1721/1941 2568/1722/1942
f 2568/1722/1942 2563/1718/1938 2569/1703/1924
f 2568/1722/1942 2570/1723/1943 2527/1689/1908
f 2570/1723/1943 2568/1722/1942 2571/1703/1924
f 2572/1724/1944 2527/1689/1908 2570/1723/1943
f 2527/1689/1908 2572/1724/1944 2521/1683/1902
f 2573/1725/1945 2570/1723/1943 2574/1703/1924
f 2570/1723/1943 2573/1725/1945 2572/1724/1944
f 2522/1684/1903 2521/1683/1902 2572/1724/1944
f 2572/1724/1944 2573/1725/1945 2575/1726/1946
f 2575/1726/1946 2573/1725/1945 2576/1703/1924
f 2572/1724/1944 2577/1727/1947 2522/1684/1903
f 2575/1726/1946 2577/1727/1947 2572/1724/1944
f 2522/1684/1903 2577/1727/1947 2578/1728/1948
f 2577/1727/1947 2575/1726/1946 2579/1729/1949
f 2579/1729/1949 2578/1728/1948 2577/1727/1947
f 2579/1729/1949 2575/1726/1946 2580/1703/1924
f 2581/1730/1950 2578/1728/1948 2579/1729/1949
f 2579/1729/1949 2582/1731/1951 2581/1730/1950
f 2582/1731/1951 2579/1729/1949 2583/1703/1924
f 2582/1731/1951 2584/1732/1952 2581/1730/1950
f 2582/1731/1951 2585/1733/1953 2584/1732/1952
f 2585/1733/1953 2582/1731/1951 2586/1703/1924
f 2499/1661/1883 2502/1663/1885 2587/1734/1954
f 2501/1664/1886 2589/1735/1955 2502/1663/1885
f 2589/1735/1955 2501/1664/1886 2588/1736/1956
f 2502/1663/1885 2589/1735/1955 2590/1737/1957
f 2590/1737/1957 2587/1734/1954 2502/1663/1885
f 2588/1736/1956 2591/1738/1958 2589/1735/1955
f 2590/1737/1957 2589/1735/1955 2591/1738/1958
f 2591/1738/1958 2588/1736/1956 2592/1739/1959
f 2592/1739/1959 2594/1740/1960 2591/1738/1958
f 2592/1739/1959 2593/1741/1961 2595/1742/1962
f 2594/1740/1960 2592/1739/1959 2595/1742/1962
f 2593/1741/1961 2596/1743/1963 2595/1742/1962
f 2597/1744/1964 2598/1745/1819 2596/1743/1963
f 2596/1743/1963 2598/1745/1819 2595/1742/1962
f 2602/1746/1965 2600/1747/1966 2601/1748/1967
f 2601/1748/1967 2603/1749/1968 2602/1746/1965
f 2604/1750/1969 2602/1746/1965 2603/1749/1968
f 2600/1747/1966 2602/1746/1965 2605/1751/1970
f 2605/1751/1970 2599/1752/1824 2600/1747/1966
f 2604/1750/1969 2606/1753/1971 2602/1746/1965
f 2606/1753/1971 2605/1751/1970 2602/1746/1965
f 2607/1754/1972 2606/1753/1971 2604/1750/1969
f 2604/1750/1969 2608/1755/1229 2607/1754/1972
f 2607/1754/1972 2608/1755/1229 2609/1756/1973
f 2606/1753/1971 2607/1754/1972 2610/1757/1974
f 2610/1757/1974 2607/1754/1972 2611/1756/1973
f 2605/1751/1970 2606/1753/1971 2612/1758/1975
f 2610/1757/1974 2612/1758/1975 2606/1753/1971
f 2599/1752/1824 2605/1751/1970 2613/1759/1976
f 2612/1758/1975 2613/1759/1976 2605/1751/1970
f 2613/1759/1976 2598/1745/1819 2599/1752/1824
f 2612/1758/1975 2610/1757/1974 2614/1760/1977
f 2614/1760/1977 2610/1757/1974 2615/1756/1973
f 2613/1759/1976 2612/1758/1975 2616/1761/1978
f 2614/1760/1977 2616/1761/1978 2612/1758/1975
f 2598/1745/1819 2613/1759/1976 2617/1762/1979
f 2613/1759/1976 2616/1761/1978 2617/1762/1979
f 2617/1762/1979 2595/1742/1962 2598/1745/1819
f 2595/1742/1962 2617/1762/1979 2594/1740/1960
f 2617/1762/1979 2616/1761/1978 2618/1763/1980
f 2614/1760/1977 2618/1763/1980 2616/1761/1978
f 2594/1740/1960 2617/1762/1979 2618/1763/1980
f 2618/1763/1980 2614/1760/1977 2619/1764/1981
f 2619/1764/1981 2614/1760/1977 2620/1756/1973
f 2618/1763/1980 2619/1764/1981 2621/1765/1982
f 2621/1765/1982 2619/1764/1981 2622/1756/1973
f 2594/1740/1960 2618/1763/1980 2623/1766/1983
f 2621/1765/1982 2623/1766/1983 2618/1763/1980
f 2594/1740/1960 2623/1766/1983 2624/1767/1984
f 2624/1767/1984 2591/1738/1958 2594/1740/1960
f 2591/1738/1958 2624/1767/1984 2590/1737/1957
f 2625/1768/1985 2624/1767/1984 2623/1766/1983
f 2623/1766/1983 2621/1765/1982 2625/1768/1985
f 2590/1737/1957 2624/1767/1984 2625/1768/1985
f 2625/1768/1985 2621/1765/1982 2626/1756/1973
f 2625/1768/1985 2627/1769/1986 2590/1737/1957
f 2627/1769/1986 2625/1768/1985 2628/1756/1973
f 2587/1734/1954 2590/1737/1957 2627/1769/1986
f 2627/1769/1986 2629/1770/1987 2587/1734/1954
f 2629/1770/1987 2627/1769/1986 2630/1756/1973
f 2631/1771/1988 2587/1734/1954 2629/1770/1987
f 2587/1734/1954 2631/1771/1988 2499/1661/1883
f 2499/1661/1883 2631/1771/1988 2497/1659/1881
f 2629/1770/1987 2632/1772/1989 2631/1771/1988
f 2632/1772/1989 2629/1770/1987 2633/1756/1973
f 2634/1773/1990 2497/1659/1881 2631/1771/1988
f 2631/1771/1988 2632/1772/1989 2634/1773/1990
f 2634/1773/1990 2632/1772/1989 2635/1756/1973
f 2497/1659/1881 2634/1773/1990 2636/1774/1991
f 2636/1774/1991 2634/1773/1990 2637/1756/1973
f 2638/1775/1992 2640/1776/1993 2639/1777/1994
f 2639/1777/1994 2641/1778/1995 2638/1775/1992
f 2641/1778/1995 2639/1777/1994 2642/1779/1996
f 2638/1775/1992 2641/1778/1995 2643/1780/1997
f 2643/1780/1997 2644/1781/1998 2638/1775/1992
f 2645/1782/1999 2644/1781/1998 2643/1780/1997
f 2643/1780/1997 2641/1778/1995 2646/1783/2000
f 2642/1779/1996 2646/1783/2000 2641/1778/1995
f 2643/1780/1997 2647/1784/2001 2645/1782/1999
f 2645/1782/1999 2647/1784/2001 2648/1756/1973
f 2646/1783/2000 2649/1785/2002 2643/1780/1997
f 2647/1784/2001 2643/1780/1997 2649/1785/2002
f 2646/1783/2000 2642/1779/1996 2650/1786/2003
f 2649/1785/2002 2646/1783/2000 2651/1787/2004
f 2650/1786/2003 2651/1787/2004 2646/1783/2000
f 2649/1785/2002 2652/1788/2005 2647/1784/2001
f 2647/1784/2001 2652/1788/2005 2653/1756/1973
f 2651/1787/2004 2654/1789/2006 2649/1785/2002
f 2652/1788/2005 2649/1785/2002 2654/1789/2006
f 2654/1789/2006 2651/1787/2004 2655/1790/2007
f 2654/1789/2006 2656/1791/2008 2652/1788/2005
f 2652/1788/2005 2656/1791/2008 2657/1756/1973
f 2656/1791/2008 2654/1789/2006 2658/1792/2009
f 2655/1790/2007 2658/1792/2009 2654/1789/2006
f 2658/1792/2009 2659/1793/2010 2656/1791/2008
f 2656/1791/2008 2659/1793/2010 2660/1756/1973
f 2636/1774/1991 2659/1793/2010 2658/1792/2009
f 2659/1793/2010 2636/1774/1991 2661/1756/1973
f 2636/1774/1991 2658/1792/2009 2496/1658/1880
f 2496/1658/1880 2658/1792/2009 2655/1790/2007
f 2636/1774/1991 2496/1658/1880 2497/1659/1881
f 2662/1794/2011 2655/1790/2007 2651/1787/2004
f 2651/1787/2004 2650/1786/2003 2662/1794/2011
f 2496/1658/1880 2655/1790/2007 2494/1655/1877
f 2655/1790/2007 2662/1794/2011 2492/1653/1875
f 2492/1653/1875 2494/1655/1877 2655/1790/2007
f 2663/1795/2012 2662/1794/2011 2650/1786/2003
f 2490/1654/1876 2662/1794/2011 2663/1795/2012
f 2490/1654/1876 2492/1653/1875 2662/1794/2011
f 2664/1796/2013 2666/1797/2014 2665/1798/2015
f 2664/1796/2013 2667/1799/2016 2666/1797/2014
f 2664/1796/2013 2665/1798/2015 2668/1800/2017
f 2581/1730/1950 2667/1799/2016 2664/1796/2013
f 2581/1730/1950 2584/1732/1952 2667/1799/2016
f 2668/1800/2017 2669/1801/2018 2664/1796/2013
f 2581/1730/1950 2664/1796/2013 2669/1801/2018
f 2522/1684/1903 2669/1801/2018 2668/1800/2017
f 2668/1800/2017 2519/1681/1848 2522/1684/1903
f 2669/1801/2018 2578/1728/1948 2581/1730/1950
f 2578/1728/1948 2669/1801/2018 2522/1684/1903
f 2670/1802/2019 2672/1803/2020 2671/1804/2021
f 2671/1804/2021 2673/1805/2022 2670/1802/2019
f 2674/1806/2023 2670/1802/2019 2673/1805/2022
f 2673/1805/2022 2675/1807/2024 2674/1806/2023
f 2676/1808/2025 2674/1806/2023 2675/1807/2024
f 2675/1807/2024 2677/1809/2026 2676/1808/2025
f 2678/1810/2027 2676/1808/2025 2677/1809/2026
f 2677/1809/2026 2679/1811/2028 2678/1810/2027
f 2682/1812/2029 2680/1813/2030 2681/1814/2031
f 2681/1814/2031 2683/1815/2032 2682/1812/2029
f 2684/1816/2033 2682/1812/2029 2683/1815/2032
f 2683/1815/2032 2685/1817/2034 2684/1816/2033
f 2686/1818/2035 2684/1816/2033 2685/1817/2034
f 2685/1817/2034 2687/1819/2036 2686/1818/2035
f 2688/1803/2020 2686/1818/2035 2687/1819/2036
f 2687/1819/2036 2689/1804/2021 2688/1803/2020
f 2690/1820/2037 2692/1821/2038 2691/1822/2039
f 2693/1823/2040 2690/1820/2037 2694/1824/2041
f 2695/1825/2042 2692/1821/2038 2690/1820/2037
f 2690/1820/2037 2693/1823/2040 2695/1825/2042
f 2694/1824/2041 2696/1826/2043 2693/1823/2040
f 2696/1826/2043 2694/1824/2041 2697/1827/2044
f 2698/1828/2045 2695/1825/2042 2693/1823/2040
f 2699/1829/2046 2693/1823/2040 2696/1826/2043
f 2693/1823/2040 2699/1829/2046 2698/1828/2045
f 2697/1827/2044 2700/1830/2047 2696/1826/2043
f 2696/1826/2043 2701/1831/2048 2699/1829/2046
f 2701/1831/2048 2696/1826/2043 2700/1830/2047
f 2700/1830/2047 2697/1827/2044 2702/1832/2049
f 2703/1833/1898 2699/1829/2046 2701/1831/2048
f 2704/1834/1894 2698/1828/2045 2699/1829/2046
f 2699/1829/2046 2703/1833/1898 2704/1834/1894
f 2700/1830/2047 2705/1835/2050 2701/1831/2048
f 2701/1831/2048 2706/1836/2051 2703/1833/1898
f 2706/1836/2051 2701/1831/2048 2705/1835/2050
f 2707/1837/1899 2703/1833/1898 2706/1836/2051
f 2705/1835/2050 2700/1830/2047 2708/1838/2052
f 2702/1832/2049 2708/1838/2052 2700/1830/2047
f 2709/1839/1772 2710/1840/1771 2711/1841/2053
f 2711/1841/2053 2712/1842/2054 2709/1839/1772
f 2713/1843/2055 2714/1844/2056 2711/1841/2053
f 2712/1842/2054 2711/1841/2053 2714/1844/2056
f 2714/1844/2056 2716/1845/2057 2712/1842/2054
f 2715/1846/1904 2712/1842/2054 2716/1845/2057
f 2714/1844/2056 2713/1843/2055 2717/1847/2058
f 2718/1848/2059 2717/1847/2058 2713/1843/2055
f 2716/1845/2057 2714/1844/2056 2719/1849/2060
f 2717/1847/2058 2719/1849/2060 2714/1844/2056
f 2717/1847/2058 2718/1848/2059 2702/1832/2049
f 2702/1832/2049 2718/1848/2059 2720/1850/2061
f 2719/1849/2060 2717/1847/2058 2697/1827/2044
f 2702/1832/2049 2697/1827/2044 2717/1847/2058
f 2719/1849/2060 2721/1851/2062 2716/1845/2057
f 2716/1845/2057 2722/1852/2063 2715/1846/1904
f 2722/1852/2063 2716/1845/2057 2721/1851/2062
f 2721/1851/2062 2691/1822/2039 2722/1852/2063
f 2721/1851/2062 2719/1849/2060 2694/1824/2041
f 2697/1827/2044 2694/1824/2041 2719/1849/2060
f 2694/1824/2041 2690/1820/2037 2721/1851/2062
f 2691/1822/2039 2721/1851/2062 2690/1820/2037
f 2723/1853/1776 2725/1854/2064 2724/1855/2065
f 2726/1856/2066 2724/1855/2065 2725/1854/2064
f 2724/1855/2065 2727/1857/2067 2723/1853/1776
f 2730/1858/2068 2728/1859/1782 2727/1857/2067
f 2727/1857/2067 2724/1855/2065 2730/1858/2068
f 2729/1860/2069 2728/1859/1782 2730/1858/2068
f 2731/1861/2070 2730/1858/2068 2724/1855/2065
f 2724/1855/2065 2726/1856/2066 2731/1861/2070
f 2730/1858/2068 2732/1862/2071 2729/1860/2069
f 2732/1862/2071 2730/1858/2068 2731/1861/2070
f 2710/1840/1771 2729/1860/2069 2732/1862/2071
f 2718/1848/2059 2731/1861/2070 2726/1856/2066
f 2726/1856/2066 2720/1850/2061 2718/1848/2059
f 2731/1861/2070 2713/1843/2055 2732/1862/2071
f 2713/1843/2055 2731/1861/2070 2718/1848/2059
f 2732/1862/2071 2711/1841/2053 2710/1840/1771
f 2711/1841/2053 2732/1862/2071 2713/1843/2055
f 2733/1863/2072 2735/1864/2073 2734/1865/2074
f 2733/1863/2072 2736/1866/2075 2735/1864/2073
f 2736/1866/2075 2737/1867/2076 2735/1864/2073
f 2738/1868/2077 2735/1864/2073 2737/1867/2076
f 2739/1869/2078 2733/1863/2072 2734/1865/2074
f 2734/1865/2074 2740/1870/2079 2739/1869/2078
f 2739/1869/2078 2741/1871/2080 2733/1863/2072
f 2741/1871/2080 2742/1872/2030 2733/1863/2072
f 2739/1869/2078 2743/1873/2081 2741/1871/2080
f 2743/1873/2081 2744/1874/2082 2741/1871/2080
f 2743/1873/2081 2745/1875/2083 2744/1874/2082
f 2746/1876/2084 2743/1873/2081 2739/1869/2078
f 2739/1869/2078 2747/1877/2085 2746/1876/2084
f 2748/1878/2086 2749/1879/2087 2738/1868/2077
f 2738/1868/2077 2750/1880/2088 2748/1878/2086
f 2737/1867/2076 2750/1880/2088 2738/1868/2077
f 2737/1867/2076 2751/1881/2089 2750/1880/2088
f 2752/1882/2090 2748/1878/2086 2750/1880/2088
f 2752/1882/2090 2750/1880/2088 2753/1883/2091
f 2753/1883/2091 2754/1884/2092 2752/1882/2090
f 2754/1884/2092 2755/1885/2093 2752/1882/2090
f 2755/1885/2093 2754/1884/2092 2756/1886/2094
f 2756/1886/2094 2757/1887/2095 2755/1885/2093
f 2754/1884/2092 2759/1888/2096 2758/1889/2097
f 2756/1886/2094 2754/1884/2092 2758/1889/2097
f 2758/1889/2097 2760/1890/2098 2756/1886/2094
f 2760/1890/2098 2761/1891/2099 2756/1886/2094
f 2761/1891/2099 2762/1892/2100 2756/1886/2094
f 2762/1892/2100 2763/1893/1869 2756/1886/2094
f 2761/1891/2099 2764/1894/2101 2762/1892/2100
f 2705/1835/2050 2765/1895/2102 2706/1836/2051
f 2706/1836/2051 2766/1896/2103 2707/1837/1899
f 2766/1896/2103 2706/1836/2051 2765/1895/2102
f 2765/1895/2102 2705/1835/2050 2767/1897/2104
f 2708/1838/2052 2767/1897/2104 2705/1835/2050
f 2765/1895/2102 2768/1898/2105 2766/1896/2103
f 2769/1899/2106 2708/1838/2052 2702/1832/2049
f 2767/1897/2104 2770/1900/2107 2765/1895/2102
f 2768/1898/2105 2765/1895/2102 2770/1900/2107
f 2771/1901/2108 2767/1897/2104 2708/1838/2052
f 2708/1838/2052 2769/1899/2106 2771/1901/2108
f 2772/1902/2109 2770/1900/2107 2767/1897/2104
f 2767/1897/2104 2771/1901/2108 2772/1902/2109
f 2770/1900/2107 2773/1903/2110 2768/1898/2105
f 2702/1832/2049 2774/1904/2111 2769/1899/2106
f 2720/1850/2061 2774/1904/2111 2702/1832/2049
f 2774/1904/2111 2720/1850/2061 2775/1905/2112
f 2776/1906/2113 2773/1903/2110 2770/1900/2107
f 2770/1900/2107 2772/1902/2109 2776/1906/2113
f 2775/1905/2112 2777/1907/2114 2774/1904/2111
f 2777/1907/2114 2775/1905/2112 2778/1908/2115
f 2774/1904/2111 2777/1907/2114 2779/1909/2116
f 2779/1909/2116 2769/1899/2106 2774/1904/2111
f 2778/1908/2115 2780/1910/2117 2777/1907/2114
f 2781/1911/2118 2779/1909/2116 2777/1907/2114
f 2777/1907/2114 2780/1910/2117 2781/1911/2118
f 2780/1910/2117 2778/1908/2115 2782/1912/2119
f 2782/1912/2119 2783/1913/2120 2780/1910/2117
f 2780/1910/2117 2783/1913/2120 2784/1914/2121
f 2784/1914/2121 2781/1911/2118 2780/1910/2117
f 2781/1911/2118 2784/1914/2121 2785/1915/2122
f 2786/1916/2123 2788/1917/2124 2789/1918/2125
f 2789/1918/2125 2785/1915/2122 2786/1916/2123
f 2785/1915/2122 2789/1918/2125 2781/1911/2118
f 2779/1909/2116 2781/1911/2118 2789/1918/2125
f 2789/1918/2125 2790/1919/2126 2779/1909/2116
f 2790/1919/2126 2789/1918/2125 2788/1917/2124
f 2769/1899/2106 2779/1909/2116 2790/1919/2126
f 2790/1919/2126 2771/1901/2108 2769/1899/2106
f 2788/1917/2124 2791/1920/2127 2790/1919/2126
f 2771/1901/2108 2790/1919/2126 2791/1920/2127
f 2791/1920/2127 2788/1917/2124 2787/1921/2128
f 2791/1920/2127 2772/1902/2109 2771/1901/2108
f 2772/1902/2109 2791/1920/2127 2792/1922/2129
f 2787/1921/2128 2792/1922/2129 2791/1920/2127
f 2792/1922/2129 2776/1906/2113 2772/1902/2109
f 2796/1923/2130 2795/1924/2131 2794/1925/2132
f 2794/1925/2132 2797/1926/2133 2796/1923/2130
f 2778/1908/2115 2796/1923/2130 2797/1926/2133
f 2797/1926/2133 2782/1912/2119 2778/1908/2115
f 2795/1924/2131 2796/1923/2130 2798/1927/2134
f 2796/1923/2130 2778/1908/2115 2775/1905/2112
f 2775/1905/2112 2798/1927/2134 2796/1923/2130
f 2798/1927/2134 2725/1854/2064 2795/1924/2131
f 2793/1928/1838 2795/1924/2131 2725/1854/2064
f 2798/1927/2134 2775/1905/2112 2720/1850/2061
f 2725/1854/2064 2723/1853/1776 2793/1928/1838
f 2725/1854/2064 2798/1927/2134 2726/1856/2066
f 2720/1850/2061 2726/1856/2066 2798/1927/2134
f 2804/1553/2135 2802/1614/2136 2803/1616/2137
f 2803/1616/2137 2805/1554/2138 2804/1553/2135
f 2806/1552/2139 2804/1553/2135 2805/1554/2138
f 2805/1554/2138 2807/1557/2140 2806/1552/2139
f 2808/1558/2141 2806/1552/2139 2807/1557/2140
f 2806/1552/2139 2808/1558/2141 2809/1556/2142
f 2809/1556/2142 2808/1558/2141 2810/1559/2143
f 2807/1557/2140 2811/1560/2144 2808/1558/2141
f 2808/1558/2141 2811/1560/2144 2812/1561/2145
f 2812/1561/2145 2810/1559/2143 2808/1558/2141
f 2810/1559/2143 2812/1561/2145 2813/1549/2146
f 2813/1549/2146 2814/1548/2147 2810/1559/2143
f 2814/1548/2147 2813/1549/2146 2799/1550/2148
f 2816/1588/2149 2817/1586/2110 2819/1584/2150
f 2819/1584/2150 2817/1586/2110 2818/1583/2151
f 2819/1584/2150 2820/1589/2152 2816/1588/2149
f 2815/1590/2103 2816/1588/2149 2820/1589/2152
f 2820/1589/2152 2821/1592/2153 2815/1590/2103
f 2800/1593/1899 2815/1590/2103 2821/1592/2153
f 2821/1592/2153 2822/1595/1909 2800/1593/1899
f 2826/1929/2154 2825/1563/2155 2827/1564/2156
f 2827/1564/2156 2829/1565/2157 2826/1929/2154
f 2828/1566/2158 2826/1929/2154 2829/1565/2157
f 2829/1565/2157 2827/1564/2156 2830/1567/2159
f 2824/1571/2160 2828/1566/2158 2831/1568/2161
f 2829/1565/2157 2831/1568/2161 2828/1566/2158
f 2830/1567/2159 2832/1569/2162 2829/1565/2157
f 2831/1568/2161 2829/1565/2157 2832/1569/2162
f 2832/1569/2162 2830/1567/2159 2833/1570/2163
f 2833/1570/2163 2834/1572/2164 2832/1569/2162
f 2834/1572/2164 2833/1570/2163 2835/1575/2165
f 2832/1569/2162 2836/1574/2166 2831/1568/2161
f 2836/1574/2166 2832/1569/2162 2834/1572/2164
f 2831/1568/2161 2837/1573/2167 2824/1571/2160
f 2837/1573/2167 2831/1568/2161 2836/1574/2166
f 2840/1576/2168 2839/1578/2129 2838/1577/2128
f 2838/1577/2128 2837/1573/2167 2840/1576/2168
f 2836/1574/2166 2840/1576/2168 2837/1573/2167
f 2841/1580/2169 2818/1583/2151 2839/1578/2129
f 2839/1578/2129 2840/1576/2168 2841/1580/2169
f 2818/1583/2151 2841/1580/2169 2819/1584/2150
f 2840/1576/2168 2836/1574/2166 2842/1579/2170
f 2842/1579/2170 2841/1580/2169 2840/1576/2168
f 2834/1572/2164 2842/1579/2170 2836/1574/2166
f 2843/1582/2171 2819/1584/2150 2841/1580/2169
f 2841/1580/2169 2842/1579/2170 2843/1582/2171
f 2820/1589/2152 2819/1584/2150 2843/1582/2171
f 2842/1579/2170 2834/1572/2164 2844/1581/2172
f 2844/1581/2172 2843/1582/2171 2842/1579/2170
f 2835/1575/2165 2844/1581/2172 2834/1572/2164
f 2843/1582/2171 2845/1591/2173 2820/1589/2152
f 2845/1591/2173 2843/1582/2171 2844/1581/2172
f 2821/1592/2153 2820/1589/2152 2845/1591/2173
f 2846/1585/2174 2844/1581/2172 2835/1575/2165
f 2844/1581/2172 2846/1585/2174 2845/1591/2173
f 2835/1575/2165 2847/1587/2175 2846/1585/2174
f 2845/1591/2173 2848/1594/2176 2821/1592/2153
f 2848/1594/2176 2845/1591/2173 2846/1585/2174
f 2822/1595/1909 2821/1592/2153 2848/1594/2176
f 2849/1598/2177 2846/1585/2174 2847/1587/2175
f 2846/1585/2174 2849/1598/2177 2848/1594/2176
f 2847/1587/2175 2850/1599/2178 2849/1598/2177
f 2848/1594/2176 2851/1596/2179 2822/1595/1909
f 2851/1596/2179 2848/1594/2176 2849/1598/2177
f 2823/1597/1910 2822/1595/1909 2851/1596/2179
f 2852/1600/2180 2849/1598/2177 2850/1599/2178
f 2849/1598/2177 2852/1600/2180 2851/1596/2179
f 2850/1599/2178 2853/1601/2181 2852/1600/2180
f 2854/1602/2182 2851/1596/2179 2852/1600/2180
f 2851/1596/2179 2854/1602/2182 2823/1597/1910
f 2855/1930/2183 2852/1600/2180 2853/1601/2181
f 2852/1600/2180 2855/1930/2183 2854/1602/2182
f 2853/1601/2181 2856/1604/2184 2855/1930/2183
f 2857/1931/2185 2858/1618/2186 2859/1619/2187
f 2859/1619/2187 2860/1620/2188 2857/1931/2185
f 2860/1620/2188 2859/1619/2187 2861/1621/2189
f 2861/1621/2189 2862/1623/2190 2860/1620/2188
f 2862/1623/2190 2861/1621/2189 2863/1624/2191
f 2864/1622/1996 2857/1931/2185 2860/1620/2188
f 2865/1625/2192 2860/1620/2188 2862/1623/2190
f 2860/1620/2188 2865/1625/2192 2864/1622/1996
f 2866/1626/2003 2864/1622/1996 2865/1625/2192
f 2865/1625/2192 2867/1551/2193 2866/1626/2003
f 2867/1551/2193 2865/1625/2192 2868/1629/2194
f 2862/1623/2190 2868/1629/2194 2865/1625/2192
f 2868/1629/2194 2814/1548/2147 2867/1551/2193
f 2799/1550/2148 2867/1551/2193 2814/1548/2147
f 2868/1629/2194 2862/1623/2190 2869/1627/2195
f 2863/1624/2191 2869/1627/2195 2862/1623/2190
f 2869/1627/2195 2863/1624/2191 2870/1628/2196
f 2869/1627/2195 2871/1630/2197 2868/1629/2194
f 2814/1548/2147 2868/1629/2194 2871/1630/2197
f 2870/1628/2196 2872/1631/2198 2869/1627/2195
f 2871/1630/2197 2869/1627/2195 2872/1631/2198
f 2873/1632/2199 2872/1631/2198 2870/1628/2196
f 2870/1628/2196 2874/1633/2200 2873/1632/2199
f 2872/1631/2198 2809/1556/2142 2871/1630/2197
f 2871/1630/2197 2810/1559/2143 2814/1548/2147
f 2810/1559/2143 2871/1630/2197 2809/1556/2142
f 2875/1555/2201 2809/1556/2142 2872/1631/2198
f 2872/1631/2198 2873/1632/2199 2875/1555/2201
f 2876/1606/2202 2873/1632/2199 2874/1633/2200
f 2874/1633/2200 2877/1607/2203 2876/1606/2202
f 2878/1610/2204 2875/1555/2201 2873/1632/2199
f 2873/1632/2199 2876/1606/2202 2878/1610/2204
f 2809/1556/2142 2875/1555/2201 2806/1552/2139
f 2879/1605/2205 2876/1606/2202 2877/1607/2203
f 2877/1607/2203 2880/1608/2206 2879/1605/2205
f 2881/1609/2207 2878/1610/2204 2876/1606/2202
f 2876/1606/2202 2879/1605/2205 2881/1609/2207
f 2875/1555/2201 2878/1610/2204 2804/1553/2135
f 2804/1553/2135 2806/1552/2139 2875/1555/2201
f 2878/1610/2204 2881/1609/2207 2802/1614/2136
f 2802/1614/2136 2804/1553/2135 2878/1610/2204
f 2882/1932/2208 2879/1605/2205 2880/1608/2206
f 2880/1608/2206 2883/1612/2209 2882/1932/2208
f 2879/1605/2205 2882/1932/2208 2884/1613/2210
f 2884/1613/2210 2881/1609/2207 2879/1605/2205
f 2881/1609/2207 2884/1613/2210 2801/1615/2211
f 2801/1615/2211 2802/1614/2136 2881/1609/2207
f 2887/1933/2212 2886/1934/2213 2885/1935/2214
f 2887/1933/2212 2885/1935/2214 2888/1936/2215
f 2889/1937/2216 2887/1933/2212 2888/1936/2215
f 2889/1937/2216 2888/1936/2215 2890/1938/2217
f 2891/1939/2218 2889/1937/2216 2890/1938/2217
f 2891/1939/2218 2890/1938/2217 2892/1940/2219
f 2893/1941/2220 2891/1939/2218 2892/1940/2219
f 2893/1941/2220 2892/1940/2219 2894/1942/2221
f 2895/1943/2222 2893/1941/2220 2894/1942/2221
f 2895/1943/2222 2894/1942/2221 2896/1944/2223
f 2897/1945/2224 2895/1943/2222 2896/1944/2223
f 2897/1945/2224 2896/1944/2223 2898/1946/2225
f 2899/1947/2226 2897/1945/2224 2898/1946/2225
f 2899/1947/2226 2898/1946/2225 2900/1948/2227
f 2901/1949/2228 2899/1947/2226 2900/1948/2227
f 2901/1949/2228 2900/1948/2227 2902/1950/2229
f 2903/1951/2230 2905/1952/2231 2904/1953/2232
f 2906/1954/2233 2904/1953/2232 2905/1952/2231
f 2907/1955/2234 2903/1951/2230 2908/1956/2235
f 2904/1953/2232 2908/1956/2235 2903/1951/2230
f 2907/1955/2234 2910/1957/2236 2909/1958/2211
f 2911/1959/2237 2909/1958/2211 2910/1957/2236
f 2908/1956/2235 2912/1960/2238 2907/1955/2234
f 2907/1955/2234 2912/1960/2238 2910/1957/2236
f 2910/1957/2236 2913/1961/2239 2911/1959/2237
f 2908/1956/2235 2904/1953/2232 2914/1962/2240
f 2915/1954/2233 2914/1962/2240 2904/1953/2232
f 2914/1962/2240 2916/1963/2241 2908/1956/2235
f 2908/1956/2235 2916/1963/2241 2912/1960/2238
f 2916/1963/2241 2914/1962/2240 2917/1964/2242
f 2918/1954/2233 2917/1964/2242 2914/1962/2240
f 2916/1963/2241 2917/1964/2242 2919/1965/2243
f 2920/1954/2233 2919/1965/2243 2917/1964/2242
f 2912/1960/2238 2916/1963/2241 2921/1966/2244
f 2919/1965/2243 2921/1966/2244 2916/1963/2241
f 2921/1966/2244 2922/1967/2245 2912/1960/2238
f 2912/1960/2238 2922/1967/2245 2923/1968/2246
f 2910/1957/2236 2912/1960/2238 2923/1968/2246
f 2913/1961/2239 2910/1957/2236 2923/1968/2246
f 2923/1968/2246 2922/1967/2245 2924/1969/2247
f 2922/1967/2245 2921/1966/2244 2925/1970/2248
f 2922/1967/2245 2925/1970/2248 2924/1969/2247
f 2919/1965/2243 2926/1971/2249 2921/1966/2244
f 2921/1966/2244 2926/1971/2249 2925/1970/2248
f 2919/1965/2243 2927/1972/2250 2926/1971/2249
f 2928/1954/2233 2927/1972/2250 2919/1965/2243
f 2929/1973/2251 2925/1970/2248 2926/1971/2249
f 2930/1974/2252 2924/1969/2247 2925/1970/2248
f 2925/1970/2248 2929/1973/2251 2930/1974/2252
f 2931/1975/2253 2926/1971/2249 2927/1972/2250
f 2926/1971/2249 2931/1975/2253 2929/1973/2251
f 2927/1972/2250 2932/1976/2254 2931/1975/2253
f 2933/1954/2233 2932/1976/2254 2927/1972/2250
f 2931/1975/2253 2932/1976/2254 2934/1977/2255
f 2935/1954/2233 2934/1977/2255 2932/1976/2254
f 2929/1973/2251 2931/1975/2253 2936/1978/2256
f 2934/1977/2255 2936/1978/2256 2931/1975/2253
f 2936/1978/2256 2934/1977/2255 2937/1979/2257
f 2938/1954/2233 2937/1979/2257 2934/1977/2255
f 2937/1979/2257 2939/1980/2258 2936/1978/2256
f 2936/1978/2256 2940/1981/2259 2929/1973/2251
f 2940/1981/2259 2936/1978/2256 2939/1980/2258
f 2929/1973/2251 2940/1981/2259 2941/1982/2260
f 2941/1982/2260 2930/1974/2252 2929/1973/2251
f 2942/1983/2261 2941/1982/2260 2940/1981/2259
f 2940/1981/2259 2943/1984/2262 2942/1983/2261
f 2939/1980/2258 2943/1984/2262 2940/1981/2259
f 2923/1968/2246 2944/1985/2263 2913/1961/2239
f 2948/1986/2264 2946/1987/2265 2945/1988/2266
f 2948/1986/2264 2947/1989/2267 2946/1987/2265
f 2945/1988/2266 2949/1990/2268 2948/1986/2264
f 2945/1988/2266 2950/1991/2269 2949/1990/2268
f 2948/1986/2264 2951/1992/2270 2947/1989/2267
f 2951/1992/2270 2952/1993/2271 2947/1989/2267
f 2953/1994/2272 2949/1990/2268 2950/1991/2269
f 2950/1991/2269 2954/1995/2273 2953/1994/2272
f 2955/1996/2274 2948/1986/2264 2949/1990/2268
f 2955/1996/2274 2951/1992/2270 2948/1986/2264
f 2949/1990/2268 2953/1994/2272 2956/1997/2275
f 2949/1990/2268 2956/1997/2275 2955/1996/2274
f 2957/1998/2276 2953/1994/2272 2954/1995/2273
f 2957/1998/2276 2956/1997/2275 2953/1994/2272
f 2954/1995/2273 2958/1999/2277 2957/1998/2276
f 2959/2000/2278 2957/1998/2276 2958/1999/2277
f 2956/1997/2275 2957/1998/2276 2960/2001/2279
f 2961/2000/2278 2960/2001/2279 2957/1998/2276
f 2956/1997/2275 2960/2001/2279 2962/2002/2280
f 2962/2002/2280 2955/1996/2274 2956/1997/2275
f 2963/2000/2278 2962/2002/2280 2960/2001/2279
f 2962/2002/2280 2964/2003/2281 2955/1996/2274
f 2955/1996/2274 2964/2003/2281 2951/1992/2270
f 2964/2003/2281 2962/2002/2280 2965/2004/2282
f 2966/2000/2278 2965/2004/2282 2962/2002/2280
f 2964/2003/2281 2965/2004/2282 2967/2005/2283
f 2968/2000/2278 2967/2005/2283 2965/2004/2282
f 2951/1992/2270 2964/2003/2281 2969/2006/2284
f 2967/2005/2283 2969/2006/2284 2964/2003/2281
f 2969/2006/2284 2970/2007/2285 2951/1992/2270
f 2951/1992/2270 2970/2007/2285 2952/1993/2271
f 2969/2006/2284 2967/2005/2283 2971/2008/2286
f 2972/2000/2278 2971/2008/2286 2967/2005/2283
f 2970/2007/2285 2969/2006/2284 2973/2009/2287
f 2971/2008/2286 2973/2009/2287 2969/2006/2284
f 2952/1993/2271 2970/2007/2285 2974/2010/2123
f 2973/2009/2287 2975/2011/2288 2970/2007/2285
f 2970/2007/2285 2975/2011/2288 2974/2010/2123
f 2975/2011/2288 2973/2009/2287 2976/2012/2289
f 2976/2012/2289 2973/2009/2287 2971/2008/2286
f 2976/2012/2289 2977/2013/2290 2975/2011/2288
f 2974/2010/2123 2975/2011/2288 2977/2013/2290
f 2971/2008/2286 2978/2014/2291 2976/2012/2289
f 2979/2000/2278 2978/2014/2291 2971/2008/2286
f 2980/2015/2292 2976/2012/2289 2978/2014/2291
f 2977/2013/2290 2976/2012/2289 2980/2015/2292
f 2981/2000/2278 2982/2016/2293 2978/2014/2291
f 2978/2014/2291 2982/2016/2293 2980/2015/2292
f 2980/2015/2292 2982/2016/2293 2983/2017/2294
f 2984/2000/2278 2983/2017/2294 2982/2016/2293
f 2980/2015/2292 2985/2018/2295 2977/2013/2290
f 2983/2017/2294 2986/2019/2296 2980/2015/2292
f 2985/2018/2295 2980/2015/2292 2986/2019/2296
f 2977/2013/2290 2985/2018/2295 2987/2020/2160
f 2986/2019/2296 2988/2021/2297 2985/2018/2295
f 2987/2020/2160 2985/2018/2295 2988/2021/2297
f 2989/2022/2298 2986/2019/2296 2983/2017/2294
f 2988/2021/2297 2986/2019/2296 2989/2022/2298
f 2983/2017/2294 2990/2023/2299 2989/2022/2298
f 2991/2000/2278 2990/2023/2299 2983/2017/2294
f 2992/2024/2300 2989/2022/2298 2990/2023/2299
f 2992/2024/2300 2990/2023/2299 2993/2025/2301
f 2994/2000/2278 2993/2025/2301 2990/2023/2299
f 2995/2026/2302 2989/2022/2298 2992/2024/2300
f 2989/2022/2298 2995/2026/2302 2988/2021/2297
f 2992/2024/2300 2996/2027/2303 2995/2026/2302
f 2997/2028/2304 2995/2026/2302 2996/2027/2303
f 2997/2028/2304 2998/2029/2305 2995/2026/2302
f 2988/2021/2297 2995/2026/2302 2998/2029/2305
f 2998/2029/2305 2999/2030/2306 2988/2021/2297
f 2988/2021/2297 2999/2030/2306 2987/2020/2160
f 3001/2031/2307 2987/2020/2160 3000/2032/2167
f 2987/2020/2160 3001/2031/2307 2977/2013/2290
f 2977/2013/2290 3001/2031/2307 2974/2010/2123
f 3000/2032/2167 3002/2033/2128 3001/2031/2307
f 3003/2034/2124 2974/2010/2123 3001/2031/2307
f 3001/2031/2307 3002/2033/2128 3003/2034/2124
f 3004/2035/2308 2942/1983/2261 2943/1984/2262
f 2943/1984/2262 3005/2036/2309 3004/2035/2308
f 3005/2036/2309 2943/1984/2262 2939/1980/2258
f 3006/2037/2310 3004/2035/2308 3005/2036/2309
f 3007/2038/2311 3006/2037/2310 3009/2039/2312
f 3009/2039/2312 3008/2040/2313 3007/2038/2311
f 3006/2037/2310 3005/2036/2309 3010/2041/2314
f 3010/2041/2314 3009/2039/2312 3006/2037/2310
f 2939/1980/2258 3011/2042/2315 3005/2036/2309
f 3010/2041/2314 3005/2036/2309 3011/2042/2315
f 3012/2043/2316 3011/2042/2315 2939/1980/2258
f 2939/1980/2258 2937/1979/2257 3012/2043/2316
f 3013/1954/2233 3012/2043/2316 2937/1979/2257
f 3014/2044/2317 3011/2042/2315 3012/2043/2316
f 3010/2041/2314 3011/2042/2315 3014/2044/2317
f 3014/2044/2317 3012/2043/2316 3015/2045/2318
f 3016/1954/2233 3015/2045/2318 3012/2043/2316
f 3010/2041/2314 3014/2044/2317 3017/2046/2319
f 3017/2046/2319 3014/2044/2317 3015/2045/2318
f 3018/1954/2233 3019/2047/2320 3015/2045/2318
f 3017/2046/2319 3015/2045/2318 3019/2047/2320
f 3017/2046/2319 3019/2047/2320 3020/2048/2321
f 3021/1954/2233 3020/2048/2321 3019/2047/2320
f 3017/2046/2319 3022/2049/2322 3010/2041/2314
f 3009/2039/2312 3010/2041/2314 3022/2049/2322
f 3020/2048/2321 3023/2050/2323 3017/2046/2319
f 3022/2049/2322 3017/2046/2319 3023/2050/2323
f 3022/2049/2322 3024/2051/2324 3009/2039/2312
f 3008/2040/2313 3009/2039/2312 3024/2051/2324
f 3023/2050/2323 3025/2052/2325 3022/2049/2322
f 3024/2051/2324 3022/2049/2322 3025/2052/2325
f 3020/2048/2321 3026/2053/2326 3023/2050/2323
f 3025/2052/2325 3023/2050/2323 3026/2053/2326
f 3026/2053/2326 3020/2048/2321 3027/2054/2327
f 3028/1954/2233 3027/2054/2327 3020/2048/2321
f 3026/2053/2326 3029/2055/2328 3025/2052/2325
f 3025/2052/2325 3030/2056/1788 3024/2051/2324
f 3025/2052/2325 3029/2055/2328 3030/2056/1788
f 3027/2054/2327 3031/2057/2329 3026/2053/2326
f 3029/2055/2328 3026/2053/2326 3031/2057/2329
f 3027/2054/2327 3032/2058/2330 3031/2057/2329
f 3033/1954/2233 3032/2058/2330 3027/2054/2327
f 3032/2058/2330 3034/2059/2331 3031/2057/2329
f 3032/2058/2330 3035/2060/1584 3034/2059/2331
f 3036/1954/2233 3035/2060/1584 3032/2058/2330
f 3037/2061/2332 3031/2057/2329 3034/2059/2331
f 3031/2057/2329 3037/2061/2332 3029/2055/2328
f 3034/2059/2331 3038/2062/2333 3037/2061/2332
f 3037/2061/2332 3038/2062/2333 3039/2063/2334
f 3029/2055/2328 3037/2061/2332 3040/2064/2335
f 3040/2064/2335 3037/2061/2332 3039/2063/2334
f 3029/2055/2328 3040/2064/2335 3030/2056/1788
f 3024/2051/2324 3041/2065/2336 3008/2040/2313
f 3046/2066/2337 3042/2067/2338 3043/2068/2339
f 3044/2069/2340 3042/2067/2338 3046/2066/2337
f 3043/2068/2339 3047/2070/2341 3046/2066/2337
f 3049/2071/2342 3046/2066/2337 3047/2070/2341
f 3047/2070/2341 3050/2072/2343 3049/2071/2342
f 3046/2066/2337 3051/2073/2344 3044/2069/2340
f 3051/2073/2344 3046/2066/2337 3049/2071/2342
f 3052/2074/2345 3048/2075/1837 3044/2069/2340
f 3044/2069/2340 3051/2073/2344 3052/2074/2345
f 3053/2076/2346 3049/2071/2342 3050/2072/2343
f 3050/2072/2343 3054/2077/2347 3053/2076/2346
f 3055/2000/2348 3053/2076/2346 3054/2077/2347
f 3049/2071/2342 3056/2078/2349 3051/2073/2344
f 3052/2074/2345 3051/2073/2344 3056/2078/2349
f 3049/2071/2342 3053/2076/2346 3057/2079/2350
f 3057/2079/2350 3056/2078/2349 3049/2071/2342
f 3058/2000/2278 3057/2079/2350 3053/2076/2346
f 3056/2078/2349 3059/2080/2351 3052/2074/2345
f 3059/2080/2351 3056/2078/2349 3057/2079/2350
f 3052/2074/2345 3059/2080/2351 3060/2081/2352
f 3057/2079/2350 3061/2082/2353 3059/2080/2351
f 3062/2000/2278 3061/2082/2353 3057/2079/2350
f 3060/2081/2352 3059/2080/2351 3061/2082/2353
f 3063/2000/2278 3064/2083/2354 3061/2082/2353
f 3061/2082/2353 3064/2083/2354 3060/2081/2352
f 3060/2081/2352 3065/2084/2355 3052/2074/2345
f 3048/2075/1837 3052/2074/2345 3065/2084/2355
f 3060/2081/2352 3064/2083/2354 2958/1999/2277
f 3066/2000/2278 2958/1999/2277 3064/2083/2354
f 2958/1999/2277 2954/1995/2273 3060/2081/2352
f 3065/2084/2355 3060/2081/2352 2954/1995/2273
f 3065/2084/2355 3067/2085/2356 3048/2075/1837
f 3045/2086/2357 3048/2075/1837 3067/2085/2356
f 3067/2085/2356 3068/2087/1838 3045/2086/2357
f 3069/2088/2132 3067/2085/2356 3065/2084/2355
f 3070/2089/2358 3068/2087/1838 3067/2085/2356
f 3067/2085/2356 3069/2088/2132 3070/2089/2358
f 3065/2084/2355 3071/2090/2359 3069/2088/2132
f 2954/1995/2273 3071/2090/2359 3065/2084/2355
f 3072/2091/2360 3069/2088/2132 3071/2090/2359
f 3072/2091/2360 3071/2090/2359 2950/1991/2269
f 2950/1991/2269 3071/2090/2359 2954/1995/2273
f 2950/1991/2269 2945/1988/2266 3072/2091/2360
f 3073/2092/2361 3074/2093/2362 3075/2094/2363
f 3073/2092/2361 3075/2094/2363 3077/2095/2364
f 3077/2095/2364 3076/2096/2365 3073/2092/2361
f 3078/2097/2366 3077/2095/2364 3075/2094/2363
f 3075/2094/2363 3079/2098/2367 3078/2097/2366
f 3078/2097/2366 3079/2098/2367 3080/2099/2368
f 3076/2096/2365 3077/2095/2364 3081/2100/2369
f 3081/2100/2369 2909/1958/2211 3076/2096/2365
f 3078/2097/2366 3081/2100/2369 3077/2095/2364
f 3078/2097/2366 3080/2099/2368 2905/1952/2231
f 3082/1954/2233 2905/1952/2231 3080/2099/2368
f 3081/2100/2369 3078/2097/2366 2903/1951/2230
f 2905/1952/2231 2903/1951/2230 3078/2097/2366
f 2907/1955/2234 2909/1958/2211 3081/2100/2369
f 2903/1951/2230 2907/1955/2234 3081/2100/2369
f 3084/2101/2370 3083/2102/2371 3085/2103/2372
f 3085/2103/2372 3086/2104/2373 3084/2101/2370
f 3086/2104/2373 3085/2103/2372 3087/2105/2374
f 3087/2105/2374 3088/2106/2375 3086/2104/2373
f 3088/2106/2375 3087/2105/2374 3089/2107/2376
f 3089/2107/2376 3090/2108/2377 3088/2106/2375
f 3090/2108/2377 3089/2107/2376 3091/2109/2378
f 3091/2109/2378 3092/2110/2379 3090/2108/2377
f 3092/2110/2379 3091/2109/2378 3093/2111/2380
f 3093/2111/2380 3094/2112/2381 3092/2110/2379
f 3094/2112/2381 3093/2111/2380 3095/2113/2382
f 3095/2113/2382 3096/2114/2383 3094/2112/2381
f 3096/2114/2383 3095/2113/2382 3097/2115/2384
f 3097/2115/2384 3098/2116/2385 3096/2114/2383
f 3098/2116/2385 3097/2115/2384 3099/2117/2386
f 3099/2117/2386 3100/2118/2387 3098/2116/2385
f 3101/2119/2388 3103/2120/2389 3102/2121/2390
f 3104/2122/2391 3103/2120/2389 3101/2119/2388
f 3102/2121/2390 3105/2123/2392 3101/2119/2388
f 3106/2124/2393 3108/2125/1874 3107/2126/2148
f 3104/2122/2391 3110/2127/2394 3106/2124/2393
f 3108/2125/1874 3106/2124/2393 3110/2127/2394
f 3101/2119/2388 3111/2128/2395 3104/2122/2391
f 3110/2127/2394 3104/2122/2391 3111/2128/2395
f 3112/2129/2396 3101/2119/2388 3105/2123/2392
f 3111/2128/2395 3101/2119/2388 3112/2129/2396
f 3105/2123/2392 3113/2130/2397 3112/2129/2396
f 3109/2131/1875 3108/2125/1874 3114/2132/2398
f 3110/2127/2394 3114/2132/2398 3108/2125/1874
f 3114/2132/2398 3115/2133/2399 3109/2131/1875
f 3114/2132/2398 3110/2127/2394 3116/2134/2400
f 3111/2128/2395 3116/2134/2400 3110/2127/2394
f 3115/2133/2399 3114/2132/2398 3117/2135/2401
f 3116/2134/2400 3117/2135/2401 3114/2132/2398
f 3117/2135/2401 3118/2136/2402 3115/2133/2399
f 3116/2134/2400 3111/2128/2395 3119/2137/2403
f 3112/2129/2396 3119/2137/2403 3111/2128/2395
f 3117/2135/2401 3116/2134/2400 3120/2138/2404
f 3119/2137/2403 3120/2138/2404 3116/2134/2400
f 3118/2136/2402 3117/2135/2401 3121/2139/2405
f 3120/2138/2404 3121/2139/2405 3117/2135/2401
f 3121/2139/2405 3122/2140/2406 3118/2136/2402
f 3123/2141/2407 3121/2139/2405 3120/2138/2404
f 3124/2142/2408 3120/2138/2404 3119/2137/2403
f 3120/2138/2404 3124/2142/2408 3123/2141/2407
f 3119/2137/2403 3125/2143/2409 3124/2142/2408
f 3125/2143/2409 3119/2137/2403 3112/2129/2396
f 3126/2144/2410 3122/2140/2406 3121/2139/2405
f 3121/2139/2405 3123/2141/2407 3126/2144/2410
f 3130/2145/2411 3131/2146/2412 3133/2147/2413
f 3133/2147/2413 3131/2146/2412 3132/2148/2414
f 3133/2147/2413 3134/2149/2415 3130/2145/2411
f 3129/2150/2416 3130/2145/2411 3134/2149/2415
f 3134/2149/2415 3135/2151/2417 3129/2150/2416
f 3128/2152/2246 3129/2150/2416 3135/2151/2417
f 3134/2149/2415 3133/2147/2413 3136/2153/2418
f 3135/2151/2417 3137/2154/2263 3128/2152/2246
f 3135/2151/2417 3134/2149/2415 3138/2155/2419
f 3136/2153/2418 3138/2155/2419 3134/2149/2415
f 3137/2154/2263 3135/2151/2417 3139/2156/2420
f 3138/2155/2419 3139/2156/2420 3135/2151/2417
f 3127/2157/2137 3137/2154/2263 3140/2158/2421
f 3139/2156/2420 3140/2158/2421 3137/2154/2263
f 3140/2158/2421 3141/2159/2138 3127/2157/2137
f 3141/2159/2138 3140/2158/2421 3142/2160/2422
f 3142/2160/2422 3143/2161/2423 3141/2159/2138
f 3140/2158/2421 3139/2156/2420 3102/2121/2390
f 3102/2121/2390 3142/2160/2422 3140/2158/2421
f 3105/2123/2392 3102/2121/2390 3139/2156/2420
f 3139/2156/2420 3138/2155/2419 3105/2123/2392
f 3113/2130/2397 3105/2123/2392 3138/2155/2419
f 3138/2155/2419 3136/2153/2418 3113/2130/2397
f 3145/2162/2424 3144/2163/2144 3143/2161/2423
f 3143/2161/2423 3142/2160/2422 3145/2162/2424
f 3146/2164/2425 3144/2163/2144 3145/2162/2424
f 3103/2120/2389 3145/2162/2424 3142/2160/2422
f 3142/2160/2422 3102/2121/2390 3103/2120/2389
f 3145/2162/2424 3147/2165/2426 3146/2164/2425
f 3147/2165/2426 3145/2162/2424 3103/2120/2389
f 3148/2166/2146 3146/2164/2425 3147/2165/2426
f 3147/2165/2426 3106/2124/2393 3148/2166/2146
f 3107/2126/2148 3148/2166/2146 3106/2124/2393
f 3103/2120/2389 3104/2122/2391 3147/2165/2426
f 3106/2124/2393 3147/2165/2426 3104/2122/2391
f 3149/2167/2427 3151/2168/2428 3150/2169/2429
f 3152/2170/2430 3149/2167/2427 3150/2169/2429
f 3150/2169/2429 3153/2171/2431 3152/2170/2430
f 3150/2169/2429 3154/2172/2432 3153/2171/2431
f 3155/2173/2433 3151/2168/2428 3149/2167/2427
f 3149/2167/2427 3156/2174/2434 3155/2173/2433
f 3157/2175/2435 3151/2168/2428 3155/2173/2433
f 3157/2175/2435 3158/2176/2436 3151/2168/2428
f 3159/2177/2437 3157/2175/2435 3155/2173/2433
f 3155/2173/2433 3160/2178/2438 3159/2177/2437
f 3160/2178/2438 3161/2179/2439 3159/2177/2437
f 3159/2177/2437 3162/2180/2440 3157/2175/2435
f 3162/2180/2440 3163/2181/2441 3157/2175/2435
f 3154/2172/2432 3165/2182/2442 3164/2183/2443
f 3164/2183/2443 3166/2184/2444 3154/2172/2432
f 3166/2184/2444 3153/2171/2431 3154/2172/2432
f 3166/2184/2444 3167/2185/2445 3153/2171/2431
f 3164/2183/2443 3168/2186/2446 3166/2184/2444
f 3169/2187/2447 3166/2184/2444 3168/2186/2446
f 3170/2188/2448 3169/2187/2447 3168/2186/2446
f 3170/2188/2448 3168/2186/2446 3171/2189/2449
f 3172/2190/2450 3170/2188/2448 3171/2189/2449
f 3171/2189/2449 3173/2191/2451 3172/2190/2450
f 3174/2192/2452 3175/2193/2453 3170/2188/2448
f 3172/2190/2450 3174/2192/2452 3170/2188/2448
f 3176/2194/2454 3174/2192/2452 3172/2190/2450
f 3177/2195/2455 3176/2194/2454 3172/2190/2450
f 3172/2190/2450 3178/2196/2456 3177/2195/2455
f 3178/2196/2456 3179/2197/2457 3177/2195/2455
f 3172/2190/2450 3180/2198/2458 3178/2196/2456
f 3181/2199/2459 3126/2144/2410 3123/2141/2407
f 3123/2141/2407 3182/2200/2460 3181/2199/2459
f 3182/2200/2460 3123/2141/2407 3124/2142/2408
f 3183/2201/1959 3181/2199/2459 3182/2200/2460
f 3124/2142/2408 3184/2202/2461 3182/2200/2460
f 3184/2202/2461 3124/2142/2408 3125/2143/2409
f 3182/2200/2460 3185/2203/2462 3183/2201/1959
f 3185/2203/2462 3182/2200/2460 3184/2202/2461
f 3184/2202/2461 3187/2204/2463 3185/2203/2462
f 3186/2205/1815 3185/2203/2462 3187/2204/2463
f 3125/2143/2409 3188/2206/2464 3184/2202/2461
f 3187/2204/2463 3184/2202/2461 3188/2206/2464
f 3188/2206/2464 3125/2143/2409 3189/2207/2465
f 3112/2129/2396 3189/2207/2465 3125/2143/2409
f 3188/2206/2464 3190/2208/2466 3187/2204/2463
f 3191/2209/2467 3189/2207/2465 3112/2129/2396
f 3112/2129/2396 3113/2130/2397 3191/2209/2467
f 3189/2207/2465 3192/2210/2468 3188/2206/2464
f 3190/2208/2466 3188/2206/2464 3192/2210/2468
f 3189/2207/2465 3191/2209/2467 3193/2211/2469
f 3193/2211/2469 3192/2210/2468 3189/2207/2465
f 3194/2212/2470 3191/2209/2467 3113/2130/2397
f 3113/2130/2397 3136/2153/2418 3194/2212/2470
f 3195/2213/2471 3193/2211/2469 3191/2209/2467
f 3191/2209/2467 3194/2212/2470 3195/2213/2471
f 3192/2210/2468 3193/2211/2469 3196/2214/2472
f 3197/2215/2473 3194/2212/2470 3136/2153/2418
f 3136/2153/2418 3133/2147/2413 3197/2215/2473
f 3132/2148/2414 3197/2215/2473 3133/2147/2413
f 3194/2212/2470 3197/2215/2473 3198/2216/2474
f 3198/2216/2474 3195/2213/2471 3194/2212/2470
f 3197/2215/2473 3132/2148/2414 3199/2217/2475
f 3199/2217/2475 3198/2216/2474 3197/2215/2473
f 3198/2216/2474 3199/2217/2475 3200/2218/2310
f 3195/2213/2471 3198/2216/2474 3201/2219/2476
f 3200/2218/2310 3201/2219/2476 3198/2216/2474
f 3201/2219/2476 3202/2220/2477 3195/2213/2471
f 3193/2211/2469 3195/2213/2471 3202/2220/2477
f 3202/2220/2477 3196/2214/2472 3193/2211/2469
f 3202/2220/2477 3201/2219/2476 3203/2221/1799
f 3196/2214/2472 3202/2220/2477 3204/2222/1800
f 3203/2221/1799 3204/2222/1800 3202/2220/2477
f 3204/2222/1800 3205/2223/2478 3196/2214/2472
f 3207/2224/2479 3196/2214/2472 3205/2223/2478
f 3205/2223/2478 3206/2225/1808 3207/2224/2479
f 3196/2214/2472 3207/2224/2479 3192/2210/2468
f 3192/2210/2468 3207/2224/2479 3190/2208/2466
f 3207/2224/2479 3206/2225/1808 3208/2226/2480
f 3208/2226/2480 3190/2208/2466 3207/2224/2479
f 3190/2208/2466 3208/2226/2480 3209/2227/1812
f 3209/2227/1812 3187/2204/2463 3190/2208/2466
f 3187/2204/2463 3209/2227/1812 3186/2205/1815
f 3210/2228/2481 3212/2229/2482 3211/2230/2483
f 3213/2231/2484 3212/2229/2482 3210/2228/2481
f 3211/2230/2483 3214/2232/2485 3210/2228/2481
f 3215/2233/2486 3217/2234/2487 3216/2235/2488
f 3217/2234/2487 3218/2236/2489 3216/2235/2488
f 3213/2231/2484 3219/2237/2490 3215/2233/2486
f 3217/2234/2487 3215/2233/2486 3219/2237/2490
f 3210/2228/2481 3220/2238/2491 3213/2231/2484
f 3219/2237/2490 3213/2231/2484 3220/2238/2491
f 3221/2239/2492 3210/2228/2481 3214/2232/2485
f 3220/2238/2491 3210/2228/2481 3221/2239/2492
f 3214/2232/2485 3222/2240/2493 3221/2239/2492
f 3218/2236/2489 3217/2234/2487 3223/2241/2494
f 3219/2237/2490 3223/2241/2494 3217/2234/2487
f 3223/2241/2494 3224/2242/2495 3218/2236/2489
f 3223/2241/2494 3219/2237/2490 3225/2243/2496
f 3220/2238/2491 3225/2243/2496 3219/2237/2490
f 3224/2242/2495 3223/2241/2494 3226/2244/2497
f 3225/2243/2496 3226/2244/2497 3223/2241/2494
f 3226/2244/2497 3227/2245/2498 3224/2242/2495
f 3225/2243/2496 3220/2238/2491 3228/2246/2499
f 3221/2239/2492 3228/2246/2499 3220/2238/2491
f 3226/2244/2497 3225/2243/2496 3229/2247/2500
f 3228/2246/2499 3229/2247/2500 3225/2243/2496
f 3227/2245/2498 3226/2244/2497 3230/2248/2501
f 3229/2247/2500 3230/2248/2501 3226/2244/2497
f 3230/2248/2501 3231/2249/2502 3227/2245/2498
f 3232/2250/2503 3230/2248/2501 3229/2247/2500
f 3233/2251/2504 3229/2247/2500 3228/2246/2499
f 3229/2247/2500 3233/2251/2504 3232/2250/2503
f 3228/2246/2499 3234/2252/2505 3233/2251/2504
f 3234/2252/2505 3228/2246/2499 3221/2239/2492
f 3237/2253/657 3235/2254/2506 3236/2255/2507
f 3236/2255/2507 3238/2256/2508 3237/2253/657
f 3239/2257/2509 3237/2253/657 3238/2256/2508
f 3238/2256/2508 3236/2255/2507 3240/2258/2510
f 3242/2259/2511 3243/2260/2512 3244/2261/2513
f 3244/2261/2513 3245/2262/2514 3242/2259/2511
f 3241/2263/2515 3242/2259/2511 3245/2262/2514
f 3245/2262/2514 3246/2264/2516 3241/2263/2515
f 3240/2258/2510 3241/2263/2515 3246/2264/2516
f 3245/2262/2514 3244/2261/2513 3247/2265/2517
f 3246/2264/2516 3248/2266/2518 3240/2258/2510
f 3240/2258/2510 3248/2266/2518 3238/2256/2508
f 3246/2264/2516 3245/2262/2514 3249/2267/2519
f 3247/2265/2517 3249/2267/2519 3245/2262/2514
f 3248/2266/2518 3246/2264/2516 3250/2268/2520
f 3249/2267/2519 3250/2268/2520 3246/2264/2516
f 3238/2256/2508 3248/2266/2518 3251/2269/2521
f 3250/2268/2520 3251/2269/2521 3248/2266/2518
f 3251/2269/2521 3252/2270/2522 3238/2256/2508
f 3238/2256/2508 3252/2270/2522 3239/2257/2509
f 3253/2271/2523 3239/2257/2509 3252/2270/2522
f 3252/2270/2522 3251/2269/2521 3254/2272/2524
f 3252/2270/2522 3255/2273/2525 3253/2271/2523
f 3254/2272/2524 3255/2273/2525 3252/2270/2522
f 3251/2269/2521 3250/2268/2520 3211/2230/2483
f 3211/2230/2483 3254/2272/2524 3251/2269/2521
f 3214/2232/2485 3211/2230/2483 3250/2268/2520
f 3250/2268/2520 3249/2267/2519 3214/2232/2485
f 3256/2274/2526 3253/2271/2523 3255/2273/2525
f 3253/2271/2523 3256/2274/2526 3257/2275/2527
f 3257/2275/2527 3256/2274/2526 3258/2276/2528
f 3255/2273/2525 3259/2277/2529 3256/2274/2526
f 3222/2240/2493 3214/2232/2485 3249/2267/2519
f 3249/2267/2519 3247/2265/2517 3222/2240/2493
f 3260/2278/2530 3259/2277/2529 3255/2273/2525
f 3255/2273/2525 3254/2272/2524 3260/2278/2530
f 3256/2274/2526 3259/2277/2529 3261/2279/2531
f 3261/2279/2531 3259/2277/2529 3260/2278/2530
f 3261/2279/2531 3258/2276/2528 3256/2274/2526
f 3212/2229/2482 3260/2278/2530 3254/2272/2524
f 3254/2272/2524 3211/2230/2483 3212/2229/2482
f 3260/2278/2530 3262/2280/2532 3261/2279/2531
f 3262/2280/2532 3260/2278/2530 3212/2229/2482
f 3258/2276/2528 3261/2279/2531 3263/2281/2533
f 3263/2281/2533 3261/2279/2531 3262/2280/2532
f 3263/2281/2533 3264/2282/2534 3258/2276/2528
f 3264/2282/2534 3263/2281/2533 3216/2235/2488
f 3262/2280/2532 3215/2233/2486 3263/2281/2533
f 3216/2235/2488 3263/2281/2533 3215/2233/2486
f 3212/2229/2482 3213/2231/2484 3262/2280/2532
f 3215/2233/2486 3262/2280/2532 3213/2231/2484
f 3265/2283/2535 3267/2284/2536 3266/2285/2537
f 3268/2286/2538 3265/2283/2535 3266/2285/2537
f 3266/2285/2537 3269/2287/2539 3268/2286/2538
f 3266/2285/2537 3270/2288/2540 3269/2287/2539
f 3271/2289/2541 3267/2284/2536 3265/2283/2535
f 3265/2283/2535 3272/2290/2542 3271/2289/2541
f 3273/2291/2543 3267/2284/2536 3271/2289/2541
f 3273/2291/2543 3274/2292/2544 3267/2284/2536
f 3275/2293/2545 3273/2291/2543 3271/2289/2541
f 3271/2289/2541 3276/2294/2546 3275/2293/2545
f 3276/2294/2546 3277/2295/2547 3275/2293/2545
f 3275/2293/2545 3278/2296/2548 3273/2291/2543
f 3278/2296/2548 3279/2297/2549 3273/2291/2543
f 3270/2288/2540 3281/2298/2550 3280/2299/2551
f 3280/2299/2551 3282/2300/2552 3270/2288/2540
f 3282/2300/2552 3269/2287/2539 3270/2288/2540
f 3282/2300/2552 3283/2301/2553 3269/2287/2539
f 3280/2299/2551 3284/2302/2554 3282/2300/2552
f 3285/2303/2555 3282/2300/2552 3284/2302/2554
f 3286/2304/2556 3285/2303/2555 3284/2302/2554
f 3286/2304/2556 3284/2302/2554 3287/2305/2557
f 3288/2306/2558 3286/2304/2556 3287/2305/2557
f 3287/2305/2557 3289/2307/2559 3288/2306/2558
f 3290/2308/2560 3291/2309/2561 3286/2304/2556
f 3288/2306/2558 3290/2308/2560 3286/2304/2556
f 3292/2310/2562 3290/2308/2560 3288/2306/2558
f 3293/2311/2563 3292/2310/2562 3288/2306/2558
f 3288/2306/2558 3294/2312/2564 3293/2311/2563
f 3294/2312/2564 3295/2313/2565 3293/2311/2563
f 3288/2306/2558 3296/2314/2566 3294/2312/2564
f 3221/2239/2492 3297/2315/2567 3234/2252/2505
f 3298/2316/2568 3297/2315/2567 3221/2239/2492
f 3221/2239/2492 3222/2240/2493 3298/2316/2568
f 3299/2317/2569 3298/2316/2568 3222/2240/2493
f 3222/2240/2493 3247/2265/2517 3299/2317/2569
f 3300/2318/2570 3299/2317/2569 3247/2265/2517
f 3247/2265/2517 3244/2261/2513 3300/2318/2570
f 3304/2319/2571 3301/2320/2572 3302/2321/2573
f 3305/2322/2574 3303/2323/2575 3304/2319/2571
f 3307/2324/654 3306/2325/2576 3305/2322/2574
f 3304/2319/2571 3307/2324/654 3305/2322/2574
f 3216/2235/2488 3306/2325/2576 3307/2324/654
f 3216/2235/2488 3218/2236/2489 3306/2325/2576
f 3307/2324/654 3304/2319/2571 3308/2326/2577
f 3302/2321/2573 3308/2326/2577 3304/2319/2571
f 3308/2326/2577 3264/2282/2534 3307/2324/654
f 3216/2235/2488 3307/2324/654 3264/2282/2534
f 3308/2326/2577 3302/2321/2573 3309/2327/2578
f 3309/2327/2578 3310/2328/2579 3308/2326/2577
f 3264/2282/2534 3308/2326/2577 3310/2328/2579
f 3310/2328/2579 3309/2327/2578 3311/2329/2580
f 3311/2329/2580 3257/2275/2527 3310/2328/2579
f 3310/2328/2579 3258/2276/2528 3264/2282/2534
f 3258/2276/2528 3310/2328/2579 3257/2275/2527
f 3313/2330/2581 3257/2275/2527 3311/2329/2580
f 3311/2329/2580 3312/2331/2582 3313/2330/2581
f 3315/2332/2583 3313/2330/2581 3312/2331/2582
f 3312/2331/2582 3314/2333/2584 3315/2332/2583
f 3257/2275/2527 3313/2330/2581 3253/2271/2523
f 3317/2334/2585 3315/2332/2583 3314/2333/2584
f 3314/2333/2584 3316/2335/2586 3317/2334/2585
f 3313/2330/2581 3315/2332/2583 3239/2257/2509
f 3239/2257/2509 3253/2271/2523 3313/2330/2581
f 3315/2332/2583 3317/2334/2585 3237/2253/657
f 3237/2253/657 3239/2257/2509 3315/2332/2583
f 3317/2334/2585 3318/2336/2587 3235/2254/2506
f 3235/2254/2506 3237/2253/657 3317/2334/2585
f 3321/2337/2588 3319/2338/2589 3320/2339/2495
f 3320/2339/2495 3322/2340/2590 3321/2337/2588
f 3323/2341/2591 3321/2337/2588 3322/2340/2590
f 3322/2340/2590 3324/2342/2592 3323/2341/2591
f 3322/2340/2590 3320/2339/2495 3325/2343/2593
f 3324/2342/2592 3322/2340/2590 3326/2344/2594
f 3325/2343/2593 3326/2344/2594 3322/2340/2590
f 3326/2344/2594 3325/2343/2593 3328/2345/2502
f 3330/2346/2595 3328/2345/2502 3327/2347/2596
f 3327/2347/2596 3329/2348/2597 3330/2346/2595
f 3328/2345/2502 3331/2349/2598 3326/2344/2594
f 3331/2349/2598 3328/2345/2502 3330/2346/2595
f 3336/2350/2599 3334/2351/2600 3332/2352/2601
f 3332/2352/2601 3335/2353/2602 3336/2350/2599
f 3337/2354/2603 3334/2351/2600 3336/2350/2599
f 3334/2351/2600 3337/2354/2603 3333/2355/2604
f 3336/2350/2599 3338/2356/2605 3337/2354/2603
f 3339/2357/2606 3336/2350/2599 3335/2353/2602
f 3338/2356/2605 3336/2350/2599 3339/2357/2606
f 3335/2353/2602 3340/2358/2607 3339/2357/2606
f 3342/2359/2608 3339/2357/2606 3341/2360/2609
f 3339/2357/2606 3342/2359/2608 3338/2356/2605
f 3341/2360/2609 3343/2361/2610 3342/2359/2608
f 3344/2362/2611 3343/2361/2610 3341/2360/2609
f 3341/2360/2609 3345/2363/2612 3344/2362/2611
f 3347/2364/2613 3346/2365/2614 3348/2366/2615
f 3348/2366/2615 3349/2367/2616 3347/2364/2613
f 3348/2366/2615 3346/2365/2614 3350/2368/2617
f 3352/2369/2618 3350/2368/2617 3351/2370/2619
f 3350/2368/2617 3352/2369/2618 3348/2366/2615
f 3351/2370/2619 3353/2371/2620 3352/2369/2618
f 3353/2371/2620 3351/2370/2619 3333/2355/2604
f 3348/2366/2615 3352/2369/2618 3354/2372/2621
f 3354/2372/2621 3352/2369/2618 3353/2371/2620
f 3355/2373/2622 3356/2374/2623 3359/2375/2624
f 3359/2375/2624 3356/2374/2623 3357/2376/2625
f 3360/2377/2626 3357/2376/2625 3358/2378/2627
f 3357/2376/2625 3360/2377/2626 3359/2375/2624
f 3358/2378/2627 3361/2379/2628 3360/2377/2626
f 3360/2377/2626 3361/2379/2628 3362/2380/2629
f 3359/2375/2624 3360/2377/2626 3363/2381/2630
f 3362/2380/2629 3363/2381/2630 3360/2377/2626
f 3359/2375/2624 3364/2382/2631 3355/2373/2622
f 3365/2383/2632 3363/2381/2630 3362/2380/2629
f 3362/2380/2629 3366/2384/2633 3365/2383/2632
f 3365/2383/2632 3366/2384/2633 3367/2385/2634
f 3363/2381/2630 3365/2383/2632 3368/2386/2635
f 3368/2386/2635 3365/2383/2632 3369/2385/2636
f 3363/2381/2630 3370/2387/2637 3359/2375/2624
f 3368/2386/2635 3370/2387/2637 3363/2381/2630
f 3364/2382/2631 3359/2375/2624 3370/2387/2637
f 3371/2388/2638 3370/2387/2637 3368/2386/2635
f 3370/2387/2637 3371/2388/2638 3364/2382/2631
f 3372/2389/2639 3368/2386/2635 3373/2385/2634
f 3368/2386/2635 3372/2389/2639 3371/2388/2638
f 3344/2362/2611 3364/2382/2631 3371/2388/2638
f 3355/2373/2622 3364/2382/2631 3344/2362/2611
f 3344/2362/2611 3345/2363/2612 3355/2373/2622
f 3371/2388/2638 3374/2390/2640 3344/2362/2611
f 3371/2388/2638 3372/2389/2639 3375/2391/2641
f 3375/2391/2641 3372/2389/2639 3376/2385/2636
f 3375/2391/2641 3374/2390/2640 3371/2388/2638
f 3343/2361/2610 3344/2362/2611 3374/2390/2640
f 3374/2390/2640 3375/2391/2641 3377/2392/2642
f 3377/2392/2642 3375/2391/2641 3378/2385/2636
f 3374/2390/2640 3379/2393/2643 3343/2361/2610
f 3377/2392/2642 3379/2393/2643 3374/2390/2640
f 3379/2393/2643 3342/2359/2608 3343/2361/2610
f 3379/2393/2643 3380/2394/2644 3342/2359/2608
f 3377/2392/2642 3380/2394/2644 3379/2393/2643
f 3380/2394/2644 3338/2356/2605 3342/2359/2608
f 3377/2392/2642 3381/2395/2645 3380/2394/2644
f 3381/2395/2645 3377/2392/2642 3382/2385/2634
f 3338/2356/2605 3380/2394/2644 3383/2396/2646
f 3381/2395/2645 3383/2396/2646 3380/2394/2644
f 3383/2396/2646 3381/2395/2645 3384/2397/2647
f 3384/2397/2647 3381/2395/2645 3385/2385/2636
f 3338/2356/2605 3383/2396/2646 3386/2398/2648
f 3383/2396/2646 3384/2397/2647 3387/2399/2649
f 3387/2399/2649 3384/2397/2647 3388/2385/2636
f 3387/2399/2649 3386/2398/2648 3383/2396/2646
f 3386/2398/2648 3337/2354/2603 3338/2356/2605
f 3389/2400/2650 3387/2399/2649 3390/2385/2636
f 3337/2354/2603 3386/2398/2648 3391/2401/2651
f 3333/2355/2604 3337/2354/2603 3391/2401/2651
f 3333/2355/2604 3391/2401/2651 3353/2371/2620
f 3387/2399/2649 3392/2402/2652 3386/2398/2648
f 3392/2402/2652 3387/2399/2649 3389/2400/2650
f 3391/2401/2651 3386/2398/2648 3392/2402/2652
f 3393/2403/2653 3353/2371/2620 3391/2401/2651
f 3391/2401/2651 3392/2402/2652 3393/2403/2653
f 3353/2371/2620 3393/2403/2653 3354/2372/2621
f 3392/2402/2652 3389/2400/2650 3394/2404/2654
f 3394/2404/2654 3393/2403/2653 3392/2402/2652
f 3354/2372/2621 3393/2403/2653 3394/2404/2654
f 3394/2404/2654 3389/2400/2650 3395/2385/2636
f 3394/2404/2654 3396/2405/2655 3354/2372/2621
f 3396/2405/2655 3394/2404/2654 3397/2385/2636
f 3398/2406/2656 3354/2372/2621 3396/2405/2655
f 3354/2372/2621 3398/2406/2656 3348/2366/2615
f 3399/2407/2657 3396/2405/2655 3400/2385/2636
f 3396/2405/2655 3399/2407/2657 3398/2406/2656
f 3349/2367/2616 3348/2366/2615 3398/2406/2656
f 3398/2406/2656 3399/2407/2657 3401/2408/2658
f 3401/2408/2658 3399/2407/2657 3402/2385/2636
f 3398/2406/2656 3403/2409/2659 3349/2367/2616
f 3401/2408/2658 3403/2409/2659 3398/2406/2656
f 3349/2367/2616 3403/2409/2659 3404/2410/2660
f 3403/2409/2659 3401/2408/2658 3405/2411/2661
f 3405/2411/2661 3404/2410/2660 3403/2409/2659
f 3405/2411/2661 3401/2408/2658 3406/2385/2636
f 3407/2412/2662 3404/2410/2660 3405/2411/2661
f 3405/2411/2661 3408/2413/2663 3407/2412/2662
f 3408/2413/2663 3405/2411/2661 3409/2385/2636
f 3408/2413/2663 3410/2414/2664 3407/2412/2662
f 3408/2413/2663 3411/2415/2665 3410/2414/2664
f 3411/2415/2665 3408/2413/2663 3412/2385/2636
f 3326/2344/2594 3331/2349/2598 3413/2416/2666
f 3414/2417/2667 3330/2346/2595 3329/2348/2597
f 3330/2346/2595 3415/2418/2668 3331/2349/2598
f 3415/2418/2668 3330/2346/2595 3414/2417/2667
f 3331/2349/2598 3415/2418/2668 3416/2419/2669
f 3416/2419/2669 3413/2416/2666 3331/2349/2598
f 3414/2417/2667 3417/2420/2670 3415/2418/2668
f 3416/2419/2669 3415/2418/2668 3417/2420/2670
f 3329/2348/2597 3418/2421/2671 3414/2417/2667
f 3417/2420/2670 3414/2417/2667 3419/2422/2672
f 3419/2422/2672 3420/2423/2673 3417/2420/2670
f 3420/2423/2673 3419/2422/2672 3421/2424/2674
f 3426/2425/2675 3424/2426/2676 3425/2427/2677
f 3425/2427/2677 3427/2428/2678 3426/2425/2675
f 3428/2429/2679 3426/2425/2675 3427/2428/2678
f 3424/2426/2676 3426/2425/2675 3429/2430/2680
f 3429/2430/2680 3423/2431/2681 3424/2426/2676
f 3428/2429/2679 3430/2432/2682 3426/2425/2675
f 3430/2432/2682 3429/2430/2680 3426/2425/2675
f 3431/2433/2683 3430/2432/2682 3428/2429/2679
f 3428/2429/2679 3432/2434/1292 3431/2433/2683
f 3431/2433/2683 3432/2434/1292 3433/2435/2684
f 3430/2432/2682 3431/2433/2683 3434/2436/2685
f 3434/2436/2685 3431/2433/2683 3435/2435/2684
f 3429/2430/2680 3430/2432/2682 3436/2437/2686
f 3434/2436/2685 3436/2437/2686 3430/2432/2682
f 3423/2431/2681 3429/2430/2680 3437/2438/2687
f 3436/2437/2686 3437/2438/2687 3429/2430/2680
f 3437/2438/2687 3422/2439/2688 3423/2431/2681
f 3436/2437/2686 3434/2436/2685 3438/2440/2689
f 3438/2440/2689 3434/2436/2685 3439/2435/2690
f 3437/2438/2687 3436/2437/2686 3440/2441/2691
f 3438/2440/2689 3440/2441/2691 3436/2437/2686
f 3422/2439/2688 3437/2438/2687 3441/2442/2692
f 3437/2438/2687 3440/2441/2691 3441/2442/2692
f 3441/2442/2692 3421/2424/2674 3422/2439/2688
f 3421/2424/2674 3441/2442/2692 3420/2423/2673
f 3441/2442/2692 3440/2441/2691 3442/2443/2693
f 3438/2440/2689 3442/2443/2693 3440/2441/2691
f 3420/2423/2673 3441/2442/2692 3442/2443/2693
f 3442/2443/2693 3438/2440/2689 3443/2444/2694
f 3443/2444/2694 3438/2440/2689 3444/2435/2690
f 3442/2443/2693 3443/2444/2694 3445/2445/1300
f 3445/2445/1300 3443/2444/2694 3446/2435/2690
f 3420/2423/2673 3442/2443/2693 3447/2446/2695
f 3445/2445/1300 3447/2446/2695 3442/2443/2693
f 3420/2423/2673 3447/2446/2695 3448/2447/2696
f 3448/2447/2696 3417/2420/2670 3420/2423/2673
f 3417/2420/2670 3448/2447/2696 3416/2419/2669
f 3449/2448/2697 3448/2447/2696 3447/2446/2695
f 3447/2446/2695 3445/2445/1300 3449/2448/2697
f 3416/2419/2669 3448/2447/2696 3449/2448/2697
f 3449/2448/2697 3445/2445/1300 3450/2435/2684
f 3449/2448/2697 3451/2449/2698 3416/2419/2669
f 3451/2449/2698 3449/2448/2697 3452/2435/2690
f 3413/2416/2666 3416/2419/2669 3451/2449/2698
f 3451/2449/2698 3453/2450/2699 3413/2416/2666
f 3453/2450/2699 3451/2449/2698 3454/2435/2690
f 3455/2451/2700 3413/2416/2666 3453/2450/2699
f 3413/2416/2666 3455/2451/2700 3326/2344/2594
f 3326/2344/2594 3455/2451/2700 3324/2342/2592
f 3453/2450/2699 3456/2452/2701 3455/2451/2700
f 3456/2452/2701 3453/2450/2699 3457/2435/2690
f 3458/2453/1953 3324/2342/2592 3455/2451/2700
f 3455/2451/2700 3456/2452/2701 3458/2453/1953
f 3458/2453/1953 3456/2452/2701 3459/2435/2690
f 3324/2342/2592 3458/2453/1953 3460/2454/2702
f 3460/2454/2702 3458/2453/1953 3461/2435/2690
f 3462/2455/2703 3464/2456/2704 3463/2457/2705
f 3463/2457/2705 3464/2456/2704 3465/2458/2706
f 3465/2458/2706 3466/2459/2572 3463/2457/2705
f 3463/2457/2705 3467/2460/2707 3462/2455/2703
f 3468/2461/2575 3463/2457/2705 3466/2459/2572
f 3467/2460/2707 3463/2457/2705 3468/2461/2575
f 3466/2459/2572 3469/2462/2708 3468/2461/2575
f 3462/2455/2703 3467/2460/2707 3470/2463/2709
f 3470/2463/2709 3471/2464/2710 3462/2455/2703
f 3472/2465/2711 3471/2464/2710 3470/2463/2709
f 3470/2463/2709 3467/2460/2707 3473/2466/2712
f 3468/2461/2575 3473/2466/2712 3467/2460/2707
f 3470/2463/2709 3474/2467/2713 3472/2465/2711
f 3472/2465/2711 3474/2467/2713 3475/2435/2690
f 3473/2466/2712 3476/2468/2714 3470/2463/2709
f 3474/2467/2713 3470/2463/2709 3476/2468/2714
f 3473/2466/2712 3468/2461/2575 3477/2469/2574
f 3476/2468/2714 3473/2466/2712 3478/2470/2715
f 3477/2469/2574 3478/2470/2715 3473/2466/2712
f 3476/2468/2714 3479/2471/2716 3474/2467/2713
f 3474/2467/2713 3479/2471/2716 3480/2435/2690
f 3478/2470/2715 3481/2472/2717 3476/2468/2714
f 3479/2471/2716 3476/2468/2714 3481/2472/2717
f 3481/2472/2717 3478/2470/2715 3482/2473/2718
f 3481/2472/2717 3483/2474/2719 3479/2471/2716
f 3479/2471/2716 3483/2474/2719 3484/2435/2690
f 3483/2474/2719 3481/2472/2717 3485/2475/2720
f 3482/2473/2718 3485/2475/2720 3481/2472/2717
f 3485/2475/2720 3486/2476/2721 3483/2474/2719
f 3483/2474/2719 3486/2476/2721 3487/2435/2690
f 3460/2454/2702 3486/2476/2721 3485/2475/2720
f 3486/2476/2721 3460/2454/2702 3488/2435/2690
f 3460/2454/2702 3485/2475/2720 3323/2341/2591
f 3323/2341/2591 3485/2475/2720 3482/2473/2718
f 3460/2454/2702 3323/2341/2591 3324/2342/2592
f 3489/2477/2576 3482/2473/2718 3478/2470/2715
f 3478/2470/2715 3477/2469/2574 3489/2477/2576
f 3323/2341/2591 3482/2473/2718 3321/2337/2588
f 3482/2473/2718 3489/2477/2576 3319/2338/2589
f 3319/2338/2589 3321/2337/2588 3482/2473/2718
f 3490/2478/2722 3492/2479/2723 3491/2480/2724
f 3491/2480/2724 3492/2479/2723 3493/2481/2725
f 3490/2478/2722 3494/2482/2726 3492/2479/2723
f 3493/2481/2725 3495/2483/2727 3491/2480/2724
f 3490/2478/2722 3491/2480/2724 3496/2484/2728
f 3496/2484/2728 3491/2480/2724 3495/2483/2727
f 3407/2412/2662 3494/2482/2726 3490/2478/2722
f 3407/2412/2662 3410/2414/2664 3494/2482/2726
f 3496/2484/2728 3497/2485/2729 3490/2478/2722
f 3407/2412/2662 3490/2478/2722 3497/2485/2729
f 3495/2483/2727 3498/2486/2730 3496/2484/2728
f 3349/2367/2616 3497/2485/2729 3496/2484/2728
f 3496/2484/2728 3347/2364/2613 3349/2367/2616
f 3497/2485/2729 3404/2410/2660 3407/2412/2662
f 3404/2410/2660 3497/2485/2729 3349/2367/2616
f 3499/2487/2731 3501/2488/2732 3500/2489/2733
f 3500/2489/2733 3502/2490/2734 3499/2487/2731
f 3503/2491/2735 3499/2487/2731 3502/2490/2734
f 3502/2490/2734 3504/2492/2736 3503/2491/2735
f 3505/2493/2737 3503/2491/2735 3504/2492/2736
f 3504/2492/2736 3506/2494/2738 3505/2493/2737
f 3507/2495/2739 3505/2493/2737 3506/2494/2738
f 3506/2494/2738 3508/2496/2740 3507/2495/2739
f 3511/2497/2741 3509/2498/2742 3510/2499/2743
f 3510/2499/2743 3512/2500/2744 3511/2497/2741
f 3513/2501/2745 3511/2497/2741 3512/2500/2744
f 3512/2500/2744 3514/2502/2746 3513/2501/2745
f 3515/2503/2747 3513/2501/2745 3514/2502/2746
f 3514/2502/2746 3516/2504/2748 3515/2503/2747
f 3517/2488/2749 3515/2503/2747 3516/2504/2748
f 3516/2504/2748 3518/2489/2750 3517/2488/2749
f 3523/2505/2751 3519/2506/2597 3520/2507/2504
f 3524/2508/2672 3522/2509/2667 3523/2505/2751
f 3520/2507/2504 3525/2510/2752 3523/2505/2751
f 3525/2510/2752 3520/2507/2504 3521/2511/2753
f 3523/2505/2751 3526/2512/2754 3524/2508/2672
f 3526/2512/2754 3523/2505/2751 3525/2510/2752
f 3524/2508/2672 3526/2512/2754 3527/2513/2674
f 3526/2512/2754 3528/2514/2755 3527/2513/2674
f 3525/2510/2752 3529/2515/2756 3526/2512/2754
f 3528/2514/2755 3526/2512/2754 3529/2515/2756
f 3521/2511/2753 3530/2516/2757 3525/2510/2752
f 3529/2515/2756 3525/2510/2752 3530/2516/2757
f 3530/2516/2757 3521/2511/2753 3531/2517/2758
f 3530/2516/2757 3532/2518/2759 3529/2515/2756
f 3531/2517/2758 3534/2519/2760 3530/2516/2757
f 3532/2518/2759 3530/2516/2757 3534/2519/2760
f 3531/2517/2758 3533/2520/2761 3535/2521/2762
f 3535/2521/2762 3534/2519/2760 3531/2517/2758
f 3537/2522/2763 3535/2521/2762 3533/2520/2761
f 3533/2520/2761 3536/2523/2764 3537/2522/2763
f 3534/2519/2760 3535/2521/2762 3538/2524/2765
f 3536/2523/2764 3539/2525/2766 3540/2526/2767
f 3540/2526/2767 3537/2522/2763 3536/2523/2764
f 3540/2526/2767 3541/2527/2768 3542/2528/2769
f 3537/2522/2763 3540/2526/2767 3543/2529/2770
f 3542/2528/2769 3543/2529/2770 3540/2526/2767
f 3543/2529/2770 3544/2530/2771 3537/2522/2763
f 3535/2521/2762 3537/2522/2763 3544/2530/2771
f 3544/2530/2771 3538/2524/2765 3535/2521/2762
f 3544/2530/2771 3543/2529/2770 3545/2531/2772
f 3543/2529/2770 3542/2528/2769 3546/2532/2773
f 3546/2532/2773 3545/2531/2772 3543/2529/2770
f 3538/2524/2765 3544/2530/2771 3547/2533/2774
f 3545/2531/2772 3547/2533/2774 3544/2530/2771
f 3545/2531/2772 3546/2532/2773 3548/2534/2775
f 3551/2535/2776 3550/2536/2777 3552/2537/2778
f 3552/2537/2778 3553/2538/2779 3551/2535/2776
f 3549/2539/2780 3551/2535/2776 3553/2538/2779
f 3553/2538/2779 3552/2537/2778 3554/2540/2781
f 3553/2538/2779 3555/2541/2782 3549/2539/2780
f 3554/2540/2781 3556/2542/2783 3553/2538/2779
f 3555/2541/2782 3553/2538/2779 3556/2542/2783
f 3556/2542/2783 3554/2540/2781 3557/2543/2784
f 3548/2534/2775 3549/2539/2780 3555/2541/2782
f 3557/2543/2784 3558/2544/2785 3556/2542/2783
f 3555/2541/2782 3559/2545/2786 3548/2534/2775
f 3548/2534/2775 3559/2545/2786 3545/2531/2772
f 3556/2542/2783 3560/2546/2787 3555/2541/2782
f 3559/2545/2786 3555/2541/2782 3560/2546/2787
f 3560/2546/2787 3556/2542/2783 3558/2544/2785
f 3558/2544/2785 3557/2543/2784 3561/2547/2788
f 3560/2546/2787 3562/2548/2789 3559/2545/2786
f 3545/2531/2772 3559/2545/2786 3562/2548/2789
f 3562/2548/2789 3547/2533/2774 3545/2531/2772
f 3562/2548/2789 3560/2546/2787 3563/2549/2790
f 3558/2544/2785 3563/2549/2790 3560/2546/2787
f 3547/2533/2774 3562/2548/2789 3564/2550/2791
f 3563/2549/2790 3564/2550/2791 3562/2548/2789
f 3563/2549/2790 3558/2544/2785 3565/2551/273
f 3561/2547/2788 3565/2551/273 3558/2544/2785
f 3564/2550/2791 3563/2549/2790 3566/2552/2792
f 3565/2551/273 3566/2552/2792 3563/2549/2790
f 3564/2550/2791 3567/2553/2793 3547/2533/2774
f 3547/2533/2774 3567/2553/2793 3538/2524/2765
f 3566/2552/2792 3568/2554/2794 3564/2550/2791
f 3567/2553/2793 3564/2550/2791 3568/2554/2794
f 3569/2555/2795 3565/2551/273 3561/2547/2788
f 3568/2554/2794 3570/2556/2796 3567/2553/2793
f 3561/2547/2788 3571/2557/2797 3569/2555/2795
f 3572/2558/2798 3538/2524/2765 3567/2553/2793
f 3567/2553/2793 3570/2556/2796 3572/2558/2798
f 3538/2524/2765 3572/2558/2798 3534/2519/2760
f 3534/2519/2760 3572/2558/2798 3532/2518/2759
f 3572/2558/2798 3570/2556/2796 3573/2559/2799
f 3573/2559/2799 3532/2518/2759 3572/2558/2798
f 3573/2559/2799 3570/2556/2796 3568/2554/2794
f 3532/2518/2759 3573/2559/2799 3574/2560/2800
f 3574/2560/2800 3529/2515/2756 3532/2518/2759
f 3568/2554/2794 3575/2561/2801 3573/2559/2799
f 3574/2560/2800 3573/2559/2799 3575/2561/2801
f 3575/2561/2801 3568/2554/2794 3566/2552/2792
f 3529/2515/2756 3574/2560/2800 3528/2514/2755
f 3566/2552/2792 3576/2562/2802 3575/2561/2801
f 3576/2562/2802 3566/2552/2792 3565/2551/273
f 3565/2551/273 3569/2555/2795 3576/2562/2802
f 3575/2561/2801 3577/2563/2803 3574/2560/2800
f 3577/2563/2803 3575/2561/2801 3576/2562/2802
f 3528/2514/2755 3574/2560/2800 3577/2563/2803
f 3578/2564/2804 3576/2562/2802 3569/2555/2795
f 3576/2562/2802 3578/2564/2804 3577/2563/2803
f 3577/2563/2803 3579/2565/2805 3528/2514/2755
f 3579/2565/2805 3577/2563/2803 3578/2564/2804
f 3579/2565/2805 3580/2566/2806 3528/2514/2755
f 3528/2514/2755 3580/2566/2806 3527/2513/2674
f 3578/2564/2804 3581/2567/2807 3579/2565/2805
f 3580/2566/2806 3579/2565/2805 3581/2567/2807
f 3569/2555/2795 3582/2568/2808 3578/2564/2804
f 3581/2567/2807 3578/2564/2804 3582/2568/2808
f 3582/2568/2808 3569/2555/2795 3571/2557/2797
f 3571/2557/2797 3583/2569/2809 3582/2568/2808
f 3584/2570/2810 3582/2568/2808 3583/2569/2809
f 3582/2568/2808 3584/2570/2810 3581/2567/2807
f 3583/2569/2809 3585/2571/2811 3584/2570/2810
f 3581/2567/2807 3586/2572/2681 3580/2566/2806
f 3586/2572/2681 3581/2567/2807 3584/2570/2810
f 3587/2573/2676 3584/2570/2810 3585/2571/2811
f 3584/2570/2810 3587/2573/2676 3586/2572/2681
f 3585/2571/2811 3588/2574/2677 3587/2573/2676
f 3589/2575/2812 3591/2576/2813 3590/2577/2814
f 3590/2577/2814 3592/2578/2815 3589/2575/2812
f 3594/2579/2727 3593/2580/2816 3595/2581/2817
f 3595/2581/2817 3596/2582/2818 3594/2579/2727
f 3596/2582/2818 3595/2581/2817 3597/2583/2819
f 3597/2583/2819 3598/2584/2820 3596/2582/2818
f 3598/2584/2820 3597/2583/2819 3599/2585/2821
f 3599/2585/2821 3600/2586/2822 3598/2584/2820
f 3601/2587/2823 3600/2586/2822 3599/2585/2821
f 3599/2585/2821 3602/2588/2824 3601/2587/2823
f 3591/2576/2813 3601/2587/2823 3602/2588/2824
f 3602/2588/2824 3590/2577/2814 3591/2576/2813
f 3603/2589/2825 3604/2590/2826 3605/2591/2827
f 3605/2591/2827 3606/2592/2828 3603/2589/2825
f 3606/2592/2828 3605/2591/2827 3607/2593/2829
f 3607/2593/2829 3608/2594/2830 3606/2592/2828
f 3608/2594/2830 3607/2593/2829 3609/2595/2831
f 3609/2595/2831 3610/2596/2832 3608/2594/2830
f 3610/2596/2832 3609/2595/2831 3611/2597/2833
f 3611/2597/2833 3612/2598/2834 3610/2596/2832
f 3612/2598/2834 3611/2597/2833 3613/2599/2835
f 3613/2599/2835 3614/2600/2836 3612/2598/2834
f 3614/2600/2836 3613/2599/2835 3615/2601/2837
f 3615/2601/2837 3616/2602/2838 3614/2600/2836
f 3616/2602/2838 3615/2601/2837 3617/2603/2839
f 3617/2603/2839 3618/2604/2840 3616/2602/2838
f 3618/2604/2840 3617/2603/2839 3619/2605/2841
f 3619/2605/2841 3620/2606/2842 3618/2604/2840
f 3621/2248/2843 3623/2249/2844 3622/2245/2845
f 3624/2250/2846 3621/2248/2843 3625/2247/2847
f 3625/2247/2847 3626/2251/2848 3624/2250/2846
f 3626/2251/2848 3625/2247/2847 3627/2246/2849
f 3627/2246/2849 3628/2252/2850 3626/2251/2848
f 3628/2252/2850 3627/2246/2849 3629/2239/2851
f 3629/2239/2851 3630/2315/2852 3628/2252/2850
f 3631/2282/2853 3633/2281/2854 3632/2235/2855
f 3632/2235/2855 3633/2281/2854 3634/2233/2856
f 3632/2235/2855 3635/2324/2857 3631/2282/2853
f 3635/2324/2857 3632/2235/2855 3636/2325/2614
f 3636/2325/2614 3637/2322/2858 3635/2324/2857
f 3634/2233/2856 3638/2234/2859 3632/2235/2855
f 3636/2325/2614 3632/2235/2855 3638/2234/2859
f 3639/2231/2860 3640/2237/2861 3634/2233/2856
f 3638/2234/2859 3634/2233/2856 3640/2237/2861
f 3638/2234/2859 3641/2236/2862 3636/2325/2614
f 3640/2237/2861 3642/2241/2863 3638/2234/2859
f 3641/2236/2862 3638/2234/2859 3642/2241/2863
f 3640/2237/2861 3639/2231/2860 3643/2238/2864
f 3644/2228/2865 3643/2238/2864 3639/2231/2860
f 3642/2241/2863 3640/2237/2861 3645/2243/2866
f 3643/2238/2864 3645/2243/2866 3640/2237/2861
f 3643/2238/2864 3644/2228/2865 3629/2239/2851
f 3629/2239/2851 3644/2228/2865 3646/2232/2867
f 3645/2243/2866 3643/2238/2864 3627/2246/2849
f 3629/2239/2851 3627/2246/2849 3643/2238/2864
f 3645/2243/2866 3647/2244/2868 3642/2241/2863
f 3642/2241/2863 3648/2242/2619 3641/2236/2862
f 3648/2242/2619 3642/2241/2863 3647/2244/2868
f 3647/2244/2868 3622/2245/2845 3648/2242/2619
f 3647/2244/2868 3645/2243/2866 3625/2247/2847
f 3627/2246/2849 3625/2247/2847 3645/2243/2866
f 3625/2247/2847 3621/2248/2843 3647/2244/2868
f 3622/2245/2845 3647/2244/2868 3621/2248/2843
f 3649/2270/2869 3651/2269/2870 3650/2272/2871
f 3652/2230/2872 3650/2272/2871 3651/2269/2870
f 3653/2271/2873 3654/2257/2874 3649/2270/2869
f 3654/2257/2874 3653/2271/2873 3655/2330/2875
f 3656/2607/2876 3655/2330/2875 3653/2271/2873
f 3649/2270/2869 3657/2273/2877 3653/2271/2873
f 3650/2272/2871 3657/2273/2877 3649/2270/2869
f 3653/2271/2873 3658/2274/2878 3656/2607/2876
f 3658/2274/2878 3653/2271/2873 3657/2273/2877
f 3656/2607/2876 3658/2274/2878 3659/2276/2879
f 3657/2273/2877 3660/2277/2880 3658/2274/2878
f 3661/2279/2881 3659/2276/2879 3658/2274/2878
f 3658/2274/2878 3660/2277/2880 3661/2279/2881
f 3662/2278/2882 3660/2277/2880 3657/2273/2877
f 3657/2273/2877 3650/2272/2871 3662/2278/2882
f 3661/2279/2881 3660/2277/2880 3662/2278/2882
f 3663/2229/2883 3662/2278/2882 3650/2272/2871
f 3650/2272/2871 3652/2230/2872 3663/2229/2883
f 3662/2278/2882 3664/2280/2884 3661/2279/2881
f 3664/2280/2884 3662/2278/2882 3663/2229/2883
f 3659/2276/2879 3661/2279/2881 3633/2281/2854
f 3633/2281/2854 3661/2279/2881 3664/2280/2884
f 3633/2281/2854 3631/2282/2853 3659/2276/2879
f 3644/2228/2865 3663/2229/2883 3652/2230/2872
f 3652/2230/2872 3646/2232/2867 3644/2228/2865
f 3663/2229/2883 3639/2231/2860 3664/2280/2884
f 3639/2231/2860 3663/2229/2883 3644/2228/2865
f 3664/2280/2884 3634/2233/2856 3633/2281/2854
f 3634/2233/2856 3664/2280/2884 3639/2231/2860
f 3665/2608/2885 3667/2609/2886 3666/2610/2887
f 3665/2608/2885 3668/2611/2888 3667/2609/2886
f 3668/2611/2888 3669/2612/2889 3667/2609/2886
f 3670/2613/2890 3667/2609/2886 3669/2612/2889
f 3671/2614/2891 3665/2608/2885 3666/2610/2887
f 3666/2610/2887 3672/2615/2892 3671/2614/2891
f 3671/2614/2891 3673/2616/2893 3665/2608/2885
f 3673/2616/2893 3674/2617/2894 3665/2608/2885
f 3671/2614/2891 3675/2618/2895 3673/2616/2893
f 3675/2618/2895 3676/2619/2896 3673/2616/2893
f 3675/2618/2895 3677/2620/2897 3676/2619/2896
f 3678/2621/2898 3675/2618/2895 3671/2614/2891
f 3671/2614/2891 3679/2622/2899 3678/2621/2898
f 3680/2623/2900 3681/2624/2901 3670/2613/2890
f 3670/2613/2890 3682/2625/2902 3680/2623/2900
f 3669/2612/2889 3682/2625/2902 3670/2613/2890
f 3669/2612/2889 3683/2626/2903 3682/2625/2902
f 3684/2627/2904 3680/2623/2900 3682/2625/2902
f 3684/2627/2904 3682/2625/2902 3685/2628/2905
f 3685/2628/2905 3686/2629/2906 3684/2627/2904
f 3686/2629/2906 3687/2630/2907 3684/2627/2904
f 3687/2630/2907 3686/2629/2906 3688/2631/2908
f 3688/2631/2908 3689/2632/2842 3687/2630/2907
f 3686/2629/2906 3691/2633/2909 3690/2634/2910
f 3688/2631/2908 3686/2629/2906 3690/2634/2910
f 3690/2634/2910 3692/2635/2911 3688/2631/2908
f 3692/2635/2911 3693/2636/2912 3688/2631/2908
f 3693/2636/2912 3694/2637/2913 3688/2631/2908
f 3694/2637/2913 3695/2638/2914 3688/2631/2908
f 3693/2636/2912 3696/2639/2915 3694/2637/2913
f 3697/2316/2916 3630/2315/2852 3629/2239/2851
f 3629/2239/2851 3698/2240/2917 3697/2316/2916
f 3646/2232/2867 3698/2240/2917 3629/2239/2851
f 3698/2240/2917 3646/2232/2867 3699/2267/2918
f 3699/2267/2918 3700/2265/2919 3698/2240/2917
f 3700/2265/2919 3699/2267/2918 3701/2262/2920
f 3698/2240/2917 3700/2265/2919 3702/2317/2921
f 3702/2317/2921 3697/2316/2916 3698/2240/2917
f 3701/2262/2920 3703/2261/2922 3700/2265/2919
f 3704/2318/2923 3702/2317/2921 3700/2265/2919
f 3700/2265/2919 3703/2261/2922 3704/2318/2923
f 3703/2261/2922 3701/2262/2920 3705/2259/2924
f 3705/2259/2924 3706/2260/2925 3703/2261/2922
f 3709/2334/2926 3710/2332/2927 3708/2333/2813
f 3708/2333/2813 3707/2640/2928 3709/2334/2926
f 3655/2330/2875 3710/2332/2927 3654/2257/2874
f 3710/2332/2927 3709/2334/2926 3712/2253/2929
f 3712/2253/2929 3654/2257/2874 3710/2332/2927
f 3709/2334/2926 3711/2641/2930 3713/2254/2931
f 3713/2254/2931 3712/2253/2929 3709/2334/2926
f 3712/2253/2929 3713/2254/2931 3714/2255/2932
f 3714/2255/2932 3715/2642/2933 3712/2253/2929
f 3654/2257/2874 3712/2253/2929 3715/2642/2933
f 3717/2266/2934 3715/2642/2933 3714/2255/2932
f 3714/2255/2932 3716/2258/2935 3717/2266/2934
f 3718/2264/2936 3717/2266/2934 3716/2258/2935
f 3716/2258/2935 3719/2263/2937 3718/2264/2936
f 3701/2262/2920 3718/2264/2936 3719/2263/2937
f 3719/2263/2937 3705/2259/2924 3701/2262/2920
f 3717/2266/2934 3718/2264/2936 3720/2268/2938
f 3718/2264/2936 3701/2262/2920 3699/2267/2918
f 3699/2267/2918 3720/2268/2938 3718/2264/2936
f 3720/2268/2938 3651/2269/2870 3717/2266/2934
f 3715/2642/2933 3717/2266/2934 3651/2269/2870
f 3720/2268/2938 3699/2267/2918 3646/2232/2867
f 3651/2269/2870 3649/2270/2869 3715/2642/2933
f 3715/2642/2933 3649/2270/2869 3654/2257/2874
f 3651/2269/2870 3720/2268/2938 3652/2230/2872
f 3646/2232/2867 3652/2230/2872 3720/2268/2938
f 3724/2319/2939 3721/2320/2940 3723/2321/2818
f 3637/2322/2858 3722/2643/2728 3724/2319/2939
f 3723/2321/2818 3726/2326/2941 3724/2319/2939
f 3726/2326/2941 3723/2321/2818 3725/2327/2942
f 3635/2324/2857 3724/2319/2939 3726/2326/2941
f 3724/2319/2939 3635/2324/2857 3637/2322/2858
f 3725/2327/2942 3727/2328/2943 3726/2326/2941
f 3727/2328/2943 3725/2327/2942 3728/2329/2944
f 3726/2326/2941 3631/2282/2853 3635/2324/2857
f 3631/2282/2853 3726/2326/2941 3727/2328/2943
f 3728/2329/2944 3729/2331/2945 3655/2330/2875
f 3728/2329/2944 3656/2607/2876 3727/2328/2943
f 3655/2330/2875 3656/2607/2876 3728/2329/2944
f 3727/2328/2943 3659/2276/2879 3631/2282/2853
f 3659/2276/2879 3727/2328/2943 3656/2607/2876
f 3729/2331/2945 3708/2333/2813 3710/2332/2927
f 3710/2332/2927 3655/2330/2875 3729/2331/2945
f 3730/2644/2946 3732/2645/2947 3731/2646/2948
f 3733/2647/2949 3731/2646/2948 3732/2645/2947
f 3734/2648/2950 3730/2644/2946 3735/2649/2951
f 3731/2646/2948 3735/2649/2951 3730/2644/2946
f 3734/2648/2950 3737/2650/2507 3736/2651/2506
f 3735/2649/2951 3738/2652/2952 3734/2648/2950
f 3734/2648/2950 3738/2652/2952 3737/2650/2507
f 3735/2649/2951 3731/2646/2948 3739/2653/2953
f 3740/2647/2949 3739/2653/2953 3731/2646/2948
f 3739/2653/2953 3741/2654/2954 3735/2649/2951
f 3735/2649/2951 3741/2654/2954 3738/2652/2952
f 3741/2654/2954 3739/2653/2953 3742/2655/2955
f 3743/2647/2949 3742/2655/2955 3739/2653/2953
f 3741/2654/2954 3742/2655/2955 3744/2656/2956
f 3745/2647/2949 3744/2656/2956 3742/2655/2955
f 3738/2652/2952 3741/2654/2954 3746/2657/2957
f 3744/2656/2956 3746/2657/2957 3741/2654/2954
f 3746/2657/2957 3747/2658/2958 3738/2652/2952
f 3738/2652/2952 3747/2658/2958 3748/2659/2959
f 3737/2650/2507 3738/2652/2952 3748/2659/2959
f 3748/2659/2959 3747/2658/2958 3749/2660/2515
f 3747/2658/2958 3746/2657/2957 3750/2661/2960
f 3747/2658/2958 3750/2661/2960 3749/2660/2515
f 3744/2656/2956 3751/2662/2961 3746/2657/2957
f 3746/2657/2957 3751/2662/2961 3750/2661/2960
f 3744/2656/2956 3752/2663/2347 3751/2662/2961
f 3753/2647/2949 3752/2663/2347 3744/2656/2956
f 3754/2664/2962 3750/2661/2960 3751/2662/2961
f 3755/2665/2963 3749/2660/2515 3750/2661/2960
f 3750/2661/2960 3754/2664/2962 3755/2665/2963
f 3756/2666/2964 3751/2662/2961 3752/2663/2347
f 3751/2662/2961 3756/2666/2964 3754/2664/2962
f 3752/2663/2347 3757/2667/2965 3756/2666/2964
f 3758/2647/2949 3757/2667/2965 3752/2663/2347
f 3756/2666/2964 3757/2667/2965 3759/2668/2966
f 3760/2647/2949 3759/2668/2966 3757/2667/2965
f 3754/2664/2962 3756/2666/2964 3761/2669/2967
f 3759/2668/2966 3761/2669/2967 3756/2666/2964
f 3761/2669/2967 3759/2668/2966 3762/2670/2968
f 3763/2647/2969 3762/2670/2968 3759/2668/2966
f 3762/2670/2968 3764/2671/2970 3761/2669/2967
f 3761/2669/2967 3765/2672/2971 3754/2664/2962
f 3765/2672/2971 3761/2669/2967 3764/2671/2970
f 3754/2664/2962 3765/2672/2971 3766/2673/2972
f 3766/2673/2972 3755/2665/2963 3754/2664/2962
f 3767/2674/2973 3766/2673/2972 3765/2672/2971
f 3768/2675/2974 3766/2673/2972 3767/2674/2973
f 3765/2672/2971 3769/2676/2975 3767/2674/2973
f 3764/2671/2970 3769/2676/2975 3765/2672/2971
f 3770/2677/2976 3773/2678/2977 3774/2679/2978
f 3774/2679/2978 3771/2680/2979 3770/2677/2976
f 3775/2681/2980 3773/2678/2977 3772/2682/2981
f 3775/2681/2980 3774/2679/2978 3773/2678/2977
f 3772/2682/2981 3776/2683/2982 3775/2681/2980
f 3772/2682/2981 3777/2684/2983 3776/2683/2982
f 3775/2681/2980 3778/2685/2984 3774/2679/2978
f 3771/2680/2979 3774/2679/2978 3779/2686/2985
f 3778/2685/2984 3779/2686/2985 3774/2679/2978
f 3780/2687/2986 3776/2683/2982 3777/2684/2983
f 3777/2684/2983 3781/2688/2987 3780/2687/2986
f 3782/2689/2988 3775/2681/2980 3776/2683/2982
f 3782/2689/2988 3778/2685/2984 3775/2681/2980
f 3776/2683/2982 3780/2687/2986 3783/2690/2989
f 3776/2683/2982 3783/2690/2989 3782/2689/2988
f 3784/2691/2990 3780/2687/2986 3781/2688/2987
f 3784/2691/2990 3783/2690/2989 3780/2687/2986
f 3781/2688/2987 3785/2692/2991 3784/2691/2990
f 3786/2693/2992 3784/2691/2990 3785/2692/2991
f 3783/2690/2989 3784/2691/2990 3787/2694/2993
f 3788/2693/2992 3787/2694/2993 3784/2691/2990
f 3783/2690/2989 3787/2694/2993 3789/2695/2994
f 3789/2695/2994 3782/2689/2988 3783/2690/2989
f 3790/2693/2992 3789/2695/2994 3787/2694/2993
f 3789/2695/2994 3791/2696/2995 3782/2689/2988
f 3782/2689/2988 3791/2696/2995 3778/2685/2984
f 3791/2696/2995 3789/2695/2994 3792/2697/2996
f 3793/2693/2992 3792/2697/2996 3789/2695/2994
f 3791/2696/2995 3792/2697/2996 3794/2698/2997
f 3795/2693/2998 3794/2698/2997 3792/2697/2996
f 3778/2685/2984 3791/2696/2995 3796/2699/2999
f 3794/2698/2997 3796/2699/2999 3791/2696/2995
f 3796/2699/2999 3797/2700/3000 3778/2685/2984
f 3778/2685/2984 3797/2700/3000 3779/2686/2985
f 3796/2699/2999 3794/2698/2997 3798/2701/3001
f 3799/2693/2998 3798/2701/3001 3794/2698/2997
f 3797/2700/3000 3796/2699/2999 3800/2702/3002
f 3798/2701/3001 3800/2702/3002 3796/2699/2999
f 3779/2686/2985 3797/2700/3000 3801/2703/3003
f 3800/2702/3002 3802/2704/3004 3797/2700/3000
f 3797/2700/3000 3802/2704/3004 3801/2703/3003
f 3802/2704/3004 3800/2702/3002 3803/2705/3005
f 3803/2705/3005 3800/2702/3002 3798/2701/3001
f 3803/2705/3005 3804/2706/3006 3802/2704/3004
f 3801/2703/3003 3802/2704/3004 3804/2706/3006
f 3798/2701/3001 3805/2707/3007 3803/2705/3005
f 3806/2693/2998 3805/2707/3007 3798/2701/3001
f 3807/2708/3008 3803/2705/3005 3805/2707/3007
f 3804/2706/3006 3803/2705/3005 3807/2708/3008
f 3808/2693/2992 3809/2709/3009 3805/2707/3007
f 3805/2707/3007 3809/2709/3009 3807/2708/3008
f 3807/2708/3008 3809/2709/3009 3810/2710/3010
f 3811/2693/2992 3810/2710/3010 3809/2709/3009
f 3807/2708/3008 3812/2711/3011 3804/2706/3006
f 3810/2710/3010 3813/2712/3012 3807/2708/3008
f 3812/2711/3011 3807/2708/3008 3813/2712/3012
f 3804/2706/3006 3812/2711/3011 3814/2713/3013
f 3813/2712/3012 3815/2714/3014 3812/2711/3011
f 3814/2713/3013 3812/2711/3011 3815/2714/3014
f 3816/2715/3015 3813/2712/3012 3810/2710/3010
f 3815/2714/3014 3813/2712/3012 3816/2715/3015
f 3810/2710/3010 3817/2716/3016 3816/2715/3015
f 3818/2693/2998 3817/2716/3016 3810/2710/3010
f 3819/2717/3017 3816/2715/3015 3817/2716/3016
f 3819/2717/3017 3817/2716/3016 3820/2718/1577
f 3821/2693/2992 3820/2718/1577 3817/2716/3016
f 3822/2719/3018 3816/2715/3015 3819/2717/3017
f 3816/2715/3015 3822/2719/3018 3815/2714/3014
f 3819/2717/3017 3823/2720/3019 3822/2719/3018
f 3824/2721/3020 3822/2719/3018 3823/2720/3019
f 3824/2721/3020 3825/2722/3021 3822/2719/3018
f 3815/2714/3014 3822/2719/3018 3825/2722/3021
f 3825/2722/3021 3826/2723/3022 3815/2714/3014
f 3815/2714/3014 3826/2723/3022 3814/2713/3013
f 3814/2713/3013 3827/2724/3023 3804/2706/3006
f 3804/2706/3006 3827/2724/3023 3801/2703/3003
f 3779/2686/2985 3828/2725/3024 3771/2680/2979
f 3767/2674/2973 3829/2726/3025 3768/2675/2974
f 3829/2726/3025 3767/2674/2973 3831/2727/2768
f 3831/2727/2768 3830/2728/2767 3829/2726/3025
f 3831/2727/2768 3767/2674/2973 3769/2676/2975
f 3769/2676/2975 3832/2729/3026 3831/2727/2768
f 3832/2729/3026 3769/2676/2975 3764/2671/2970
f 3833/2730/3027 3831/2727/2768 3832/2729/3026
f 3833/2730/3027 3832/2729/3026 3835/2731/3028
f 3835/2731/3028 3834/2732/2773 3833/2730/3027
f 3764/2671/2970 3836/2733/3029 3832/2729/3026
f 3835/2731/3028 3832/2729/3026 3836/2733/3029
f 3837/2734/3030 3836/2733/3029 3764/2671/2970
f 3764/2671/2970 3762/2670/2968 3837/2734/3030
f 3838/2647/2949 3837/2734/3030 3762/2670/2968
f 3839/2735/3031 3836/2733/3029 3837/2734/3030
f 3835/2731/3028 3836/2733/3029 3839/2735/3031
f 3839/2735/3031 3837/2734/3030 3840/2736/1667
f 3841/2647/2969 3840/2736/1667 3837/2734/3030
f 3835/2731/3028 3839/2735/3031 3842/2737/3032
f 3842/2737/3032 3839/2735/3031 3840/2736/1667
f 3843/2647/2949 3844/2738/3033 3840/2736/1667
f 3842/2737/3032 3840/2736/1667 3844/2738/3033
f 3842/2737/3032 3844/2738/3033 3845/2739/3034
f 3846/2647/2949 3845/2739/3034 3844/2738/3033
f 3842/2737/3032 3847/2740/3035 3835/2731/3028
f 3834/2732/2773 3835/2731/3028 3847/2740/3035
f 3845/2739/3034 3848/2741/3036 3842/2737/3032
f 3847/2740/3035 3842/2737/3032 3848/2741/3036
f 3847/2740/3035 3849/2742/3037 3834/2732/2773
f 3848/2741/3036 3850/2743/3038 3847/2740/3035
f 3849/2742/3037 3847/2740/3035 3850/2743/3038
f 3845/2739/3034 3851/2744/3039 3848/2741/3036
f 3850/2743/3038 3848/2741/3036 3851/2744/3039
f 3851/2744/3039 3845/2739/3034 3852/2745/3040
f 3853/2647/2969 3852/2745/3040 3845/2739/3034
f 3851/2744/3039 3854/2746/3041 3850/2743/3038
f 3850/2743/3038 3855/2747/2780 3849/2742/3037
f 3850/2743/3038 3854/2746/3041 3855/2747/2780
f 3852/2745/3040 3856/2748/3042 3851/2744/3039
f 3854/2746/3041 3851/2744/3039 3856/2748/3042
f 3852/2745/3040 3857/2749/3043 3856/2748/3042
f 3858/2647/2969 3857/2749/3043 3852/2745/3040
f 3857/2749/3043 3859/2750/3044 3856/2748/3042
f 3857/2749/3043 3860/2751/1544 3859/2750/3044
f 3861/2647/2969 3860/2751/1544 3857/2749/3043
f 3862/2752/3045 3856/2748/3042 3859/2750/3044
f 3856/2748/3042 3862/2752/3045 3854/2746/3041
f 3859/2750/3044 3863/2753/3046 3862/2752/3045
f 3862/2752/3045 3863/2753/3046 3864/2754/2777
f 3854/2746/3041 3862/2752/3045 3865/2755/2776
f 3865/2755/2776 3862/2752/3045 3864/2754/2777
f 3854/2746/3041 3865/2755/2776 3855/2747/2780
f 3869/2756/3047 3866/2757/2812 3867/2758/2815
f 3867/2758/2815 3870/2759/3048 3869/2756/3047
f 3871/2760/2930 3868/2761/2926 3866/2757/2812
f 3866/2757/2812 3869/2756/3047 3871/2760/2930
f 3872/2762/3049 3869/2756/3047 3870/2759/3048
f 3871/2760/2930 3869/2756/3047 3872/2762/3049
f 3870/2759/3048 3873/2763/3050 3872/2762/3049
f 3875/2764/3051 3872/2762/3049 3873/2763/3050
f 3873/2763/3050 3876/2765/3052 3875/2764/3051
f 3872/2762/3049 3877/2766/3053 3871/2760/2930
f 3877/2766/3053 3872/2762/3049 3875/2764/3051
f 3878/2767/3054 3874/2768/3055 3871/2760/2930
f 3871/2760/2930 3877/2766/3053 3878/2767/3054
f 3879/2769/3056 3875/2764/3051 3876/2765/3052
f 3876/2765/3052 3880/2770/3057 3879/2769/3056
f 3881/2693/2992 3879/2769/3056 3880/2770/3057
f 3875/2764/3051 3882/2771/3058 3877/2766/3053
f 3878/2767/3054 3877/2766/3053 3882/2771/3058
f 3875/2764/3051 3879/2769/3056 3883/2772/3059
f 3883/2772/3059 3882/2771/3058 3875/2764/3051
f 3884/2693/2992 3883/2772/3059 3879/2769/3056
f 3882/2771/3058 3885/2773/3060 3878/2767/3054
f 3885/2773/3060 3882/2771/3058 3883/2772/3059
f 3878/2767/3054 3885/2773/3060 3886/2774/3061
f 3883/2772/3059 3887/2775/3062 3885/2773/3060
f 3888/2693/2992 3887/2775/3062 3883/2772/3059
f 3886/2774/3061 3885/2773/3060 3887/2775/3062
f 3889/2693/2992 3890/2776/3063 3887/2775/3062
f 3887/2775/3062 3890/2776/3063 3886/2774/3061
f 3886/2774/3061 3891/2777/3064 3878/2767/3054
f 3874/2768/3055 3878/2767/3054 3891/2777/3064
f 3886/2774/3061 3890/2776/3063 3785/2692/2991
f 3892/2693/2992 3785/2692/2991 3890/2776/3063
f 3785/2692/2991 3781/2688/2987 3886/2774/3061
f 3891/2777/3064 3886/2774/3061 3781/2688/2987
f 3891/2777/3064 3893/2778/2932 3874/2768/3055
f 3894/2779/3065 3893/2778/2932 3891/2777/3064
f 3891/2777/3064 3895/2780/3066 3894/2779/3065
f 3781/2688/2987 3895/2780/3066 3891/2777/3064
f 3896/2781/2937 3894/2779/3065 3895/2780/3066
f 3896/2781/2937 3895/2780/3066 3777/2684/2983
f 3777/2684/2983 3895/2780/3066 3781/2688/2987
f 3777/2684/2983 3772/2682/2981 3896/2781/2937
f 3900/2782/3067 3897/2783/3068 3898/2784/3069
f 3898/2784/3069 3901/2785/3070 3900/2782/3067
f 3900/2782/3067 3901/2785/3070 3902/2786/3071
f 3897/2783/3068 3900/2782/3067 3903/2787/2587
f 3903/2787/2587 3899/2788/3072 3897/2783/3068
f 3900/2782/3067 3902/2786/3071 3904/2789/3073
f 3904/2789/3073 3903/2787/2587 3900/2782/3067
f 3905/2790/3074 3904/2789/3073 3902/2786/3071
f 3902/2786/3071 3906/2791/3075 3905/2790/3074
f 3905/2790/3074 3906/2791/3075 3907/2792/3076
f 3903/2787/2587 3904/2789/3073 3908/2793/3077
f 3908/2793/3077 3736/2651/2506 3903/2787/2587
f 3905/2790/3074 3908/2793/3077 3904/2789/3073
f 3905/2790/3074 3907/2792/3076 3732/2645/2947
f 3909/2647/2949 3732/2645/2947 3907/2792/3076
f 3908/2793/3077 3905/2790/3074 3730/2644/2946
f 3732/2645/2947 3730/2644/2946 3905/2790/3074
f 3734/2648/2950 3736/2651/2506 3908/2793/3077
f 3730/2644/2946 3734/2648/2950 3908/2793/3077
f 3911/2794/3078 3910/2795/3079 3912/2796/3080
f 3912/2796/3080 3913/2797/3081 3911/2794/3078
f 3913/2797/3081 3912/2796/3080 3914/2798/3082
f 3914/2798/3082 3915/2799/3083 3913/2797/3081
f 3915/2799/3083 3914/2798/3082 3916/2800/3084
f 3916/2800/3084 3917/2801/3085 3915/2799/3083
f 3917/2801/3085 3916/2800/3084 3918/2802/3086
f 3918/2802/3086 3919/2803/3087 3917/2801/3085
f 3919/2803/3087 3918/2802/3086 3920/2804/3088
f 3920/2804/3088 3921/2805/3089 3919/2803/3087
f 3921/2805/3089 3920/2804/3088 3922/2806/3090
f 3922/2806/3090 3923/2807/3091 3921/2805/3089
f 3923/2807/3091 3922/2806/3090 3924/2808/3092
f 3924/2808/3092 3925/2809/3093 3923/2807/3091
f 3925/2809/3093 3924/2808/3092 3926/2810/3094
f 3926/2810/3094 3927/2811/3095 3925/2809/3093
f 3931/2505/3096 3928/2506/2602 3929/2507/3097
f 3929/2507/3097 3933/2510/3098 3931/2505/3096
f 3933/2510/3098 3929/2507/3097 3932/2511/3099
f 3934/2512/3100 3931/2505/3096 3933/2510/3098
f 3935/2508/3101 3930/2812/3102 3931/2505/3096
f 3931/2505/3096 3934/2512/3100 3935/2508/3101
f 3932/2511/3099 3936/2516/3103 3933/2510/3098
f 3933/2510/3098 3937/2515/3104 3934/2512/3100
f 3937/2515/3104 3933/2510/3098 3936/2516/3103
f 3938/2513/2612 3935/2508/3101 3934/2512/3100
f 3939/2514/3105 3934/2512/3100 3937/2515/3104
f 3934/2512/3100 3939/2514/3105 3938/2513/2612
f 3936/2516/3103 3932/2511/3099 3940/2517/3106
f 3936/2516/3103 3941/2518/3107 3937/2515/3104
f 3937/2515/3104 3942/2560/3108 3939/2514/3105
f 3942/2560/3108 3937/2515/3104 3941/2518/3107
f 3941/2518/3107 3936/2516/3103 3943/2519/3109
f 3940/2517/3106 3943/2519/3109 3936/2516/3103
f 3941/2518/3107 3944/2559/3110 3942/2560/3108
f 3943/2519/3109 3946/2558/1024 3941/2518/3107
f 3944/2559/3110 3941/2518/3107 3946/2558/1024
f 3947/2521/3111 3943/2519/3109 3940/2517/3106
f 3940/2517/3106 3945/2520/3112 3947/2521/3111
f 3948/2524/3113 3946/2558/1024 3943/2519/3109
f 3943/2519/3109 3947/2521/3111 3948/2524/3113
f 3946/2558/1024 3949/2556/3114 3944/2559/3110
f 3950/2553/3115 3949/2556/3114 3946/2558/1024
f 3946/2558/1024 3948/2524/3113 3950/2553/3115
f 3944/2559/3110 3949/2556/3114 3951/2813/3116
f 3951/2813/3116 3949/2556/3114 3950/2553/3115
f 3951/2813/3116 3952/2561/3117 3944/2559/3110
f 3942/2560/3108 3944/2559/3110 3952/2561/3117
f 3952/2561/3117 3955/2563/3118 3942/2560/3108
f 3939/2514/3105 3942/2560/3108 3955/2563/3118
f 3955/2563/3118 3956/2565/3119 3939/2514/3105
f 3938/2513/2612 3939/2514/3105 3956/2565/3119
f 3956/2565/3119 3957/2566/3120 3938/2513/2612
f 3962/2535/3121 3961/2536/3020 3963/2537/3122
f 3963/2537/3122 3965/2538/3123 3962/2535/3121
f 3964/2539/3022 3962/2535/3121 3965/2538/3123
f 3965/2538/3123 3963/2537/3122 3966/2540/3124
f 3960/2534/3125 3964/2539/3022 3967/2541/3126
f 3965/2538/3123 3967/2541/3126 3964/2539/3022
f 3966/2540/3124 3968/2542/3127 3965/2538/3123
f 3967/2541/3126 3965/2538/3123 3968/2542/3127
f 3968/2542/3127 3966/2540/3124 3969/2814/3128
f 3969/2814/3128 3970/2544/3129 3968/2542/3127
f 3970/2544/3129 3969/2814/3128 3971/2547/3130
f 3968/2542/3127 3972/2546/3131 3967/2541/3126
f 3972/2546/3131 3968/2542/3127 3970/2544/3129
f 3967/2541/3126 3973/2545/3132 3960/2534/3125
f 3973/2545/3132 3967/2541/3126 3972/2546/3131
f 3974/2532/3023 3960/2534/3125 3973/2545/3132
f 3973/2545/3132 3975/2531/3133 3974/2532/3023
f 3976/2529/3134 3959/2528/3135 3974/2532/3023
f 3974/2532/3023 3975/2531/3133 3976/2529/3134
f 3959/2528/3135 3976/2529/3134 3977/2526/3024
f 3977/2526/3024 3958/2815/3136 3959/2528/3135
f 3953/2523/3137 3954/2525/2979 3977/2526/3024
f 3977/2526/3024 3978/2522/3138 3953/2523/3137
f 3978/2522/3138 3977/2526/3024 3976/2529/3134
f 3945/2520/3112 3953/2523/3137 3978/2522/3138
f 3978/2522/3138 3947/2521/3111 3945/2520/3112
f 3976/2529/3134 3979/2530/3139 3978/2522/3138
f 3947/2521/3111 3978/2522/3138 3979/2530/3139
f 3979/2530/3139 3976/2529/3134 3975/2531/3133
f 3979/2530/3139 3948/2524/3113 3947/2521/3111
f 3948/2524/3113 3979/2530/3139 3980/2533/3140
f 3975/2531/3133 3980/2533/3140 3979/2530/3139
f 3980/2533/3140 3950/2553/3115 3948/2524/3113
f 3981/2548/3141 3980/2533/3140 3975/2531/3133
f 3975/2531/3133 3973/2545/3132 3981/2548/3141
f 3972/2546/3131 3981/2548/3141 3973/2545/3132
f 3982/2550/3142 3950/2553/3115 3980/2533/3140
f 3980/2533/3140 3981/2548/3141 3982/2550/3142
f 3950/2553/3115 3982/2550/3142 3951/2813/3116
f 3981/2548/3141 3972/2546/3131 3983/2549/3143
f 3983/2549/3143 3982/2550/3142 3981/2548/3141
f 3970/2544/3129 3983/2549/3143 3972/2546/3131
f 3984/2552/3144 3951/2813/3116 3982/2550/3142
f 3982/2550/3142 3983/2549/3143 3984/2552/3144
f 3952/2561/3117 3951/2813/3116 3984/2552/3144
f 3983/2549/3143 3970/2544/3129 3985/2551/584
f 3985/2551/584 3984/2552/3144 3983/2549/3143
f 3971/2547/3130 3985/2551/584 3970/2544/3129
f 3984/2552/3144 3986/2562/3145 3952/2561/3117
f 3986/2562/3145 3984/2552/3144 3985/2551/584
f 3955/2563/3118 3952/2561/3117 3986/2562/3145
f 3987/2555/3146 3985/2551/584 3971/2547/3130
f 3985/2551/584 3987/2555/3146 3986/2562/3145
f 3971/2547/3130 3988/2816/3147 3987/2555/3146
f 3986/2562/3145 3989/2564/3148 3955/2563/3118
f 3989/2564/3148 3986/2562/3145 3987/2555/3146
f 3956/2565/3119 3955/2563/3118 3989/2564/3148
f 3990/2568/3149 3987/2555/3146 3988/2816/3147
f 3987/2555/3146 3990/2568/3149 3989/2564/3148
f 3988/2816/3147 3991/2569/3150 3990/2568/3149
f 3989/2564/3148 3992/2567/3151 3956/2565/3119
f 3992/2567/3151 3989/2564/3148 3990/2568/3149
f 3957/2566/3120 3956/2565/3119 3992/2567/3151
f 3993/2570/3152 3990/2568/3149 3991/2569/3150
f 3990/2568/3149 3993/2570/3152 3992/2567/3151
f 3991/2569/3150 3994/2571/3153 3993/2570/3152
f 3995/2572/2623 3992/2567/3151 3993/2570/3152
f 3992/2567/3151 3995/2572/2623 3957/2566/3120
f 3996/2573/3154 3993/2570/3152 3994/2571/3153
f 3993/2570/3152 3996/2573/3154 3995/2572/2623
f 3994/2571/3153 3997/2574/2627 3996/2573/3154
f 3999/2579/2572 3998/2580/3155 4000/2581/3156
f 4000/2581/3156 4001/2582/3157 3999/2579/2572
f 4001/2582/3157 4000/2581/3156 4002/2583/3158
f 4002/2583/3158 4003/2817/3159 4001/2582/3157
f 4003/2817/3159 4002/2583/3158 4004/2585/3160
f 4004/2585/3160 4005/2586/3161 4003/2817/3159
f 4006/2818/3162 4005/2586/3161 4004/2585/3160
f 4004/2585/3160 4007/2588/3163 4006/2818/3162
f 4008/2576/3164 4006/2818/3162 4007/2588/3163
f 4007/2588/3163 4009/2577/3165 4008/2576/3164
f 4010/2575/3068 4008/2576/3164 4009/2577/3165
f 4009/2577/3165 4011/2578/3166 4010/2575/3068
f 4014/2819/3167 4013/2820/3168 4012/2821/3169
f 4014/2819/3167 4012/2821/3169 4015/2822/3170
f 4016/2823/3171 4014/2819/3167 4015/2822/3170
f 4016/2823/3171 4015/2822/3170 4017/2824/3172
f 4018/2825/3173 4016/2823/3171 4017/2824/3172
f 4018/2825/3173 4017/2824/3172 4019/2826/3174
f 4020/2827/3175 4018/2825/3173 4019/2826/3174
f 4020/2827/3175 4019/2826/3174 4021/2828/3176
f 4022/2829/3177 4020/2827/3175 4021/2828/3176
f 4022/2829/3177 4021/2828/3176 4023/2830/3178
f 4024/2831/3179 4022/2829/3177 4023/2830/3178
f 4024/2831/3179 4023/2830/3178 4025/2832/3180
f 4026/2833/3181 4024/2831/3179 4025/2832/3180
f 4026/2833/3181 4025/2832/3180 4027/2834/3182
f 4028/2835/3183 4026/2833/3181 4027/2834/3182
f 4028/2835/3183 4027/2834/3182 4029/2836/3184
f 4030/2837/3185 4032/2838/3186 4031/2839/3187
f 4033/2840/3188 4031/2839/3187 4032/2838/3186
f 4033/2840/3188 4035/2841/3189 4034/2842/3190
f 4036/2843/3191 4034/2842/3190 4035/2841/3189
f 4035/2841/3189 4037/2844/3192 4036/2843/3191
f 4035/2841/3189 4033/2840/3188 4038/2845/3193
f 4032/2838/3186 4038/2845/3193 4033/2840/3188
f 4037/2844/3192 4035/2841/3189 4039/2846/3194
f 4038/2845/3193 4039/2846/3194 4035/2841/3189
f 4039/2846/3194 4040/2847/3195 4037/2844/3192
f 4041/2848/3196 4040/2847/3195 4039/2846/3194
f 4039/2846/3194 4042/2849/3197 4041/2848/3196
f 4042/2849/3197 4039/2846/3194 4038/2845/3193
f 4043/2850/3198 4041/2848/3196 4042/2849/3197
f 4044/2851/3199 4038/2845/3193 4032/2838/3186
f 4038/2845/3193 4044/2851/3199 4042/2849/3197
f 4042/2849/3197 4045/2852/3200 4043/2850/3198
f 4045/2852/3200 4042/2849/3197 4044/2851/3199
f 4046/2853/3201 4043/2850/3198 4045/2852/3200
f 4032/2838/3186 4047/2854/3202 4044/2851/3199
f 4047/2854/3202 4032/2838/3186 4030/2837/3185
f 4044/2851/3199 4048/2855/3203 4045/2852/3200
f 4048/2855/3203 4044/2851/3199 4047/2854/3202
f 4045/2852/3200 4049/2856/3204 4046/2853/3201
f 4049/2856/3204 4045/2852/3200 4048/2855/3203
f 4050/2857/3205 4046/2853/3201 4049/2856/3204
f 4049/2856/3204 4051/2858/3206 4050/2857/3205
f 4051/2858/3206 4049/2856/3204 4052/2859/3207
f 4048/2855/3203 4052/2859/3207 4049/2856/3204
f 4052/2859/3207 4053/2860/3208 4051/2858/3206
f 4047/2854/3202 4054/2861/3209 4048/2855/3203
f 4052/2859/3207 4048/2855/3203 4054/2861/3209
f 4030/2837/3185 4055/2862/1124 4047/2854/3202
f 4054/2861/3209 4047/2854/3202 4055/2862/1124
f 4055/2862/1124 4030/2837/3185 4056/2863/3210
f 4053/2860/3208 4052/2859/3207 4057/2864/3211
f 4054/2861/3209 4057/2864/3211 4052/2859/3207
f 4057/2864/3211 4058/2865/3212 4053/2860/3208
f 4055/2862/1124 4059/2866/3213 4054/2861/3209
f 4057/2864/3211 4054/2861/3209 4059/2866/3213
f 4056/2863/3210 4060/2867/1129 4055/2862/1124
f 4059/2866/3213 4055/2862/1124 4060/2867/1129
f 4058/2865/3212 4057/2864/3211 4061/2868/3214
f 4059/2866/3213 4061/2868/3214 4057/2864/3211
f 4061/2868/3214 4062/2869/3215 4058/2865/3212
f 4060/2867/1129 4063/2870/3216 4059/2866/3213
f 4061/2868/3214 4059/2866/3213 4063/2870/3216
f 4064/2871/3217 4060/2867/1129 4056/2863/3210
f 4062/2869/3215 4061/2868/3214 4065/2872/3218
f 4063/2870/3216 4065/2872/3218 4061/2868/3214
f 4065/2872/3218 4066/2873/3219 4062/2869/3215
f 4067/2874/3220 4065/2872/3218 4063/2870/3216
f 4056/2863/3210 4068/2875/3221 4064/2871/3217
f 4063/2870/3216 4069/2876/3222 4067/2874/3220
f 4069/2876/3222 4063/2870/3216 4060/2867/1129
f 4060/2867/1129 4064/2871/3217 4069/2876/3222
f 4075/2877/1335 4074/2878/3223 4073/2879/3224
f 4076/2880/3225 4073/2879/3224 4070/2881/3226
f 4070/2881/3226 4071/2882/3227 4076/2880/3225
f 4073/2879/3224 4077/2883/3228 4075/2877/1335
f 4077/2883/3228 4073/2879/3224 4076/2880/3225
f 4078/2884/3229 4075/2877/1335 4077/2883/3228
f 4079/2885/1070 4076/2880/3225 4071/2882/3227
f 4071/2882/3227 4072/2886/3230 4079/2885/1070
f 4076/2880/3225 4080/2887/3231 4077/2883/3228
f 4080/2887/3231 4076/2880/3225 4079/2885/1070
f 4077/2883/3228 4081/2888/3232 4078/2884/3229
f 4081/2888/3232 4077/2883/3228 4080/2887/3231
f 4082/2889/3233 4078/2884/3229 4081/2888/3232
f 4056/2863/3210 4079/2885/1070 4072/2886/3230
f 4072/2886/3230 4068/2875/3221 4056/2863/3210
f 4079/2885/1070 4083/2890/1073 4080/2887/3231
f 4083/2890/1073 4079/2885/1070 4056/2863/3210
f 4080/2887/3231 4084/2891/3234 4081/2888/3232
f 4084/2891/3234 4080/2887/3231 4083/2890/1073
f 4081/2888/3232 4085/2892/3235 4082/2889/3233
f 4085/2892/3235 4081/2888/3232 4084/2891/3234
f 4086/2893/3236 4082/2889/3233 4085/2892/3235
f 4085/2892/3235 4087/2894/3237 4086/2893/3236
f 4087/2894/3237 4085/2892/3235 4088/2895/3238
f 4084/2891/3234 4088/2895/3238 4085/2892/3235
f 4088/2895/3238 4034/2842/3190 4087/2894/3237
f 4083/2890/1073 4031/2839/3187 4084/2891/3234
f 4088/2895/3238 4084/2891/3234 4031/2839/3187
f 4031/2839/3187 4083/2890/1073 4030/2837/3185
f 4056/2863/3210 4030/2837/3185 4083/2890/1073
f 4031/2839/3187 4033/2840/3188 4088/2895/3238
f 4034/2842/3190 4088/2895/3238 4033/2840/3188
f 4089/2896/3239 4091/2897/3240 4090/2898/3241
f 4091/2897/3240 4092/2899/3242 4090/2898/3241
f 4093/2900/3243 4089/2896/3239 4090/2898/3241
f 4090/2898/3241 4094/2901/3244 4093/2900/3243
f 4094/2901/3244 4095/2902/3245 4093/2900/3243
f 4093/2900/3243 4096/2903/3246 4089/2896/3239
f 4093/2900/3243 4097/2904/3247 4096/2903/3246
f 4089/2896/3239 4098/2905/3248 4091/2897/3240
f 4089/2896/3239 4099/2906/3249 4098/2905/3248
f 4091/2897/3240 4098/2905/3248 4100/2907/3250
f 4101/2908/3251 4091/2897/3240 4100/2907/3250
f 4101/2908/3251 4102/2909/3252 4091/2897/3240
f 4101/2908/3251 4103/2910/3253 4102/2909/3252
f 4100/2907/3250 4104/2911/3254 4101/2908/3251
f 4104/2911/3254 4105/2912/3255 4101/2908/3251
f 4106/2913/3256 4107/2914/3257 4100/2907/3250
f 4106/2913/3256 4100/2907/3250 4098/2905/3248
f 4106/2913/3256 4098/2905/3248 4108/2915/3258
f 4109/2916/3259 4108/2915/3258 4098/2905/3248
f 4109/2916/3259 4110/2917/612 4108/2915/3258
f 4111/2918/3260 4106/2913/3256 4108/2915/3258
f 4108/2915/3258 4112/2919/3261 4111/2918/3260
f 4112/2919/3261 4113/2920/3262 4111/2918/3260
f 4111/2918/3260 4114/2921/3263 4106/2913/3256
f 4111/2918/3260 4115/2922/3264 4114/2921/3263
f 4109/2916/3259 4098/2905/3248 4116/2923/3265
f 4116/2923/3265 4098/2905/3248 4117/2924/3266
f 4117/2924/3266 4118/2925/3267 4116/2923/3265
f 4116/2923/3265 4119/2926/3268 4109/2916/3259
f 4116/2923/3265 4120/2927/3269 4119/2926/3268
f 4046/2853/3201 4050/2857/3205 4121/2928/3270
f 4126/2929/3271 4123/2930/3272 4122/2931/3273
f 4126/2929/3271 4125/2932/3274 4123/2930/3272
f 4087/2894/3237 4126/2929/3271 4122/2931/3273
f 4087/2894/3237 4122/2931/3273 4086/2893/3236
f 4124/2933/3275 4125/2932/3274 4128/2934/3276
f 4128/2934/3276 4127/2935/3277 4124/2933/3275
f 4125/2932/3274 4126/2929/3271 4036/2843/3191
f 4036/2843/3191 4128/2934/3276 4125/2932/3274
f 4126/2929/3271 4087/2894/3237 4034/2842/3190
f 4034/2842/3190 4036/2843/3191 4126/2929/3271
f 4127/2935/3277 4128/2934/3276 4130/2936/3278
f 4130/2936/3278 4129/2937/3279 4127/2935/3277
f 4037/2844/3192 4130/2936/3278 4128/2934/3276
f 4128/2934/3276 4036/2843/3191 4037/2844/3192
f 4129/2937/3279 4130/2936/3278 4132/2938/3280
f 4132/2938/3280 4131/2939/3281 4129/2937/3279
f 4133/2940/3282 4131/2939/3281 4132/2938/3280
f 4040/2847/3195 4132/2938/3280 4130/2936/3278
f 4130/2936/3278 4037/2844/3192 4040/2847/3195
f 4132/2938/3280 4134/2941/3283 4133/2940/3282
f 4134/2941/3283 4132/2938/3280 4040/2847/3195
f 4135/2942/3284 4133/2940/3282 4134/2941/3283
f 4134/2941/3283 4137/2943/3285 4135/2942/3284
f 4136/2944/3286 4135/2942/3284 4137/2943/3285
f 4040/2847/3195 4041/2848/3196 4134/2941/3283
f 4137/2943/3285 4134/2941/3283 4041/2848/3196
f 4137/2943/3285 4138/2945/3287 4136/2944/3286
f 4138/2945/3287 4137/2943/3285 4043/2850/3198
f 4041/2848/3196 4043/2850/3198 4137/2943/3285
f 4043/2850/3198 4046/2853/3201 4138/2945/3287
f 4121/2928/3270 4138/2945/3287 4046/2853/3201
f 4146/2946/3288 4145/2947/3289 4147/2948/3290
f 4147/2948/3290 4148/2949/3291 4146/2946/3288
f 4148/2949/3291 4147/2948/3290 4149/2950/3224
f 4149/2950/3224 4150/2951/3223 4148/2949/3291
f 4159/2952/3292 4158/2953/3293 4160/2954/3294
f 4160/2954/3294 4161/2955/3295 4159/2952/3292
f 4161/2955/3295 4160/2954/3294 4162/2956/3296
f 4162/2956/3296 4163/2957/3297 4161/2955/3295
f 4165/2958/3298 4167/2959/3299 4166/2960/3300
f 4166/2960/3300 4168/2961/3301 4165/2958/3298
f 4169/2962/3302 4165/2958/3298 4168/2961/3301
f 4168/2961/3301 4170/2963/3303 4169/2962/3302
f 4171/2964/3304 4169/2962/3302 4170/2963/3303
f 4170/2963/3303 4172/2965/3305 4171/2964/3304
f 4171/2964/3304 4172/2965/3305 4173/2966/3306
f 4168/2961/3301 4166/2960/3300 4174/2967/3307
f 4174/2967/3307 4175/2968/3308 4168/2961/3301
f 4170/2963/3303 4168/2961/3301 4175/2968/3308
f 4175/2968/3308 4174/2967/3307 4155/2969/3309
f 4175/2968/3308 4176/2970/3310 4170/2963/3303
f 4172/2965/3305 4170/2963/3303 4176/2970/3310
f 4155/2969/3309 4177/2971/3311 4175/2968/3308
f 4176/2970/3310 4175/2968/3308 4177/2971/3311
f 4176/2970/3310 4178/2972/3312 4172/2965/3305
f 4172/2965/3305 4178/2972/3312 4179/2966/3306
f 4177/2971/3311 4180/2973/3313 4176/2970/3310
f 4178/2972/3312 4176/2970/3310 4180/2973/3313
f 4177/2971/3311 4155/2969/3309 4156/2974/3314
f 4180/2973/3313 4181/2975/3315 4178/2972/3312
f 4178/2972/3312 4181/2975/3315 4182/2966/3306
f 4180/2973/3313 4177/2971/3311 4183/2976/3316
f 4156/2974/3314 4183/2976/3316 4177/2971/3311
f 4181/2975/3315 4180/2973/3313 4184/2977/3317
f 4183/2976/3316 4184/2977/3317 4180/2973/3313
f 4184/2977/3317 4185/2978/3318 4181/2975/3315
f 4181/2975/3315 4185/2978/3318 4186/2966/3306
f 4184/2977/3317 4183/2976/3316 4187/2979/3319
f 4183/2976/3316 4156/2974/3314 4157/2980/3320
f 4157/2980/3320 4187/2979/3319 4183/2976/3316
f 4184/2977/3317 4188/2981/3321 4185/2978/3318
f 4187/2979/3319 4188/2981/3321 4184/2977/3317
f 4189/2982/3322 4185/2978/3318 4188/2981/3321
f 4185/2978/3318 4189/2982/3322 4190/2966/3306
f 4188/2981/3321 4187/2979/3319 4191/2983/3323
f 4187/2979/3319 4157/2980/3320 4159/2952/3292
f 4159/2952/3292 4191/2983/3323 4187/2979/3319
f 4189/2982/3322 4188/2981/3321 4192/2984/3324
f 4191/2983/3323 4192/2984/3324 4188/2981/3321
f 4192/2984/3324 4193/2985/3325 4189/2982/3322
f 4189/2982/3322 4193/2985/3325 4194/2966/3326
f 4192/2984/3324 4191/2983/3323 4195/2986/3327
f 4191/2983/3323 4159/2952/3292 4161/2955/3295
f 4161/2955/3295 4195/2986/3327 4191/2983/3323
f 4193/2985/3325 4192/2984/3324 4196/2987/3328
f 4195/2986/3327 4196/2987/3328 4192/2984/3324
f 4196/2987/3328 4197/2988/3329 4193/2985/3325
f 4193/2985/3325 4197/2988/3329 4198/2966/3306
f 4196/2987/3328 4195/2986/3327 4199/2989/3330
f 4195/2986/3327 4161/2955/3295 4163/2957/3297
f 4163/2957/3297 4199/2989/3330 4195/2986/3327
f 4197/2988/3329 4196/2987/3328 4200/2990/3331
f 4199/2989/3330 4200/2990/3331 4196/2987/3328
f 4200/2990/3331 4201/2991/3332 4197/2988/3329
f 4197/2988/3329 4201/2991/3332 4202/2966/3326
f 4200/2990/3331 4203/2992/3333 4201/2991/3332
f 4201/2991/3332 4203/2992/3333 4204/2966/3326
f 4199/2989/3330 4205/2993/3334 4200/2990/3331
f 4205/2993/3334 4203/2992/3333 4200/2990/3331
f 4163/2957/3297 4206/2994/3335 4199/2989/3330
f 4206/2994/3335 4205/2993/3334 4199/2989/3330
f 4205/2993/3334 4207/2995/3336 4203/2992/3333
f 4203/2992/3333 4207/2995/3336 4208/2966/3306
f 4206/2994/3335 4209/2996/3337 4205/2993/3334
f 4207/2995/3336 4205/2993/3334 4209/2996/3337
f 4164/2997/1322 4206/2994/3335 4163/2957/3297
f 4209/2996/3337 4210/2998/3338 4207/2995/3336
f 4207/2995/3336 4210/2998/3338 4211/2966/3306
f 4209/2996/3337 4206/2994/3335 4212/2999/3339
f 4164/2997/1322 4212/2999/3339 4206/2994/3335
f 4210/2998/3338 4209/2996/3337 4213/3000/3340
f 4212/2999/3339 4213/3000/3340 4209/2996/3337
f 4213/3000/3340 4214/3001/3341 4210/2998/3338
f 4210/2998/3338 4214/3001/3341 4215/2966/3326
f 4213/3000/3340 4212/2999/3339 4216/3002/3342
f 4139/3003/3343 4212/2999/3339 4164/2997/1322
f 4139/3003/3343 4216/3002/3342 4212/2999/3339
f 4214/3001/3341 4213/3000/3340 4217/3004/3344
f 4216/3002/3342 4217/3004/3344 4213/3000/3340
f 4217/3004/3344 4218/3005/3345 4214/3001/3341
f 4214/3001/3341 4218/3005/3345 4219/2966/3326
f 4217/3004/3344 4216/3002/3342 4220/3006/3346
f 4216/3002/3342 4139/3003/3343 4140/3007/3347
f 4140/3007/3347 4220/3006/3346 4216/3002/3342
f 4218/3005/3345 4217/3004/3344 4221/3008/3348
f 4220/3006/3346 4221/3008/3348 4217/3004/3344
f 4221/3008/3348 4222/3009/3349 4218/3005/3345
f 4218/3005/3345 4222/3009/3349 4223/2966/3326
f 4221/3008/3348 4220/3006/3346 4224/3010/3350
f 4220/3006/3346 4140/3007/3347 4141/3011/3351
f 4141/3011/3351 4224/3010/3350 4220/3006/3346
f 4222/3009/3349 4221/3008/3348 4225/3012/3352
f 4224/3010/3350 4225/3012/3352 4221/3008/3348
f 4225/3012/3352 4226/3013/3353 4222/3009/3349
f 4222/3009/3349 4226/3013/3353 4227/2966/3326
f 4225/3012/3352 4224/3010/3350 4228/3014/3354
f 4224/3010/3350 4141/3011/3351 4229/3015/3355
f 4229/3015/3355 4228/3014/3354 4224/3010/3350
f 4226/3013/3353 4225/3012/3352 4230/3016/3356
f 4228/3014/3354 4230/3016/3356 4225/3012/3352
f 4230/3016/3356 4231/3017/3357 4226/3013/3353
f 4226/3013/3353 4231/3017/3357 4232/2966/3326
f 4231/3017/3357 4230/3016/3356 4233/3018/3358
f 4234/3019/3359 4233/3018/3358 4230/3016/3356
f 4230/3016/3356 4228/3014/3354 4234/3019/3359
f 4233/3018/3358 4234/3019/3359 4235/3020/3360
f 4236/3021/3361 4235/3020/3360 4234/3019/3359
f 4235/3020/3360 4236/3021/3361 4237/3022/3362
f 4238/3023/3363 4234/3019/3359 4228/3014/3354
f 4228/3014/3354 4229/3015/3355 4238/3023/3363
f 4234/3019/3359 4238/3023/3363 4236/3021/3361
f 4239/3024/3364 4237/3022/3362 4236/3021/3361
f 4236/3021/3361 4240/3025/3365 4239/3024/3364
f 4241/3026/3366 4236/3021/3361 4238/3023/3363
f 4236/3021/3361 4241/3026/3366 4240/3025/3365
f 4242/3027/3367 4245/3028/3368 4244/3029/3369
f 4244/3029/3369 4246/3030/3370 4242/3027/3367
f 4247/3031/3371 4244/3029/3369 4245/3028/3368
f 4245/3028/3368 4248/3032/3372 4247/3031/3371
f 4249/3033/3373 4247/3031/3371 4248/3032/3372
f 4245/3028/3368 4242/3027/3367 4243/3034/3374
f 4248/3032/3372 4250/3035/3375 4249/3033/3373
f 4249/3033/3373 4250/3035/3375 4251/3036/3376
f 4248/3032/3372 4245/3028/3368 4252/3037/3377
f 4243/3034/3374 4252/3037/3377 4245/3028/3368
f 4250/3035/3375 4248/3032/3372 4253/3038/3378
f 4252/3037/3377 4253/3038/3378 4248/3032/3372
f 4253/3038/3378 4254/3039/3379 4250/3035/3375
f 4250/3035/3375 4254/3039/3379 4255/3036/3376
f 4253/3038/3378 4252/3037/3377 4256/3040/3380
f 4252/3037/3377 4243/3034/3374 4142/3041/3381
f 4142/3041/3381 4256/3040/3380 4252/3037/3377
f 4253/3038/3378 4257/3042/3382 4254/3039/3379
f 4256/3040/3380 4257/3042/3382 4253/3038/3378
f 4258/3043/3383 4254/3039/3379 4257/3042/3382
f 4254/3039/3379 4258/3043/3383 4259/3036/3376
f 4257/3042/3382 4256/3040/3380 4260/3044/3384
f 4256/3040/3380 4142/3041/3381 4143/3045/3385
f 4143/3045/3385 4260/3044/3384 4256/3040/3380
f 4257/3042/3382 4261/3046/3386 4258/3043/3383
f 4260/3044/3384 4261/3046/3386 4257/3042/3382
f 4262/3047/3387 4258/3043/3383 4261/3046/3386
f 4258/3043/3383 4262/3047/3387 4263/3036/3388
f 4261/3046/3386 4260/3044/3384 4264/3048/3389
f 4260/3044/3384 4143/3045/3385 4144/3049/3390
f 4144/3049/3390 4264/3048/3389 4260/3044/3384
f 4262/3047/3387 4261/3046/3386 4265/3050/3391
f 4264/3048/3389 4265/3050/3391 4261/3046/3386
f 4265/3050/3391 4266/3051/3392 4262/3047/3387
f 4262/3047/3387 4266/3051/3392 4267/3036/3376
f 4265/3050/3391 4264/3048/3389 4268/3052/3393
f 4264/3048/3389 4144/3049/3390 4146/2946/3288
f 4146/2946/3288 4268/3052/3393 4264/3048/3389
f 4266/3051/3392 4265/3050/3391 4269/3053/3394
f 4268/3052/3393 4269/3053/3394 4265/3050/3391
f 4269/3053/3394 4270/3054/3395 4266/3051/3392
f 4266/3051/3392 4270/3054/3395 4271/3036/3388
f 4269/3053/3394 4268/3052/3393 4272/3055/3396
f 4268/3052/3393 4146/2946/3288 4148/2949/3291
f 4148/2949/3291 4272/3055/3396 4268/3052/3393
f 4270/3054/3395 4269/3053/3394 4273/3056/3397
f 4272/3055/3396 4273/3056/3397 4269/3053/3394
f 4273/3056/3397 4274/3057/3398 4270/3054/3395
f 4270/3054/3395 4274/3057/3398 4275/3036/3388
f 4273/3056/3397 4272/3055/3396 4276/3058/3399
f 4272/3055/3396 4148/2949/3291 4150/2951/3223
f 4150/2951/3223 4276/3058/3399 4272/3055/3396
f 4274/3057/3398 4273/3056/3397 4277/3059/3400
f 4276/3058/3399 4277/3059/3400 4273/3056/3397
f 4277/3059/3400 4278/3060/3401 4274/3057/3398
f 4274/3057/3398 4278/3060/3401 4279/3036/3388
f 4280/3061/3402 4278/3060/3401 4277/3059/3400
f 4278/3060/3401 4280/3061/3402 4281/3036/3376
f 4282/3062/3403 4277/3059/3400 4276/3058/3399
f 4277/3059/3400 4282/3062/3403 4280/3061/3402
f 4283/3063/3404 4276/3058/3399 4150/2951/3223
f 4276/3058/3399 4283/3063/3404 4282/3062/3403
f 4282/3062/3403 4284/3064/3405 4280/3061/3402
f 4280/3061/3402 4284/3064/3405 4285/3036/3388
f 4286/3065/3406 4282/3062/3403 4283/3063/3404
f 4282/3062/3403 4286/3065/3406 4284/3064/3405
f 4150/2951/3223 4151/3066/1335 4283/3063/3404
f 4286/3065/3406 4287/3067/3407 4284/3064/3405
f 4284/3064/3405 4287/3067/3407 4288/3036/3388
f 4283/3063/3404 4289/3068/3408 4286/3065/3406
f 4289/3068/3408 4283/3063/3404 4151/3066/1335
f 4287/3067/3407 4286/3065/3406 4290/3069/3409
f 4289/3068/3408 4290/3069/3409 4286/3065/3406
f 4290/3069/3409 4291/3070/3410 4287/3067/3407
f 4287/3067/3407 4291/3070/3410 4292/3036/3388
f 4289/3068/3408 4293/3071/3411 4290/3069/3409
f 4151/3066/1335 4152/3072/3412 4289/3068/3408
f 4293/3071/3411 4289/3068/3408 4152/3072/3412
f 4291/3070/3410 4290/3069/3409 4294/3073/3413
f 4293/3071/3411 4294/3073/3413 4290/3069/3409
f 4294/3073/3413 4295/3074/3414 4291/3070/3410
f 4291/3070/3410 4295/3074/3414 4296/3036/3388
f 4293/3071/3411 4297/3075/3415 4294/3073/3413
f 4152/3072/3412 4153/3076/3416 4293/3071/3411
f 4153/3076/3416 4297/3075/3415 4293/3071/3411
f 4295/3074/3414 4294/3073/3413 4298/3077/3417
f 4297/3075/3415 4298/3077/3417 4294/3073/3413
f 4298/3077/3417 4299/3078/3418 4295/3074/3414
f 4295/3074/3414 4299/3078/3418 4300/3036/3388
f 4298/3077/3417 4297/3075/3415 4301/3079/3419
f 4153/3076/3416 4154/3080/3420 4297/3075/3415
f 4154/3080/3420 4301/3079/3419 4297/3075/3415
f 4299/3078/3418 4298/3077/3417 4302/3081/3421
f 4301/3079/3419 4302/3081/3421 4298/3077/3417
f 4303/3082/3422 4299/3078/3418 4302/3081/3421
f 4299/3078/3418 4303/3082/3422 4304/3036/3388
f 4302/3081/3421 4301/3079/3419 4305/3083/3423
f 4154/3080/3420 4306/3084/3273 4301/3079/3419
f 4306/3084/3273 4305/3083/3423 4301/3079/3419
f 4303/3082/3422 4302/3081/3421 4307/3085/1215
f 4307/3085/1215 4302/3081/3421 4305/3083/3423
f 4308/3086/3424 4303/3082/3422 4307/3085/1215
f 4303/3082/3422 4308/3086/3424 4309/3036/3388
f 4307/3085/1215 4310/3087/3425 4308/3086/3424
f 4310/3087/3425 4307/3085/1215 4311/3088/3426
f 4307/3085/1215 4305/3083/3423 4311/3088/3426
f 4311/3088/3426 4312/3089/3427 4310/3087/3425
f 4312/3089/3427 4311/3088/3426 4313/3090/3428
f 4313/3090/3428 4314/3091/3429 4312/3089/3427
f 4315/3092/3272 4311/3088/3426 4305/3083/3423
f 4311/3088/3426 4315/3092/3272 4313/3090/3428
f 4305/3083/3423 4306/3084/3273 4315/3092/3272
f 4316/3093/3430 4314/3091/3429 4313/3090/3428
f 4313/3090/3428 4317/3094/3431 4316/3093/3430
f 4318/3095/3432 4313/3090/3428 4315/3092/3272
f 4318/3095/3432 4317/3094/3431 4313/3090/3428
f 4319/3096/3248 4321/3097/3249 4320/3098/3433
f 4320/3098/3433 4322/3099/3434 4319/3096/3248
f 4323/3100/3435 4319/3096/3248 4322/3099/3434
f 4322/3099/3434 4324/3101/3436 4323/3100/3435
f 4325/3102/3437 4323/3100/3435 4324/3101/3436
f 4324/3101/3436 4326/3103/3438 4325/3102/3437
f 4327/3104/3439 4325/3102/3437 4326/3103/3438
f 4326/3103/3438 4328/3105/3440 4327/3104/3439
f 4331/3106/3441 4329/3107/3442 4330/3108/3443
f 4330/3108/3443 4332/3109/3444 4331/3106/3441
f 4333/3110/3445 4331/3106/3441 4332/3109/3444
f 4332/3109/3444 4334/3111/3446 4333/3110/3445
f 4335/3112/3239 4333/3110/3445 4334/3111/3446
f 4334/3111/3446 4336/3113/3447 4335/3112/3239
f 4337/3097/3249 4335/3112/3239 4336/3113/3447
f 4336/3113/3447 4338/3098/3433 4337/3097/3249
f 4341/3114/3448 4343/3115/3449 4344/3116/3450
f 4344/3116/3450 4345/3117/3451 4342/3118/3452
f 4345/3117/3451 4344/3116/3450 4346/3119/3453
f 4344/3116/3450 4347/3120/3454 4346/3119/3453
f 4344/3116/3450 4343/3115/3449 4347/3120/3454
f 4346/3119/3453 4347/3120/3454 4348/3121/3455
f 4347/3120/3454 4349/3122/3456 4348/3121/3455
f 4343/3115/3449 4350/3123/3457 4347/3120/3454
f 4347/3120/3454 4350/3123/3457 4349/3122/3456
f 4350/3123/3457 4340/3124/1338 4349/3122/3456
f 4351/3125/3458 4353/3126/3459 4352/3127/3460
f 4353/3126/3459 4351/3125/3458 4354/3128/3461
f 4355/3129/3462 4352/3127/3460 4353/3126/3459
f 4353/3126/3459 4356/3130/3463 4355/3129/3462
f 4357/3131/3464 4355/3129/3462 4356/3130/3463
f 4354/3128/3461 4358/3132/3465 4353/3126/3459
f 4356/3130/3463 4353/3126/3459 4358/3132/3465
f 4359/3133/3466 4360/3134/3467 4354/3128/3461
f 4358/3132/3465 4354/3128/3461 4360/3134/3467
f 4349/3122/3456 4360/3134/3467 4359/3133/3466
f 4348/3121/3455 4349/3122/3456 4359/3133/3466
f 4356/3130/3463 4361/3135/3468 4357/3131/3464
f 4362/3136/3469 4357/3131/3464 4361/3135/3468
f 4361/3135/3468 4363/3137/3314 4362/3136/3469
f 4361/3135/3468 4356/3130/3463 4364/3138/3470
f 4358/3132/3465 4364/3138/3470 4356/3130/3463
f 4363/3137/3314 4361/3135/3468 4365/3139/3471
f 4364/3138/3470 4365/3139/3471 4361/3135/3468
f 4365/3139/3471 4366/3140/3320 4363/3137/3314
f 4364/3138/3470 4358/3132/3465 4367/3141/3472
f 4360/3134/3467 4367/3141/3472 4358/3132/3465
f 4365/3139/3471 4364/3138/3470 4368/3142/3473
f 4367/3141/3472 4368/3142/3473 4364/3138/3470
f 4366/3140/3320 4365/3139/3471 4369/3143/3474
f 4368/3142/3473 4369/3143/3474 4365/3139/3471
f 4369/3143/3474 4370/3144/3292 4366/3140/3320
f 4367/3141/3472 4360/3134/3467 4340/3124/1338
f 4349/3122/3456 4340/3124/1338 4360/3134/3467
f 4368/3142/3473 4367/3141/3472 4339/3145/3475
f 4340/3124/1338 4339/3145/3475 4367/3141/3472
f 4369/3143/3474 4368/3142/3473 4371/3146/3476
f 4339/3145/3475 4371/3146/3476 4368/3142/3473
f 4371/3146/3476 4372/3147/3477 4369/3143/3474
f 4375/3148/3478 4373/3149/3479 4374/3150/3299
f 4375/3148/3478 4376/3151/3480 4373/3149/3479
f 4377/3152/3481 4376/3151/3480 4375/3148/3478
f 4377/3152/3481 4378/3153/3482 4376/3151/3480
f 4379/3154/3483 4378/3153/3482 4377/3152/3481
f 4379/3154/3483 4380/3155/3484 4378/3153/3482
f 4381/3156/1398 4380/3155/3484 4379/3154/3483
f 4381/3156/1398 4382/3157/3485 4380/3155/3484
f 4383/3158/3486 4382/3157/3485 4381/3156/1398
f 4381/3156/1398 4384/3159/3487 4383/3158/3486
f 4380/3155/3484 4382/3157/3485 4385/3160/3488
f 4383/3158/3486 4385/3160/3488 4382/3157/3485
f 4378/3153/3482 4380/3155/3484 4386/3161/3489
f 4385/3160/3488 4386/3161/3489 4380/3155/3484
f 4387/3162/3490 4383/3158/3486 4384/3159/3487
f 4384/3159/3487 4388/3163/3491 4387/3162/3490
f 4385/3160/3488 4383/3158/3486 4389/3164/3492
f 4387/3162/3490 4389/3164/3492 4383/3158/3486
f 4386/3161/3489 4385/3160/3488 4390/3165/3493
f 4389/3164/3492 4390/3165/3493 4385/3160/3488
f 4386/3161/3489 4391/3166/3494 4378/3153/3482
f 4376/3151/3480 4378/3153/3482 4391/3166/3494
f 4390/3165/3493 4352/3127/3460 4386/3161/3489
f 4391/3166/3494 4386/3161/3489 4352/3127/3460
f 4391/3166/3494 4392/3167/3495 4376/3151/3480
f 4373/3149/3479 4376/3151/3480 4392/3167/3495
f 4352/3127/3460 4355/3129/3462 4391/3166/3494
f 4392/3167/3495 4391/3166/3494 4355/3129/3462
f 4392/3167/3495 4393/3168/3307 4373/3149/3479
f 4355/3129/3462 4357/3131/3464 4392/3167/3495
f 4393/3168/3307 4392/3167/3495 4357/3131/3464
f 4357/3131/3464 4362/3136/3469 4393/3168/3307
f 4399/3169/3496 4398/3170/3497 4397/3171/3498
f 4397/3171/3498 4400/3172/3499 4399/3169/3496
f 4388/3163/3491 4399/3169/3496 4400/3172/3499
f 4400/3172/3499 4387/3162/3490 4388/3163/3491
f 4397/3171/3498 4401/3173/3500 4400/3172/3499
f 4401/3173/3500 4397/3171/3498 4396/3174/3501
f 4400/3172/3499 4402/3175/3502 4387/3162/3490
f 4402/3175/3502 4400/3172/3499 4401/3173/3500
f 4389/3164/3492 4387/3162/3490 4402/3175/3502
f 4396/3174/3501 4403/3176/3503 4401/3173/3500
f 4403/3176/3503 4396/3174/3501 4395/3177/3504
f 4401/3173/3500 4404/3178/3505 4402/3175/3502
f 4404/3178/3505 4401/3173/3500 4403/3176/3503
f 4402/3175/3502 4405/3179/3506 4389/3164/3492
f 4405/3179/3506 4402/3175/3502 4404/3178/3505
f 4390/3165/3493 4389/3164/3492 4405/3179/3506
f 4395/3177/3504 4406/3180/3507 4403/3176/3503
f 4406/3180/3507 4395/3177/3504 4394/3181/3508
f 4403/3176/3503 4407/3182/3509 4404/3178/3505
f 4407/3182/3509 4403/3176/3503 4406/3180/3507
f 4404/3178/3505 4408/3183/3510 4405/3179/3506
f 4408/3183/3510 4404/3178/3505 4407/3182/3509
f 4405/3179/3506 4351/3125/3458 4390/3165/3493
f 4351/3125/3458 4405/3179/3506 4408/3183/3510
f 4352/3127/3460 4390/3165/3493 4351/3125/3458
f 4394/3181/3508 4346/3119/3453 4406/3180/3507
f 4346/3119/3453 4394/3181/3508 4345/3117/3451
f 4406/3180/3507 4348/3121/3455 4407/3182/3509
f 4348/3121/3455 4406/3180/3507 4346/3119/3453
f 4407/3182/3509 4359/3133/3466 4408/3183/3510
f 4359/3133/3466 4407/3182/3509 4348/3121/3455
f 4408/3183/3510 4354/3128/3461 4351/3125/3458
f 4359/3133/3466 4354/3128/3461 4408/3183/3510
f 4411/3184/3511 4409/3185/3512 4410/3186/3275
f 4410/3186/3275 4412/3187/3277 4411/3184/3511
f 4413/3188/1384 4411/3184/3511 4412/3187/3277
f 4412/3187/3277 4414/3189/3513 4413/3188/1384
f 4415/3190/1381 4413/3188/1384 4414/3189/3513
f 4414/3189/3513 4416/3191/3281 4415/3190/1381
f 4417/3192/3514 4415/3190/1381 4416/3191/3281
f 4417/3192/3514 4418/3193/3515 4415/3190/1381
f 4419/3194/3284 4418/3193/3515 4417/3192/3514
f 4419/3194/3284 4420/3195/3516 4418/3193/3515
f 4421/3196/3286 4420/3195/3516 4419/3194/3284
f 4421/3196/3286 4422/3197/3517 4420/3195/3516
f 4425/3198/3253 4423/3199/3251 4424/3200/3518
f 4424/3200/3518 4426/3201/3519 4425/3198/3253
f 4427/3202/3520 4425/3198/3253 4426/3201/3519
f 4426/3201/3519 4428/3203/3521 4427/3202/3520
f 4429/3204/3522 4427/3202/3520 4428/3203/3521
f 4428/3203/3521 4430/3205/3523 4429/3204/3522
f 4431/3206/3242 4429/3204/3522 4430/3205/3523
f 4430/3205/3523 4432/3207/3524 4431/3206/3242
f 4433/3208/3241 4431/3206/3242 4432/3207/3524
f 4432/3207/3524 4434/3209/3525 4433/3208/3241
f 4435/3210/3526 4433/3208/3241 4434/3209/3525
f 4434/3209/3525 4436/3211/3527 4435/3210/3526
f 4437/3212/3528 4435/3210/3526 4436/3211/3527
f 4436/3211/3527 4438/3213/3529 4437/3212/3528
f 4439/3214/3530 4437/3212/3528 4438/3213/3529
f 4438/3213/3529 4440/3215/3531 4439/3214/3530
f 4441/2888/3532 4443/2884/3533 4442/2883/3534
f 4444/2887/3535 4441/2888/3532 4442/2883/3534
f 4441/2888/3532 4445/2889/3536 4443/2884/3533
f 4446/2863/1429 4448/2885/1434 4447/2886/3475
f 4447/2886/3475 4449/2875/1430 4446/2863/1429
f 4450/2890/1440 4444/2887/3535 4448/2885/1434
f 4446/2863/1429 4450/2890/1440 4448/2885/1434
f 4451/2891/3537 4441/2888/3532 4444/2887/3535
f 4450/2890/1440 4451/2891/3537 4444/2887/3535
f 4445/2889/3536 4441/2888/3532 4452/2892/3538
f 4451/2891/3537 4452/2892/3538 4441/2888/3532
f 4452/2892/3538 4453/2893/3539 4445/2889/3536
f 4453/2893/3539 4452/2892/3538 4454/2894/3540
f 4455/2895/3541 4454/2894/3540 4452/2892/3538
f 4455/2895/3541 4452/2892/3538 4451/2891/3537
f 4454/2894/3540 4455/2895/3541 4456/2842/3542
f 4457/2839/1486 4451/2891/3537 4450/2890/1440
f 4457/2839/1486 4455/2895/3541 4451/2891/3537
f 4458/2837/3543 4457/2839/1486 4450/2890/1440
f 4458/2837/3543 4450/2890/1440 4446/2863/1429
f 4459/2840/3544 4455/2895/3541 4457/2839/1486
f 4459/2840/3544 4456/2842/3542 4455/2895/3541
f 4460/2838/3545 4457/2839/1486 4458/2837/3543
f 4460/2838/3545 4459/2840/3544 4457/2839/1486
f 4461/2862/3546 4458/2837/3543 4446/2863/1429
f 4462/2854/3547 4460/2838/3545 4458/2837/3543
f 4458/2837/3543 4461/2862/3546 4462/2854/3547
f 4463/2841/3548 4456/2842/3542 4459/2840/3544
f 4463/2841/3548 4464/2843/3549 4456/2842/3542
f 4464/2843/3549 4463/2841/3548 4465/2844/3550
f 4466/2845/3551 4463/2841/3548 4459/2840/3544
f 4466/2845/3551 4459/2840/3544 4460/2838/3545
f 4467/2846/3552 4465/2844/3550 4463/2841/3548
f 4467/2846/3552 4463/2841/3548 4466/2845/3551
f 4465/2844/3550 4467/2846/3552 4468/2847/3553
f 4469/2848/3554 4468/2847/3553 4467/2846/3552
f 4467/2846/3552 4470/2849/3555 4469/2848/3554
f 4470/2849/3555 4467/2846/3552 4466/2845/3551
f 4471/2850/3556 4469/2848/3554 4470/2849/3555
f 4472/2851/3557 4466/2845/3551 4460/2838/3545
f 4466/2845/3551 4472/2851/3557 4470/2849/3555
f 4460/2838/3545 4462/2854/3547 4472/2851/3557
f 4470/2849/3555 4473/2852/3558 4471/2850/3556
f 4473/2852/3558 4470/2849/3555 4472/2851/3557
f 4474/2853/3559 4471/2850/3556 4473/2852/3558
f 4473/2852/3558 4475/2856/3560 4474/2853/3559
f 4472/2851/3557 4476/2855/3561 4473/2852/3558
f 4476/2855/3561 4472/2851/3557 4462/2854/3547
f 4475/2856/3560 4473/2852/3558 4476/2855/3561
f 4462/2854/3547 4477/2861/3562 4476/2855/3561
f 4476/2855/3561 4478/2859/3563 4475/2856/3560
f 4478/2859/3563 4476/2855/3561 4477/2861/3562
f 4479/2858/3564 4475/2856/3560 4478/2859/3563
f 4477/2861/3562 4462/2854/3547 4461/2862/3546
f 4478/2859/3563 4480/2860/3565 4479/2858/3564
f 4480/2860/3565 4478/2859/3563 4481/2864/3566
f 4477/2861/3562 4481/2864/3566 4478/2859/3563
f 4481/2864/3566 4482/2865/3567 4480/2860/3565
f 4461/2862/3546 4483/2866/3568 4477/2861/3562
f 4481/2864/3566 4477/2861/3562 4483/2866/3568
f 4482/2865/3567 4481/2864/3566 4484/2868/3569
f 4483/2866/3568 4484/2868/3569 4481/2864/3566
f 4484/2868/3569 4485/2869/1674 4482/2865/3567
f 4483/2866/3568 4461/2862/3546 4486/2867/1433
f 4446/2863/1429 4486/2867/1433 4461/2862/3546
f 4484/2868/3569 4483/2866/3568 4487/2870/3570
f 4486/2867/1433 4487/2870/3570 4483/2866/3568
f 4485/2869/1674 4484/2868/3569 4488/2872/3571
f 4487/2870/3570 4488/2872/3571 4484/2868/3569
f 4488/2872/3571 4489/2873/3572 4485/2869/1674
f 4488/2872/3571 4487/2870/3570 4490/2874/3448
f 4487/2870/3570 4486/2867/1433 4491/2876/3449
f 4490/2874/3448 4487/2870/3570 4491/2876/3449
f 4491/2876/3449 4486/2867/1433 4492/2871/3457
f 4486/2867/1433 4446/2863/1429 4492/2871/3457
f 4492/2871/3457 4446/2863/1429 4449/2875/1430
f 4495/2879/3296 4497/2877/1322 4496/2878/3573
f 4498/2880/3574 4495/2879/3296 4494/2881/3477
f 4494/2881/3477 4493/2882/3476 4498/2880/3574
f 4442/2883/3534 4497/2877/1322 4495/2879/3296
f 4498/2880/3574 4442/2883/3534 4495/2879/3296
f 4442/2883/3534 4443/2884/3533 4497/2877/1322
f 4448/2885/1434 4498/2880/3574 4493/2882/3476
f 4493/2882/3476 4447/2886/3475 4448/2885/1434
f 4444/2887/3535 4442/2883/3534 4498/2880/3574
f 4448/2885/1434 4444/2887/3535 4498/2880/3574
f 4499/3216/3575 4501/3217/3576 4500/3218/3577
f 4500/3218/3577 4502/3219/3578 4499/3216/3575
f 4500/3218/3577 4503/3220/3579 4502/3219/3578
f 4504/3221/3580 4505/3222/3581 4500/3218/3577
f 4500/3218/3577 4501/3217/3576 4504/3221/3580
f 4499/3216/3575 4507/3223/3582 4506/3224/3583
f 4499/3216/3575 4506/3224/3583 4501/3217/3576
f 4506/3224/3583 4508/3225/3584 4501/3217/3576
f 4509/3226/3585 4508/3225/3584 4506/3224/3583
f 4506/3224/3583 4510/3227/3586 4509/3226/3585
f 4510/3227/3586 4511/3228/3587 4509/3226/3585
f 4509/3226/3585 4512/3229/3588 4508/3225/3584
f 4509/3226/3585 4513/3230/3589 4512/3229/3588
f 4508/3225/3584 4514/3231/3590 4501/3217/3576
f 4508/3225/3584 4516/3232/3591 4515/3233/3447
f 4514/3231/3590 4508/3225/3584 4515/3233/3447
f 4517/3234/3592 4518/3235/3593 4501/3217/3576
f 4517/3234/3592 4501/3217/3576 4514/3231/3590
f 4517/3234/3592 4514/3231/3590 4519/3236/3594
f 4514/3231/3590 4520/3237/837 4519/3236/3594
f 4521/3238/3518 4517/3234/3592 4519/3236/3594
f 4519/3236/3594 4522/3239/3521 4521/3238/3518
f 4522/3239/3521 4523/3240/3595 4521/3238/3518
f 4521/3238/3518 4524/3241/3596 4517/3234/3592
f 4521/3238/3518 4525/3242/3597 4524/3241/3596
f 4526/3243/3443 4514/3231/3590 4515/3233/3447
f 4515/3233/3447 4527/3244/3598 4526/3243/3443
f 4527/3244/3598 4528/3245/3444 4526/3243/3443
f 4526/3243/3443 4529/3246/3527 4514/3231/3590
f 4526/3243/3443 4530/3247/3599 4529/3246/3527
f 4535/2929/3600 4532/2930/3601 4531/3248/3355
f 4532/2930/3601 4535/2929/3600 4534/2932/3366
f 4531/3248/3355 4454/2894/3540 4535/2929/3600
f 4454/2894/3540 4531/3248/3355 4453/2893/3539
f 4537/2934/3602 4533/2933/3603 4534/2932/3366
f 4533/2933/3603 4537/2934/3602 4536/2935/3604
f 4464/2843/3549 4534/2932/3366 4535/2929/3600
f 4534/2932/3366 4464/2843/3549 4537/2934/3602
f 4456/2842/3542 4535/2929/3600 4454/2894/3540
f 4535/2929/3600 4456/2842/3542 4464/2843/3549
f 4539/2936/3605 4536/2935/3604 4537/2934/3602
f 4536/2935/3604 4539/2936/3605 4538/2937/3606
f 4537/2934/3602 4465/2844/3550 4539/2936/3605
f 4465/2844/3550 4537/2934/3602 4464/2843/3549
f 4541/2938/3607 4538/2937/3606 4539/2936/3605
f 4538/2937/3606 4541/2938/3607 4540/2939/3608
f 4542/2940/3609 4540/2939/3608 4541/2938/3607
f 4539/2936/3605 4468/2847/3553 4541/2938/3607
f 4468/2847/3553 4539/2936/3605 4465/2844/3550
f 4541/2938/3607 4543/2941/3610 4542/2940/3609
f 4543/2941/3610 4541/2938/3607 4468/2847/3553
f 4544/2942/3611 4542/2940/3609 4543/2941/3610
f 4543/2941/3610 4546/2943/3612 4544/2942/3611
f 4545/2944/3613 4544/2942/3611 4546/2943/3612
f 4468/2847/3553 4469/2848/3554 4543/2941/3610
f 4546/2943/3612 4543/2941/3610 4469/2848/3554
f 4546/2943/3612 4547/2945/3614 4545/2944/3613
f 4547/2945/3614 4546/2943/3612 4471/2850/3556
f 4469/2848/3554 4471/2850/3556 4546/2943/3612
f 4471/2850/3556 4474/2853/3559 4547/2945/3614
f 4548/2928/3615 4547/2945/3614 4474/2853/3559
f 4474/2853/3559 4549/3249/3616 4548/2928/3615
f 4475/2856/3560 4479/2858/3564 4549/3249/3616
f 4549/3249/3616 4474/2853/3559 4475/2856/3560
f 4555/3250/3572 4554/3251/3571 4556/3252/3617
f 4556/3252/3617 4554/3251/3571 4557/3253/3618
f 4556/3252/3617 4557/3253/3618 4558/3254/3452
f 4558/3254/3452 4557/3253/3618 4559/3255/3619
f 4568/3256/3620 4567/3257/3219 4566/3258/3218
f 4566/3258/3218 4569/3259/3621 4568/3256/3620
f 4572/3260/3622 4571/3261/3623 4573/3262/3624
f 4572/3260/3622 4573/3262/3624 4574/3263/3625
f 4573/3262/3624 4571/3261/3623 4575/3264/3614
f 4576/3265/3626 4574/3263/3625 4573/3262/3624
f 4573/3262/3624 4577/3266/3627 4576/3265/3626
f 4578/3267/3628 4576/3265/3626 4577/3266/3627
f 4575/3264/3614 4579/3268/3629 4573/3262/3624
f 4577/3266/3627 4573/3262/3624 4579/3268/3629
f 4577/3266/3627 4580/3269/3630 4578/3267/3628
f 4581/3270/3631 4578/3267/3628 4580/3269/3630
f 4579/3268/3629 4582/3271/3632 4577/3266/3627
f 4580/3269/3630 4577/3266/3627 4582/3271/3632
f 4580/3269/3630 4583/3272/3633 4581/3270/3631
f 4584/3273/3634 4581/3270/3631 4583/3272/3633
f 4582/3271/3632 4585/3274/3635 4580/3269/3630
f 4583/3272/3633 4580/3269/3630 4585/3274/3635
f 4582/3271/3632 4579/3268/3629 4586/3275/3616
f 4585/3274/3635 4582/3271/3632 4587/3276/3636
f 4586/3275/3616 4587/3276/3636 4582/3271/3632
f 4585/3274/3635 4588/3277/3637 4583/3272/3633
f 4589/3273/3634 4583/3272/3633 4588/3277/3637
f 4587/3276/3636 4590/3278/3638 4585/3274/3635
f 4588/3277/3637 4585/3274/3635 4590/3278/3638
f 4590/3278/3638 4591/3279/3639 4588/3277/3637
f 4592/3273/3634 4588/3277/3637 4591/3279/3639
f 4590/3278/3638 4587/3276/3636 4593/3280/3640
f 4587/3276/3636 4586/3275/3616 4550/3281/3641
f 4550/3281/3641 4593/3280/3640 4587/3276/3636
f 4593/3280/3640 4594/3282/3642 4590/3278/3638
f 4590/3278/3638 4594/3282/3642 4591/3279/3639
f 4593/3280/3640 4550/3281/3641 4551/3283/3643
f 4595/3284/3644 4591/3279/3639 4594/3282/3642
f 4596/3273/3634 4591/3279/3639 4595/3284/3644
f 4594/3282/3642 4593/3280/3640 4597/3285/3645
f 4551/3283/3643 4597/3285/3645 4593/3280/3640
f 4595/3284/3644 4594/3282/3642 4598/3286/3646
f 4597/3285/3645 4598/3286/3646 4594/3282/3642
f 4598/3286/3646 4599/3287/3647 4595/3284/3644
f 4600/3273/3634 4595/3284/3644 4599/3287/3647
f 4598/3286/3646 4597/3285/3645 4601/3288/3648
f 4597/3285/3645 4551/3283/3643 4552/3289/3649
f 4552/3289/3649 4601/3288/3648 4597/3285/3645
f 4601/3288/3648 4602/3290/3650 4598/3286/3646
f 4599/3287/3647 4598/3286/3646 4602/3290/3650
f 4601/3288/3648 4552/3289/3649 4553/3291/1674
f 4602/3290/3650 4603/3292/3651 4599/3287/3647
f 4604/3273/3634 4599/3287/3647 4603/3292/3651
f 4602/3290/3650 4601/3288/3648 4605/3293/3652
f 4553/3291/1674 4605/3293/3652 4601/3288/3648
f 4603/3292/3651 4602/3290/3650 4606/3294/3653
f 4605/3293/3652 4606/3294/3653 4602/3290/3650
f 4606/3294/3653 4607/3295/3654 4603/3292/3651
f 4608/3273/3634 4603/3292/3651 4607/3295/3654
f 4606/3294/3653 4605/3293/3652 4609/3296/3655
f 4605/3293/3652 4553/3291/1674 4555/3250/3572
f 4555/3250/3572 4609/3296/3655 4605/3293/3652
f 4609/3296/3655 4610/3297/3656 4606/3294/3653
f 4607/3295/3654 4606/3294/3653 4610/3297/3656
f 4610/3297/3656 4611/3298/3657 4607/3295/3654
f 4612/3273/3634 4607/3295/3654 4611/3298/3657
f 4611/3298/3657 4610/3297/3656 4613/3299/3658
f 4614/3273/3634 4611/3298/3657 4613/3299/3658
f 4610/3297/3656 4609/3296/3655 4615/3300/3659
f 4613/3299/3658 4610/3297/3656 4615/3300/3659
f 4609/3296/3655 4555/3250/3572 4616/3301/3660
f 4615/3300/3659 4609/3296/3655 4616/3301/3660
f 4615/3300/3659 4617/3302/3661 4613/3299/3658
f 4618/3273/3662 4613/3299/3658 4617/3302/3661
f 4616/3301/3660 4619/3303/3663 4615/3300/3659
f 4617/3302/3661 4615/3300/3659 4619/3303/3663
f 4616/3301/3660 4555/3250/3572 4556/3252/3617
f 4619/3303/3663 4620/3304/3664 4617/3302/3661
f 4621/3273/3634 4617/3302/3661 4620/3304/3664
f 4619/3303/3663 4616/3301/3660 4622/3305/3665
f 4556/3252/3617 4622/3305/3665 4616/3301/3660
f 4620/3304/3664 4619/3303/3663 4623/3306/3666
f 4622/3305/3665 4623/3306/3666 4619/3303/3663
f 4623/3306/3666 4624/3307/3667 4620/3304/3664
f 4625/3273/3634 4620/3304/3664 4624/3307/3667
f 4623/3306/3666 4622/3305/3665 4626/3308/3668
f 4622/3305/3665 4556/3252/3617 4558/3254/3452
f 4558/3254/3452 4626/3308/3668 4622/3305/3665
f 4626/3308/3668 4627/3309/3669 4623/3306/3666
f 4624/3307/3667 4623/3306/3666 4627/3309/3669
f 4626/3308/3668 4558/3254/3452 4560/3310/3451
f 4627/3309/3669 4628/3311/3670 4624/3307/3667
f 4629/3273/3634 4624/3307/3667 4628/3311/3670
f 4627/3309/3669 4626/3308/3668 4630/3312/3671
f 4560/3310/3451 4630/3312/3671 4626/3308/3668
f 4628/3311/3670 4627/3309/3669 4631/3313/3672
f 4630/3312/3671 4631/3313/3672 4627/3309/3669
f 4631/3313/3672 4632/3314/3673 4628/3311/3670
f 4633/3273/3662 4628/3311/3670 4632/3314/3673
f 4631/3313/3672 4630/3312/3671 4634/3315/3674
f 4630/3312/3671 4560/3310/3451 4635/3316/3675
f 4635/3316/3675 4634/3315/3674 4630/3312/3671
f 4634/3315/3674 4636/3317/3676 4631/3313/3672
f 4632/3314/3673 4631/3313/3672 4636/3317/3676
f 4634/3315/3674 4635/3316/3675 4637/3318/3677
f 4636/3317/3676 4638/3319/3678 4632/3314/3673
f 4639/3273/3662 4632/3314/3673 4638/3319/3678
f 4636/3317/3676 4634/3315/3674 4640/3320/3679
f 4637/3318/3677 4640/3320/3679 4634/3315/3674
f 4636/3317/3676 4641/3321/3680 4638/3319/3678
f 4640/3320/3679 4641/3321/3680 4636/3317/3676
f 4642/3322/3681 4638/3319/3678 4641/3321/3680
f 4643/3273/3662 4638/3319/3678 4642/3322/3681
f 4642/3322/3681 4641/3321/3680 4644/3323/3682
f 4644/3323/3682 4641/3321/3680 4645/3324/3683
f 4640/3320/3679 4645/3324/3683 4641/3321/3680
f 4644/3323/3682 4645/3324/3683 4646/3325/3684
f 4640/3320/3679 4637/3318/3677 4647/3326/3501
f 4647/3326/3501 4645/3324/3683 4640/3320/3679
f 4646/3325/3684 4645/3324/3683 4648/3327/3498
f 4645/3324/3683 4647/3326/3501 4648/3327/3498
f 4646/3325/3684 4648/3327/3498 4649/3328/3685
f 4650/3329/3686 4652/3330/1599 4651/3331/3687
f 4653/3332/3688 4651/3331/3687 4652/3330/1599
f 4654/3333/3270 4655/3334/3689 4650/3329/3686
f 4652/3330/1599 4650/3329/3686 4655/3334/3689
f 4652/3330/1599 4656/3335/3690 4653/3332/3688
f 4657/3336/3691 4653/3332/3688 4656/3335/3690
f 4655/3334/3689 4658/3337/3692 4652/3330/1599
f 4656/3335/3690 4652/3330/1599 4658/3337/3692
f 4655/3334/3689 4654/3333/3270 4561/3338/3205
f 4658/3337/3692 4655/3334/3689 4659/3339/3693
f 4561/3338/3205 4659/3339/3693 4655/3334/3689
f 4658/3337/3692 4660/3340/3694 4656/3335/3690
f 4661/3336/3691 4656/3335/3690 4660/3340/3694
f 4659/3339/3693 4662/3341/3695 4658/3337/3692
f 4660/3340/3694 4658/3337/3692 4662/3341/3695
f 4662/3341/3695 4663/3342/3696 4660/3340/3694
f 4664/3336/3691 4660/3340/3694 4663/3342/3696
f 4662/3341/3695 4659/3339/3693 4665/3343/3697
f 4659/3339/3693 4561/3338/3205 4562/3344/3698
f 4562/3344/3698 4665/3343/3697 4659/3339/3693
f 4665/3343/3697 4666/3345/3699 4662/3341/3695
f 4663/3342/3696 4662/3341/3695 4666/3345/3699
f 4665/3343/3697 4562/3344/3698 4563/3346/3700
f 4666/3345/3699 4667/3347/3701 4663/3342/3696
f 4668/3336/3691 4663/3342/3696 4667/3347/3701
f 4666/3345/3699 4665/3343/3697 4669/3348/3702
f 4563/3346/3700 4669/3348/3702 4665/3343/3697
f 4667/3347/3701 4666/3345/3699 4670/3349/3703
f 4669/3348/3702 4670/3349/3703 4666/3345/3699
f 4670/3349/3703 4671/3350/3704 4667/3347/3701
f 4672/3336/3691 4667/3347/3701 4671/3350/3704
f 4670/3349/3703 4669/3348/3702 4673/3351/3705
f 4669/3348/3702 4563/3346/3700 4564/3352/3706
f 4564/3352/3706 4673/3351/3705 4669/3348/3702
f 4673/3351/3705 4674/3353/3707 4670/3349/3703
f 4671/3350/3704 4670/3349/3703 4674/3353/3707
f 4673/3351/3705 4564/3352/3706 4565/3354/3215
f 4674/3353/3707 4675/3355/3708 4671/3350/3704
f 4676/3336/3691 4671/3350/3704 4675/3355/3708
f 4674/3353/3707 4673/3351/3705 4677/3356/3709
f 4565/3354/3215 4677/3356/3709 4673/3351/3705
f 4675/3355/3708 4674/3353/3707 4678/3357/3710
f 4677/3356/3709 4678/3357/3710 4674/3353/3707
f 4678/3357/3710 4679/3358/3711 4675/3355/3708
f 4680/3336/3691 4675/3355/3708 4679/3358/3711
f 4678/3357/3710 4677/3356/3709 4681/3359/3712
f 4677/3356/3709 4565/3354/3215 4567/3257/3219
f 4567/3257/3219 4681/3359/3712 4677/3356/3709
f 4681/3359/3712 4682/3360/3713 4678/3357/3710
f 4679/3358/3711 4678/3357/3710 4682/3360/3713
f 4682/3360/3713 4683/3361/3714 4679/3358/3711
f 4684/3336/3691 4679/3358/3711 4683/3361/3714
f 4685/3362/3715 4683/3361/3714 4682/3360/3713
f 4686/3336/3691 4683/3361/3714 4685/3362/3715
f 4687/3363/3716 4682/3360/3713 4681/3359/3712
f 4687/3363/3716 4685/3362/3715 4682/3360/3713
f 4688/3364/3717 4681/3359/3712 4567/3257/3219
f 4681/3359/3712 4688/3364/3717 4687/3363/3716
f 4689/3365/3718 4685/3362/3715 4687/3363/3716
f 4690/3336/3691 4685/3362/3715 4689/3365/3718
f 4691/3366/3719 4687/3363/3716 4688/3364/3717
f 4691/3366/3719 4689/3365/3718 4687/3363/3716
f 4567/3257/3219 4568/3256/3620 4688/3364/3717
f 4691/3366/3719 4692/3367/3720 4689/3365/3718
f 4693/3336/3691 4689/3365/3718 4692/3367/3720
f 4694/3368/3721 4691/3366/3719 4688/3364/3717
f 4694/3368/3721 4688/3364/3717 4568/3256/3620
f 4692/3367/3720 4691/3366/3719 4695/3369/3722
f 4695/3369/3722 4691/3366/3719 4694/3368/3721
f 4695/3369/3722 4696/3370/3723 4692/3367/3720
f 4697/3336/3724 4692/3367/3720 4696/3370/3723
f 4698/3371/3725 4695/3369/3722 4694/3368/3721
f 4696/3370/3723 4695/3369/3722 4699/3372/3726
f 4699/3372/3726 4695/3369/3722 4698/3371/3725
f 4699/3372/3726 4700/3373/3727 4696/3370/3723
f 4701/3336/3691 4696/3370/3723 4700/3373/3727
f 4699/3372/3726 4698/3371/3725 4702/3374/3728
f 4698/3371/3725 4694/3368/3721 4703/3375/3729
f 4568/3256/3620 4703/3375/3729 4694/3368/3721
f 4700/3373/3727 4699/3372/3726 4704/3376/3730
f 4702/3374/3728 4704/3376/3730 4699/3372/3726
f 4704/3376/3730 4705/3377/3731 4700/3373/3727
f 4706/3336/3724 4700/3373/3727 4705/3377/3731
f 4707/3378/3732 4698/3371/3725 4703/3375/3729
f 4702/3374/3728 4698/3371/3725 4707/3378/3732
f 4703/3375/3729 4568/3256/3620 4569/3259/3621
f 4704/3376/3730 4702/3374/3728 4708/3379/3733
f 4569/3259/3621 4570/3380/3734 4703/3375/3729
f 4709/3381/3735 4702/3374/3728 4707/3378/3732
f 4708/3379/3733 4702/3374/3728 4709/3381/3735
f 4708/3379/3733 4710/3382/3736 4704/3376/3730
f 4705/3377/3731 4704/3376/3730 4710/3382/3736
f 4708/3379/3733 4709/3381/3735 4711/3383/3737
f 4710/3382/3736 4712/3384/3738 4705/3377/3731
f 4713/3336/3724 4705/3377/3731 4712/3384/3738
f 4710/3382/3736 4708/3379/3733 4714/3385/3739
f 4711/3383/3737 4714/3385/3739 4708/3379/3733
f 4712/3384/3738 4710/3382/3736 4715/3386/1643
f 4714/3385/3739 4715/3386/1643 4710/3382/3736
f 4715/3386/1643 4716/3387/3740 4712/3384/3738
f 4717/3336/3724 4712/3384/3738 4716/3387/3740
f 4716/3387/3740 4715/3386/1643 4718/3388/3741
f 4719/3389/3742 4718/3388/3741 4715/3386/1643
f 4715/3386/1643 4714/3385/3739 4719/3389/3742
f 4718/3388/3741 4719/3389/3742 4720/3390/3743
f 4721/3391/3744 4720/3390/3743 4719/3389/3742
f 4720/3390/3743 4721/3391/3744 4722/3392/3745
f 4723/3393/3746 4719/3389/3742 4714/3385/3739
f 4714/3385/3739 4711/3383/3737 4723/3393/3746
f 4719/3389/3742 4723/3393/3746 4721/3391/3744
f 4726/3394/3747 4725/3395/3748 4724/3396/3749
f 4726/3394/3747 4727/3397/3750 4725/3395/3748
f 4726/3394/3747 4724/3396/3749 4728/3398/3751
f 4729/3399/3752 4727/3397/3750 4726/3394/3747
f 4726/3394/3747 4650/3329/3686 4729/3399/3752
f 4651/3331/3687 4729/3399/3752 4650/3329/3686
f 4728/3398/3751 4654/3333/3270 4726/3394/3747
f 4650/3329/3686 4726/3394/3747 4654/3333/3270
f 4732/3400/3753 4730/3401/3754 4731/3402/3577
f 4731/3402/3577 4733/3403/3581 4732/3400/3753
f 4734/3404/3263 4732/3400/3753 4733/3403/3581
f 4733/3403/3581 4735/3405/3755 4734/3404/3263
f 4736/3406/3256 4734/3404/3263 4735/3405/3755
f 4735/3405/3755 4737/3407/3576 4736/3406/3256
f 4738/3408/3756 4736/3406/3256 4737/3407/3576
f 4737/3407/3576 4739/3409/3757 4738/3408/3756
f 4740/3410/3250 4738/3408/3756 4739/3409/3757
f 4739/3409/3757 4741/3411/3592 4740/3410/3250
f 4742/3412/3254 4740/3410/3250 4741/3411/3592
f 4741/3411/3592 4743/3413/3758 4742/3412/3254
f 4744/3414/3759 4742/3412/3254 4743/3413/3758
f 4743/3413/3758 4745/3415/3760 4744/3414/3759
f 4746/3416/3761 4744/3414/3759 4745/3415/3760
f 4745/3415/3760 4747/3417/3762 4746/3416/3761
f 4752/3116/3763 4749/3114/3764 4751/3115/3765
f 4751/3115/3765 4753/3120/3766 4752/3116/3763
f 4753/3120/3766 4751/3115/3765 4748/3123/3767
f 4754/3119/3768 4752/3116/3763 4753/3120/3766
f 4755/3122/3769 4748/3123/3767 4750/3124/3770
f 4748/3123/3767 4755/3122/3769 4753/3120/3766
f 4750/3124/3770 4756/3134/3771 4755/3122/3769
f 4753/3120/3766 4757/3121/3772 4754/3119/3768
f 4757/3121/3772 4753/3120/3766 4755/3122/3769
f 4758/3180/3773 4754/3119/3768 4757/3121/3772
f 4759/3133/3774 4755/3122/3769 4756/3134/3771
f 4755/3122/3769 4759/3133/3774 4757/3121/3772
f 4756/3134/3771 4760/3128/3775 4759/3133/3774
f 4761/3183/3776 4759/3133/3774 4760/3128/3775
f 4762/3182/3777 4757/3121/3772 4759/3133/3774
f 4759/3133/3774 4761/3183/3776 4762/3182/3777
f 4757/3121/3772 4762/3182/3777 4758/3180/3773
f 4763/3178/3778 4762/3182/3777 4761/3183/3776
f 4764/3176/3779 4758/3180/3773 4762/3182/3777
f 4762/3182/3777 4763/3178/3778 4764/3176/3779
f 4765/3135/3780 4767/3137/3781 4766/3136/3782
f 4768/3179/3783 4761/3183/3776 4769/3125/3784
f 4761/3183/3776 4768/3179/3783 4763/3178/3778
f 4770/3126/3785 4769/3125/3784 4760/3128/3775
f 4760/3128/3775 4769/3125/3784 4761/3183/3776
f 4771/3130/3786 4770/3126/3785 4772/3132/3787
f 4760/3128/3775 4772/3132/3787 4770/3126/3785
f 4765/3135/3780 4771/3130/3786 4773/3138/3788
f 4772/3132/3787 4773/3138/3788 4771/3130/3786
f 4767/3137/3781 4765/3135/3780 4774/3139/3789
f 4773/3138/3788 4774/3139/3789 4765/3135/3780
f 4774/3139/3789 4775/3140/3790 4767/3137/3781
f 4775/3140/3790 4774/3139/3789 4776/3143/3791
f 4776/3143/3791 4777/3144/3288 4775/3140/3790
f 4774/3139/3789 4773/3138/3788 4778/3142/3792
f 4778/3142/3792 4776/3143/3791 4774/3139/3789
f 4773/3138/3788 4772/3132/3787 4779/3141/3793
f 4779/3141/3793 4778/3142/3792 4773/3138/3788
f 4756/3134/3771 4779/3141/3793 4772/3132/3787
f 4772/3132/3787 4760/3128/3775 4756/3134/3771
f 4776/3143/3791 4778/3142/3792 4781/3146/3794
f 4781/3146/3794 4780/3147/3795 4776/3143/3791
f 4778/3142/3792 4779/3141/3793 4782/3145/3796
f 4782/3145/3796 4781/3146/3794 4778/3142/3792
f 4779/3141/3793 4756/3134/3771 4750/3124/3770
f 4750/3124/3770 4782/3145/3796 4779/3141/3793
f 4785/3184/3797 4783/3185/3798 4784/3186/3603
f 4784/3186/3603 4786/3187/3604 4785/3184/3797
f 4787/3188/1723 4785/3184/3797 4786/3187/3604
f 4786/3187/3604 4788/3189/3799 4787/3188/1723
f 4789/3190/1720 4787/3188/1723 4788/3189/3799
f 4788/3189/3799 4790/3191/3800 4789/3190/1720
f 4789/3190/1720 4790/3191/3800 4791/3192/3801
f 4789/3190/1720 4791/3192/3801 4792/3193/1718
f 4792/3193/1718 4791/3192/3801 4793/3194/3611
f 4792/3193/1718 4793/3194/3611 4794/3195/3802
f 4794/3195/3802 4793/3194/3611 4795/3196/3613
f 4794/3195/3802 4795/3196/3613 4796/3197/3803
f 4798/3117/3732 4797/3118/3729 4752/3116/3763
f 4752/3116/3763 4754/3119/3768 4798/3117/3732
f 4799/3181/3804 4798/3117/3732 4754/3119/3768
f 4804/3169/3805 4802/3170/3806 4801/3171/3807
f 4801/3171/3807 4805/3172/3808 4804/3169/3805
f 4806/3163/3809 4804/3169/3805 4805/3172/3808
f 4801/3171/3807 4803/3174/3746 4807/3173/3810
f 4801/3171/3807 4807/3173/3810 4805/3172/3808
f 4803/3174/3746 4800/3177/3811 4764/3176/3779
f 4803/3174/3746 4764/3176/3779 4807/3173/3810
f 4764/3176/3779 4800/3177/3811 4758/3180/3773
f 4800/3177/3811 4799/3181/3804 4758/3180/3773
f 4758/3180/3773 4799/3181/3804 4754/3119/3768
f 4805/3172/3808 4808/3162/3812 4806/3163/3809
f 4809/3159/1753 4806/3163/3809 4808/3162/3812
f 4805/3172/3808 4807/3173/3810 4810/3175/3813
f 4810/3175/3813 4808/3162/3812 4805/3172/3808
f 4808/3162/3812 4811/3158/3814 4809/3159/1753
f 4763/3178/3778 4810/3175/3813 4807/3173/3810
f 4807/3173/3810 4764/3176/3779 4763/3178/3778
f 4808/3162/3812 4810/3175/3813 4812/3164/3815
f 4812/3164/3815 4811/3158/3814 4808/3162/3812
f 4813/3156/3816 4809/3159/1753 4811/3158/3814
f 4768/3179/3783 4812/3164/3815 4810/3175/3813
f 4810/3175/3813 4763/3178/3778 4768/3179/3783
f 4811/3158/3814 4814/3157/3817 4813/3156/3816
f 4811/3158/3814 4812/3164/3815 4815/3160/3818
f 4815/3160/3818 4814/3157/3817 4811/3158/3814
f 4816/3155/3819 4813/3156/3816 4814/3157/3817
f 4816/3155/3819 4814/3157/3817 4815/3160/3818
f 4816/3155/3819 4817/3154/1746 4813/3156/3816
f 4818/3165/3820 4815/3160/3818 4812/3164/3815
f 4812/3164/3815 4768/3179/3783 4818/3165/3820
f 4815/3160/3818 4819/3161/3821 4816/3155/3819
f 4819/3161/3821 4815/3160/3818 4818/3165/3820
f 4820/3153/3822 4817/3154/1746 4816/3155/3819
f 4820/3153/3822 4816/3155/3819 4819/3161/3821
f 4820/3153/3822 4821/3152/3823 4817/3154/1746
f 4822/3151/3824 4821/3152/3823 4820/3153/3822
f 4822/3151/3824 4823/3148/3825 4821/3152/3823
f 4824/3149/3826 4823/3148/3825 4822/3151/3824
f 4822/3151/3824 4820/3153/3822 4825/3166/3827
f 4819/3161/3821 4825/3166/3827 4820/3153/3822
f 4824/3149/3826 4822/3151/3824 4826/3167/3828
f 4825/3166/3827 4826/3167/3828 4822/3151/3824
f 4826/3167/3828 4827/3168/3829 4824/3149/3826
f 4825/3166/3827 4819/3161/3821 4828/3127/3830
f 4818/3165/3820 4828/3127/3830 4819/3161/3821
f 4826/3167/3828 4825/3166/3827 4829/3129/3831
f 4828/3127/3830 4829/3129/3831 4825/3166/3827
f 4827/3168/3829 4826/3167/3828 4830/3131/3832
f 4829/3129/3831 4830/3131/3832 4826/3167/3828
f 4830/3131/3832 4766/3136/3782 4827/3168/3829
f 4828/3127/3830 4818/3165/3820 4769/3125/3784
f 4769/3125/3784 4818/3165/3820 4768/3179/3783
f 4829/3129/3831 4828/3127/3830 4770/3126/3785
f 4769/3125/3784 4770/3126/3785 4828/3127/3830
f 4830/3131/3832 4829/3129/3831 4771/3130/3786
f 4770/3126/3785 4771/3130/3786 4829/3129/3831
f 4766/3136/3782 4830/3131/3832 4765/3135/3780
f 4771/3130/3786 4765/3135/3780 4830/3131/3832
f 4824/3149/3826 4831/3150/3833 4823/3148/3825
f 4834/3418/3834 4832/3419/3835 4833/3420/3585
f 4833/3420/3585 4835/3421/3836 4834/3418/3834
f 4836/3422/3837 4834/3418/3834 4835/3421/3836
f 4835/3421/3836 4837/3423/3838 4836/3422/3837
f 4838/3424/3839 4836/3422/3837 4837/3423/3838
f 4837/3423/3838 4839/3425/3583 4838/3424/3839
f 4840/3426/612 4838/3424/3839 4839/3425/3583
f 4839/3425/3583 4841/3427/3840 4840/3426/612
f 4842/3428/3841 4840/3426/612 4841/3427/3840
f 4841/3427/3840 4843/3429/3575 4842/3428/3841
f 4844/3430/3842 4842/3428/3841 4843/3429/3575
f 4843/3429/3575 4845/3431/3843 4844/3430/3842
f 4846/3432/3844 4844/3430/3842 4845/3431/3843
f 4845/3431/3843 4847/3433/3845 4846/3432/3844
f 4848/3434/3846 4846/3432/3844 4847/3433/3845
f 4847/3433/3845 4849/3435/3847 4848/3434/3846
f 4852/3436/2492 4854/3437/2499 4853/3438/2491
f 4853/3438/2491 4855/3439/3848 4852/3436/2492
f 4856/3440/3849 4851/3441/3850 4854/3437/2499
f 4852/3436/2492 4856/3440/3849 4854/3437/2499
f 4857/3442/3851 4856/3440/3849 4852/3436/2492
f 4858/3443/3852 4857/3442/3851 4852/3436/2492
f 4859/3444/3853 4858/3443/3852 4861/3445/2493
f 4852/3436/2492 4861/3445/2493 4858/3443/3852
f 4860/3446/3854 4859/3444/3853 4862/3447/3855
f 4861/3445/2493 4862/3447/3855 4859/3444/3853
f 4862/3447/3855 4863/3448/3856 4860/3446/3854
f 4864/3449/3857 4863/3448/3856 4865/3450/3858
f 4865/3450/3858 4863/3448/3856 4866/3451/3859
f 4863/3448/3856 4862/3447/3855 4866/3451/3859
f 4865/3450/3858 4866/3451/3859 4867/3452/3860
f 4862/3447/3855 4861/3445/2493 4868/3453/3861
f 4866/3451/3859 4862/3447/3855 4868/3453/3861
f 4867/3452/3860 4866/3451/3859 4869/3454/3862
f 4866/3451/3859 4868/3453/3861 4869/3454/3862
f 4869/3454/3862 4870/3455/3863 4867/3452/3860
f 4870/3455/3863 4869/3454/3862 4871/3456/3864
f 4869/3454/3862 4872/3457/3865 4871/3456/3864
f 4869/3454/3862 4868/3453/3861 4872/3457/3865
f 4871/3456/3864 4872/3457/3865 4873/3458/3866
f 4872/3457/3865 4874/3459/3867 4873/3458/3866
f 4868/3453/3861 4875/3460/3868 4872/3457/3865
f 4872/3457/3865 4875/3460/3868 4874/3459/3867
f 4868/3453/3861 4861/3445/2493 4875/3460/3868
f 4875/3460/3868 4855/3439/3848 4874/3459/3867
f 4861/3445/2493 4852/3436/2492 4875/3460/3868
f 4875/3460/3868 4852/3436/2492 4855/3439/3848
f 4876/3461/3869 4878/3462/3870 4877/3463/3871
f 4878/3462/3870 4876/3461/3869 4879/3464/3872
f 4880/3465/3873 4877/3463/3871 4878/3462/3870
f 4878/3462/3870 4881/3466/3874 4880/3465/3873
f 4882/3467/3875 4880/3465/3873 4881/3466/3874
f 4879/3464/3872 4883/3468/3876 4878/3462/3870
f 4881/3466/3874 4878/3462/3870 4883/3468/3876
f 4884/3469/3877 4885/3470/3878 4879/3464/3872
f 4883/3468/3876 4879/3464/3872 4885/3470/3878
f 4874/3459/3867 4885/3470/3878 4884/3469/3877
f 4873/3458/3866 4874/3459/3867 4884/3469/3877
f 4881/3466/3874 4886/3471/3879 4882/3467/3875
f 4887/3472/3880 4882/3467/3875 4886/3471/3879
f 4886/3471/3879 4888/3473/3881 4887/3472/3880
f 4886/3471/3879 4881/3466/3874 4889/3474/3882
f 4883/3468/3876 4889/3474/3882 4881/3466/3874
f 4888/3473/3881 4886/3471/3879 4890/3475/3883
f 4889/3474/3882 4890/3475/3883 4886/3471/3879
f 4890/3475/3883 4891/3476/3884 4888/3473/3881
f 4889/3474/3882 4883/3468/3876 4892/3477/3885
f 4885/3470/3878 4892/3477/3885 4883/3468/3876
f 4890/3475/3883 4889/3474/3882 4893/3478/3886
f 4892/3477/3885 4893/3478/3886 4889/3474/3882
f 4891/3476/3884 4890/3475/3883 4894/3479/3887
f 4893/3478/3886 4894/3479/3887 4890/3475/3883
f 4894/3479/3887 4895/3480/3888 4891/3476/3884
f 4892/3477/3885 4885/3470/3878 4855/3439/3848
f 4874/3459/3867 4855/3439/3848 4885/3470/3878
f 4893/3478/3886 4892/3477/3885 4853/3438/2491
f 4855/3439/3848 4853/3438/2491 4892/3477/3885
f 4894/3479/3887 4893/3478/3886 4896/3481/3889
f 4853/3438/2491 4896/3481/3889 4893/3478/3886
f 4895/3480/3888 4894/3479/3887 4897/3482/3890
f 4896/3481/3889 4897/3482/3890 4894/3479/3887
f 4897/3482/3890 4898/3483/2748 4895/3480/3888
f 4898/3483/2748 4897/3482/3890 4899/3484/3891
f 4899/3484/3891 4900/3485/3892 4898/3483/2748
f 4901/3486/3893 4899/3484/3891 4897/3482/3890
f 4897/3482/3890 4896/3481/3889 4901/3486/3893
f 4901/3486/3893 4850/3487/3894 4899/3484/3891
f 4854/3437/2499 4901/3486/3893 4896/3481/3889
f 4896/3481/3889 4853/3438/2491 4854/3437/2499
f 4851/3441/3850 4850/3487/3894 4901/3486/3893
f 4854/3437/2499 4851/3441/3850 4901/3486/3893
f 4902/3488/3895 4904/3489/3896 4903/3490/3897
f 4903/3490/3897 4905/3491/3898 4902/3488/3895
f 4903/3490/3897 4906/3492/3899 4905/3491/3898
f 4907/3493/3900 4908/3494/3901 4903/3490/3897
f 4903/3490/3897 4904/3489/3896 4907/3493/3900
f 4902/3488/3895 4910/3495/273 4909/3496/3902
f 4902/3488/3895 4909/3496/3902 4904/3489/3896
f 4909/3496/3902 4911/3497/3903 4904/3489/3896
f 4912/3498/3904 4911/3497/3903 4909/3496/3902
f 4909/3496/3902 4913/3499/3905 4912/3498/3904
f 4913/3499/3905 4914/3500/3906 4912/3498/3904
f 4912/3498/3904 4915/3501/3907 4911/3497/3903
f 4912/3498/3904 4916/3502/3908 4915/3501/3907
f 4911/3497/3903 4917/3503/3909 4904/3489/3896
f 4911/3497/3903 4919/3504/3910 4918/3505/3911
f 4917/3503/3909 4911/3497/3903 4918/3505/3911
f 4920/3506/3912 4921/3507/3913 4904/3489/3896
f 4920/3506/3912 4904/3489/3896 4917/3503/3909
f 4920/3506/3912 4917/3503/3909 4922/3508/3914
f 4917/3503/3909 4923/3509/3915 4922/3508/3914
f 4924/3510/3916 4920/3506/3912 4922/3508/3914
f 4922/3508/3914 4925/3511/3917 4924/3510/3916
f 4925/3511/3917 4926/3512/3918 4924/3510/3916
f 4924/3510/3916 4927/3513/3919 4920/3506/3912
f 4924/3510/3916 4928/3514/3920 4927/3513/3919
f 4929/3515/3921 4917/3503/3909 4918/3505/3911
f 4918/3505/3911 4930/3516/3922 4929/3515/3921
f 4930/3516/3922 4931/3517/3923 4929/3515/3921
f 4929/3515/3921 4932/3518/3924 4917/3503/3909
f 4929/3515/3921 4933/3519/3925 4932/3518/3924
f 4936/3520/3926 4937/3521/3927 4939/3522/33
f 4938/3523/3928 4939/3522/33 4937/3521/3927
f 4935/3524/3929 4936/3520/3926 4940/3525/3930
f 4939/3522/33 4940/3525/3930 4936/3520/3926
f 4939/3522/33 4938/3523/3928 4942/3526/3931
f 4941/3527/3932 4942/3526/3931 4938/3523/3928
f 4940/3525/3930 4939/3522/33 4943/3528/3933
f 4942/3526/3931 4943/3528/3933 4939/3522/33
f 4940/3525/3930 4944/3529/3934 4935/3524/3929
f 4934/3530/3935 4935/3524/3929 4944/3529/3934
f 4943/3528/3933 4877/3463/3871 4940/3525/3930
f 4944/3529/3934 4940/3525/3930 4877/3463/3871
f 4944/3529/3934 4945/3531/3936 4934/3530/3935
f 4877/3463/3871 4880/3465/3873 4944/3529/3934
f 4945/3531/3936 4944/3529/3934 4880/3465/3873
f 4880/3465/3873 4882/3467/3875 4945/3531/3936
f 4946/3532/3937 4945/3531/3936 4882/3467/3875
f 4882/3467/3875 4887/3472/3880 4946/3532/3937
f 4950/3533/3938 4952/3534/3939 4941/3527/3932
f 4952/3534/3939 4950/3533/3938 4951/3535/3940
f 4942/3526/3931 4941/3527/3932 4952/3534/3939
f 4949/3536/3941 4953/3537/3942 4951/3535/3940
f 4953/3537/3942 4949/3536/3941 4948/3538/3943
f 4951/3535/3940 4954/3539/3944 4952/3534/3939
f 4954/3539/3944 4951/3535/3940 4953/3537/3942
f 4952/3534/3939 4955/3540/3945 4942/3526/3931
f 4955/3540/3945 4952/3534/3939 4954/3539/3944
f 4943/3528/3933 4942/3526/3931 4955/3540/3945
f 4948/3538/3943 4956/3541/3946 4953/3537/3942
f 4956/3541/3946 4948/3538/3943 4947/3542/3947
f 4953/3537/3942 4957/3543/3948 4954/3539/3944
f 4957/3543/3948 4953/3537/3942 4956/3541/3946
f 4954/3539/3944 4958/3544/3949 4955/3540/3945
f 4958/3544/3949 4954/3539/3944 4957/3543/3948
f 4955/3540/3945 4876/3461/3869 4943/3528/3933
f 4876/3461/3869 4955/3540/3945 4958/3544/3949
f 4877/3463/3871 4943/3528/3933 4876/3461/3869
f 4947/3542/3947 4871/3456/3864 4956/3541/3946
f 4871/3456/3864 4947/3542/3947 4870/3455/3863
f 4956/3541/3946 4873/3458/3866 4957/3543/3948
f 4873/3458/3866 4956/3541/3946 4871/3456/3864
f 4957/3543/3948 4884/3469/3877 4958/3544/3949
f 4884/3469/3877 4957/3543/3948 4873/3458/3866
f 4958/3544/3949 4879/3464/3872 4876/3461/3869
f 4884/3469/3877 4879/3464/3872 4958/3544/3949
f 4959/3545/3950 4961/3546/3951 4960/3547/3952
f 4971/3548/3953 4970/3549/3954 4969/3550/3955
f 4969/3550/3955 4972/3551/3956 4971/3548/3953
f 4973/3552/3957 4971/3548/3953 4972/3551/3956
f 4972/3551/3956 4974/3553/3958 4973/3552/3957
f 4982/3554/3891 4984/3555/3959 4983/3556/3960
f 4960/3547/3952 4984/3555/3959 4982/3554/3891
f 4960/3547/3952 4961/3546/3951 4984/3555/3959
f 4985/3557/3961 4987/3558/3962 4986/3559/3963
f 4988/3560/3964 4986/3559/3963 4987/3558/3962
f 4986/3559/3963 4989/3561/3965 4985/3557/3961
f 4990/3562/3966 4985/3557/3961 4989/3561/3965
f 4988/3560/3964 4991/3563/3967 4986/3559/3963
f 4989/3561/3965 4992/3564/2709 4990/3562/3966
f 4993/3565/3968 4990/3562/3966 4992/3564/2709
f 4992/3564/2709 4994/3566/3969 4993/3565/3968
f 4993/3565/3968 4994/3566/3969 4995/3567/3970
f 4986/3559/3963 4991/3563/3967 4996/3568/3971
f 4996/3568/3971 4997/3569/3937 4986/3559/3963
f 4989/3561/3965 4986/3559/3963 4997/3569/3937
f 4997/3569/3937 4998/3570/3972 4989/3561/3965
f 4992/3564/2709 4989/3561/3965 4998/3570/3972
f 4998/3570/3972 4997/3569/3937 4977/3571/3880
f 4998/3570/3972 4999/3572/3973 4992/3564/2709
f 4994/3566/3969 4992/3564/2709 4999/3572/3973
f 4977/3571/3880 5000/3573/3974 4998/3570/3972
f 4999/3572/3973 4998/3570/3972 5000/3573/3974
f 4999/3572/3973 5001/3574/3975 4994/3566/3969
f 4994/3566/3969 5001/3574/3975 5002/3567/3970
f 5000/3573/3974 5003/3575/3976 4999/3572/3973
f 5001/3574/3975 4999/3572/3973 5003/3575/3976
f 5000/3573/3974 4977/3571/3880 4978/3576/3977
f 5003/3575/3976 5004/3577/3978 5001/3574/3975
f 5001/3574/3975 5004/3577/3978 5005/3567/3970
f 5003/3575/3976 5000/3573/3974 5006/3578/3979
f 4978/3576/3977 5006/3578/3979 5000/3573/3974
f 5004/3577/3978 5003/3575/3976 5007/3579/3980
f 5006/3578/3979 5007/3579/3980 5003/3575/3976
f 5007/3579/3980 5008/3580/3981 5004/3577/3978
f 5004/3577/3978 5008/3580/3981 5009/3567/3970
f 5007/3579/3980 5006/3578/3979 5010/3581/3982
f 5006/3578/3979 4978/3576/3977 4979/3582/3983
f 4979/3582/3983 5010/3581/3982 5006/3578/3979
f 5007/3579/3980 5011/3583/3984 5008/3580/3981
f 5010/3581/3982 5011/3583/3984 5007/3579/3980
f 5012/3584/3985 5008/3580/3981 5011/3583/3984
f 5008/3580/3981 5012/3584/3985 5013/3567/3970
f 5011/3583/3984 5010/3581/3982 5014/3585/3986
f 5010/3581/3982 4979/3582/3983 4980/3586/3987
f 4980/3586/3987 5014/3585/3986 5010/3581/3982
f 5012/3584/3985 5011/3583/3984 5015/3587/3988
f 5014/3585/3986 5015/3587/3988 5011/3583/3984
f 5015/3587/3988 5016/3588/3989 5012/3584/3985
f 5012/3584/3985 5016/3588/3989 5017/3567/3970
f 5015/3587/3988 5014/3585/3986 5018/3589/3990
f 5014/3585/3986 4980/3586/3987 4981/3590/2748
f 4981/3590/2748 5018/3589/3990 5014/3585/3986
f 5016/3588/3989 5015/3587/3988 5019/3591/3991
f 5018/3589/3990 5019/3591/3991 5015/3587/3988
f 5019/3591/3991 5020/3592/3992 5016/3588/3989
f 5016/3588/3989 5020/3592/3992 5021/3567/3970
f 5019/3591/3991 5018/3589/3990 5022/3593/3993
f 5018/3589/3990 4981/3590/2748 4983/3556/3960
f 4983/3556/3960 5022/3593/3993 5018/3589/3990
f 5020/3592/3992 5019/3591/3991 5023/3594/3994
f 5022/3593/3993 5023/3594/3994 5019/3591/3991
f 5023/3594/3994 5024/3595/3995 5020/3592/3992
f 5020/3592/3992 5024/3595/3995 5025/3567/3970
f 5023/3594/3994 5026/3596/3996 5024/3595/3995
f 5024/3595/3995 5026/3596/3996 5027/3567/3970
f 5022/3593/3993 5028/3597/3997 5023/3594/3994
f 5028/3597/3997 5026/3596/3996 5023/3594/3994
f 4983/3556/3960 5029/3598/3998 5022/3593/3993
f 5029/3598/3998 5028/3597/3997 5022/3593/3993
f 5028/3597/3997 5030/3599/3999 5026/3596/3996
f 5026/3596/3996 5030/3599/3999 5031/3567/4000
f 5029/3598/3998 5032/3600/4001 5028/3597/3997
f 5030/3599/3999 5028/3597/3997 5032/3600/4001
f 4984/3555/3959 5029/3598/3998 4983/3556/3960
f 5032/3600/4001 5033/3601/4002 5030/3599/3999
f 5030/3599/3999 5033/3601/4002 5034/3567/3970
f 5032/3600/4001 5029/3598/3998 5035/3602/4003
f 4984/3555/3959 5035/3602/4003 5029/3598/3998
f 5033/3601/4002 5032/3600/4001 5036/3603/4004
f 5035/3602/4003 5036/3603/4004 5032/3600/4001
f 5036/3603/4004 5037/3604/4005 5033/3601/4002
f 5033/3601/4002 5037/3604/4005 5038/3567/3970
f 5036/3603/4004 5035/3602/4003 5039/3605/4006
f 4961/3546/3951 5035/3602/4003 4984/3555/3959
f 4961/3546/3951 5039/3605/4006 5035/3602/4003
f 5037/3604/4005 5036/3603/4004 5040/3606/4007
f 5039/3605/4006 5040/3606/4007 5036/3603/4004
f 5040/3606/4007 5041/3607/4008 5037/3604/4005
f 5037/3604/4005 5041/3607/4008 5042/3567/4000
f 5040/3606/4007 5039/3605/4006 5043/3608/4009
f 5039/3605/4006 4961/3546/3951 4962/3609/4010
f 4962/3609/4010 5043/3608/4009 5039/3605/4006
f 5041/3607/4008 5040/3606/4007 5044/3610/4011
f 5043/3608/4009 5044/3610/4011 5040/3606/4007
f 5044/3610/4011 5045/3611/4012 5041/3607/4008
f 5041/3607/4008 5045/3611/4012 5046/3567/4000
f 5044/3610/4011 5043/3608/4009 5047/3612/4013
f 5043/3608/4009 4962/3609/4010 4963/3613/4014
f 4963/3613/4014 5047/3612/4013 5043/3608/4009
f 5045/3611/4012 5044/3610/4011 5048/3614/4015
f 5047/3612/4013 5048/3614/4015 5044/3610/4011
f 5048/3614/4015 5049/3615/4016 5045/3611/4012
f 5045/3611/4012 5049/3615/4016 5050/3567/4000
f 5048/3614/4015 5047/3612/4013 5051/3616/4017
f 5047/3612/4013 4963/3613/4014 5052/3617/4018
f 5052/3617/4018 5051/3616/4017 5047/3612/4013
f 5049/3615/4016 5048/3614/4015 5053/3618/4019
f 5051/3616/4017 5053/3618/4019 5048/3614/4015
f 5053/3618/4019 5054/3619/4020 5049/3615/4016
f 5049/3615/4016 5054/3619/4020 5055/3567/4000
f 5054/3619/4020 5053/3618/4019 5056/3620/4021
f 5057/3621/4022 5056/3620/4021 5053/3618/4019
f 5053/3618/4019 5051/3616/4017 5057/3621/4022
f 5056/3620/4021 5057/3621/4022 5058/3622/4023
f 5059/3623/4024 5058/3622/4023 5057/3621/4022
f 5058/3622/4023 5059/3623/4024 5060/3624/4025
f 5061/3625/4026 5057/3621/4022 5051/3616/4017
f 5051/3616/4017 5052/3617/4018 5061/3625/4026
f 5057/3621/4022 5061/3625/4026 5059/3623/4024
f 5064/3626/4027 5063/3627/4028 5062/3628/4029
f 5064/3626/4027 5062/3628/4029 5065/3629/4030
f 5065/3629/4030 5066/3630/4031 5064/3626/4027
f 5064/3626/4027 5068/3631/4032 5067/3632/4033
f 5067/3632/4033 5069/3633/4034 5064/3626/4027
f 5070/3634/4035 5067/3632/4033 5068/3631/4032
f 5064/3626/4027 5069/3633/4034 5063/3627/4028
f 5068/3631/4032 5071/3635/4036 5070/3634/4035
f 5072/3636/4037 5070/3634/4035 5071/3635/4036
f 5068/3631/4032 5064/3626/4027 5066/3630/4031
f 5071/3635/4036 5073/3637/4038 5072/3636/4037
f 5072/3636/4037 5073/3637/4038 5074/3638/4039
f 5071/3635/4036 5068/3631/4032 5075/3639/4040
f 5066/3630/4031 5075/3639/4040 5068/3631/4032
f 5073/3637/4038 5071/3635/4036 5076/3640/4041
f 5075/3639/4040 5076/3640/4041 5071/3635/4036
f 5076/3640/4041 5077/3641/4042 5073/3637/4038
f 5073/3637/4038 5077/3641/4042 5078/3638/4039
f 5076/3640/4041 5075/3639/4040 5079/3642/4043
f 5075/3639/4040 5066/3630/4031 4964/3643/4044
f 4964/3643/4044 5079/3642/4043 5075/3639/4040
f 5076/3640/4041 5080/3644/4045 5077/3641/4042
f 5079/3642/4043 5080/3644/4045 5076/3640/4041
f 5081/3645/4046 5077/3641/4042 5080/3644/4045
f 5077/3641/4042 5081/3645/4046 5082/3638/4039
f 5080/3644/4045 5079/3642/4043 5083/3646/4047
f 5079/3642/4043 4964/3643/4044 4965/3647/4048
f 4965/3647/4048 5083/3646/4047 5079/3642/4043
f 5080/3644/4045 5084/3648/4049 5081/3645/4046
f 5083/3646/4047 5084/3648/4049 5080/3644/4045
f 5085/3649/4050 5081/3645/4046 5084/3648/4049
f 5081/3645/4046 5085/3649/4050 5086/3638/4039
f 5084/3648/4049 5083/3646/4047 5087/3650/4051
f 5083/3646/4047 4965/3647/4048 4966/3651/4052
f 4966/3651/4052 5087/3650/4051 5083/3646/4047
f 5085/3649/4050 5084/3648/4049 5088/3652/4053
f 5087/3650/4051 5088/3652/4053 5084/3648/4049
f 5088/3652/4053 5089/3653/4054 5085/3649/4050
f 5085/3649/4050 5089/3653/4054 5090/3638/4039
f 5088/3652/4053 5087/3650/4051 5091/3654/4055
f 5087/3650/4051 4966/3651/4052 4967/3655/4056
f 4967/3655/4056 5091/3654/4055 5087/3650/4051
f 5089/3653/4054 5088/3652/4053 5092/3656/4057
f 5091/3654/4055 5092/3656/4057 5088/3652/4053
f 5092/3656/4057 5093/3657/4058 5089/3653/4054
f 5089/3653/4054 5093/3657/4058 5094/3638/4039
f 5092/3656/4057 5091/3654/4055 5095/3658/4059
f 5091/3654/4055 4967/3655/4056 4968/3659/4060
f 4968/3659/4060 5095/3658/4059 5091/3654/4055
f 5093/3657/4058 5092/3656/4057 5096/3660/4061
f 5095/3658/4059 5096/3660/4061 5092/3656/4057
f 5096/3660/4061 5097/3661/4062 5093/3657/4058
f 5093/3657/4058 5097/3661/4062 5098/3638/4039
f 5096/3660/4061 5095/3658/4059 5099/3662/4063
f 5095/3658/4059 4968/3659/4060 4970/3549/3954
f 4970/3549/3954 5099/3662/4063 5095/3658/4059
f 5097/3661/4062 5096/3660/4061 5100/3663/4064
f 5099/3662/4063 5100/3663/4064 5096/3660/4061
f 5100/3663/4064 5101/3664/4065 5097/3661/4062
f 5097/3661/4062 5101/3664/4065 5102/3638/4039
f 5103/3665/4066 5101/3664/4065 5100/3663/4064
f 5101/3664/4065 5103/3665/4066 5104/3638/4039
f 5105/3666/4067 5100/3663/4064 5099/3662/4063
f 5100/3663/4064 5105/3666/4067 5103/3665/4066
f 5106/3667/4068 5099/3662/4063 4970/3549/3954
f 5099/3662/4063 5106/3667/4068 5105/3666/4067
f 5105/3666/4067 5107/3668/4069 5103/3665/4066
f 5103/3665/4066 5107/3668/4069 5108/3638/4070
f 5109/3669/4071 5105/3666/4067 5106/3667/4068
f 5105/3666/4067 5109/3669/4071 5107/3668/4069
f 4970/3549/3954 4971/3548/3953 5106/3667/4068
f 5109/3669/4071 5110/3670/4072 5107/3668/4069
f 5107/3668/4069 5110/3670/4072 5111/3638/4039
f 5106/3667/4068 5112/3671/4073 5109/3669/4071
f 5112/3671/4073 5106/3667/4068 4971/3548/3953
f 5110/3670/4072 5109/3669/4071 5113/3672/4074
f 5112/3671/4073 5113/3672/4074 5109/3669/4071
f 5113/3672/4074 5114/3673/4075 5110/3670/4072
f 5110/3670/4072 5114/3673/4075 5115/3638/4070
f 5112/3671/4073 5116/3674/4076 5113/3672/4074
f 4971/3548/3953 4973/3552/3957 5112/3671/4073
f 5116/3674/4076 5112/3671/4073 4973/3552/3957
f 5114/3673/4075 5113/3672/4074 5117/3675/4077
f 5116/3674/4076 5117/3675/4077 5113/3672/4074
f 5117/3675/4077 5118/3676/4078 5114/3673/4075
f 5114/3673/4075 5118/3676/4078 5119/3638/4039
f 5116/3674/4076 5120/3677/4079 5117/3675/4077
f 4973/3552/3957 4975/3678/4080 5116/3674/4076
f 4975/3678/4080 5120/3677/4079 5116/3674/4076
f 5118/3676/4078 5117/3675/4077 5121/3679/4081
f 5120/3677/4079 5121/3679/4081 5117/3675/4077
f 5121/3679/4081 5122/3680/4082 5118/3676/4078
f 5118/3676/4078 5122/3680/4082 5123/3638/4070
f 5121/3679/4081 5120/3677/4079 5124/3681/4083
f 4975/3678/4080 4976/3682/4084 5120/3677/4079
f 4976/3682/4084 5124/3681/4083 5120/3677/4079
f 5122/3680/4082 5121/3679/4081 5125/3683/4085
f 5124/3681/4083 5125/3683/4085 5121/3679/4081
f 5126/3684/4086 5122/3680/4082 5125/3683/4085
f 5122/3680/4082 5126/3684/4086 5127/3638/4070
f 5125/3683/4085 5124/3681/4083 5128/3685/4087
f 4976/3682/4084 5129/3686/4088 5124/3681/4083
f 5129/3686/4088 5128/3685/4087 5124/3681/4083
f 5126/3684/4086 5125/3683/4085 5130/3687/2630
f 5130/3687/2630 5125/3683/4085 5128/3685/4087
f 5131/3688/4089 5126/3684/4086 5130/3687/2630
f 5126/3684/4086 5131/3688/4089 5132/3638/4070
f 5130/3687/2630 5133/3689/4090 5131/3688/4089
f 5133/3689/4090 5130/3687/2630 5134/3690/4091
f 5130/3687/2630 5128/3685/4087 5134/3690/4091
f 5134/3690/4091 5135/3691/4092 5133/3689/4090
f 5135/3691/4092 5134/3690/4091 5136/3692/4093
f 5136/3692/4093 5137/3693/4094 5135/3691/4092
f 5138/3694/4095 5134/3690/4091 5128/3685/4087
f 5134/3690/4091 5138/3694/4095 5136/3692/4093
f 5128/3685/4087 5129/3686/4088 5138/3694/4095
f 5139/3695/4096 5141/3696/4097 5140/3697/4098
f 5140/3697/4098 5142/3698/3903 5139/3695/4096
f 5143/3699/4099 5139/3695/4096 5142/3698/3903
f 5142/3698/3903 5144/3700/4100 5143/3699/4099
f 5145/3701/4101 5143/3699/4099 5144/3700/4100
f 5144/3700/4100 5146/3702/3908 5145/3701/4101
f 5147/3703/4102 5145/3701/4101 5146/3702/3908
f 5146/3702/3908 5148/3704/4103 5147/3703/4102
f 5151/3705/4104 5149/3706/4105 5150/3707/4106
f 5150/3707/4106 5152/3708/3923 5151/3705/4104
f 5153/3709/4107 5151/3705/4104 5152/3708/3923
f 5152/3708/3923 5154/3710/4108 5153/3709/4107
f 5155/3711/4109 5153/3709/4107 5154/3710/4108
f 5154/3710/4108 5156/3712/3911 5155/3711/4109
f 5157/3696/4097 5155/3711/4109 5156/3712/3911
f 5156/3712/3911 5158/3697/3910 5157/3696/4097
f 5162/3713/4110 5159/3714/4111 5160/3715/4112
f 5159/3714/4111 5163/3716/4010 5161/3717/3951
f 5165/3718/4113 5159/3714/4111 5162/3713/4110
f 5164/3719/4114 5165/3718/4113 5162/3713/4110
f 5163/3716/4010 5159/3714/4111 5166/3720/4115
f 5165/3718/4113 5166/3720/4115 5159/3714/4111
f 5166/3720/4115 5167/3721/4014 5163/3716/4010
f 5167/3721/4014 5166/3720/4115 5168/3722/4116
f 5169/3723/4117 5168/3722/4116 5166/3720/4115
f 5169/3723/4117 5166/3720/4115 5165/3718/4113
f 5168/3722/4116 5169/3723/4117 5170/3724/4118
f 5171/3725/4119 5165/3718/4113 5164/3719/4114
f 5171/3725/4119 5169/3723/4117 5165/3718/4113
f 5172/3726/4120 5171/3725/4119 5164/3719/4114
f 5173/3727/4121 5169/3723/4117 5171/3725/4119
f 5173/3727/4121 5170/3724/4118 5169/3723/4117
f 5174/3728/2760 5171/3725/4119 5172/3726/4120
f 5174/3728/2760 5173/3727/4121 5171/3725/4119
f 5176/3729/4122 5174/3728/2760 5172/3726/4120
f 5172/3726/4120 5175/3730/3852 5176/3729/4122
f 5177/3731/4123 5170/3724/4118 5173/3727/4121
f 5177/3731/4123 5178/3732/4124 5170/3724/4118
f 5178/3732/4124 5177/3731/4123 5179/3733/4125
f 5180/3734/4126 5177/3731/4123 5173/3727/4121
f 5180/3734/4126 5173/3727/4121 5174/3728/2760
f 5181/3735/4127 5179/3733/4125 5177/3731/4123
f 5181/3735/4127 5177/3731/4123 5180/3734/4126
f 5179/3733/4125 5181/3735/4127 5182/3736/4128
f 5183/3737/4129 5182/3736/4128 5181/3735/4127
f 5181/3735/4127 5184/3738/4130 5183/3737/4129
f 5184/3738/4130 5181/3735/4127 5180/3734/4126
f 5185/3739/4131 5183/3737/4129 5184/3738/4130
f 5186/3740/4132 5180/3734/4126 5174/3728/2760
f 5180/3734/4126 5186/3740/4132 5184/3738/4130
f 5174/3728/2760 5176/3729/4122 5186/3740/4132
f 5184/3738/4130 5187/3741/4133 5185/3739/4131
f 5187/3741/4133 5184/3738/4130 5186/3740/4132
f 5188/3742/4134 5185/3739/4131 5187/3741/4133
f 5187/3741/4133 5189/3743/4135 5188/3742/4134
f 5186/3740/4132 5190/3744/4136 5187/3741/4133
f 5190/3744/4136 5186/3740/4132 5176/3729/4122
f 5189/3743/4135 5187/3741/4133 5190/3744/4136
f 5176/3729/4122 5191/3745/4137 5190/3744/4136
f 5190/3744/4136 5192/3746/4138 5189/3743/4135
f 5192/3746/4138 5190/3744/4136 5191/3745/4137
f 5193/3747/4139 5189/3743/4135 5192/3746/4138
f 5191/3745/4137 5176/3729/4122 5175/3730/3852
f 5192/3746/4138 5194/3748/4140 5193/3747/4139
f 5194/3748/4140 5192/3746/4138 5195/3749/4141
f 5191/3745/4137 5195/3749/4141 5192/3746/4138
f 5195/3749/4141 5196/3750/4142 5194/3748/4140
f 5175/3730/3852 5197/3751/4143 5191/3745/4137
f 5195/3749/4141 5191/3745/4137 5197/3751/4143
f 5197/3751/4143 5198/3752/4144 5195/3749/4141
f 5203/3753/4145 5201/3754/4146 5200/3755/4024
f 5200/3755/4024 5204/3756/4147 5203/3753/4145
f 5205/3757/4148 5203/3753/4145 5204/3756/4147
f 5206/3758/4149 5200/3755/4024 5202/3759/4150
f 5200/3755/4024 5206/3758/4149 5204/3756/4147
f 5207/3760/4151 5202/3759/4150 5199/3761/4152
f 5202/3759/4150 5207/3760/4151 5206/3758/4149
f 5199/3761/4152 5168/3722/4116 5207/3760/4151
f 5168/3722/4116 5199/3761/4152 5167/3721/4014
f 5204/3756/4147 5208/3762/4153 5205/3757/4148
f 5209/3763/2797 5205/3757/4148 5208/3762/4153
f 5210/3764/4154 5204/3756/4147 5206/3758/4149
f 5204/3756/4147 5210/3764/4154 5208/3762/4153
f 5178/3732/4124 5206/3758/4149 5207/3760/4151
f 5206/3758/4149 5178/3732/4124 5210/3764/4154
f 5170/3724/4118 5207/3760/4151 5168/3722/4116
f 5207/3760/4151 5170/3724/4118 5178/3732/4124
f 5208/3762/4153 5211/3765/4155 5209/3763/2797
f 5212/3766/4156 5209/3763/2797 5211/3765/4155
f 5213/3767/4157 5208/3762/4153 5210/3764/4154
f 5208/3762/4153 5213/3767/4157 5211/3765/4155
f 5211/3765/4155 5214/3768/4158 5212/3766/4156
f 5210/3764/4154 5179/3733/4125 5213/3767/4157
f 5179/3733/4125 5210/3764/4154 5178/3732/4124
f 5215/3769/4159 5211/3765/4155 5213/3767/4157
f 5211/3765/4155 5215/3769/4159 5214/3768/4158
f 5212/3766/4156 5214/3768/4158 5216/3770/4160
f 5216/3770/4160 5214/3768/4158 5215/3769/4159
f 5212/3766/4156 5216/3770/4160 5217/3771/2784
f 5213/3767/4157 5182/3736/4128 5215/3769/4159
f 5182/3736/4128 5213/3767/4157 5179/3733/4125
f 5215/3769/4159 5218/3772/4161 5216/3770/4160
f 5218/3772/4161 5215/3769/4159 5182/3736/4128
f 5217/3771/2784 5216/3770/4160 5219/3773/4162
f 5219/3773/4162 5216/3770/4160 5218/3772/4161
f 5217/3771/2784 5219/3773/4162 5220/3774/4163
f 5220/3774/4163 5219/3773/4162 5221/3775/4164
f 5220/3774/4163 5221/3775/4164 5222/3776/4165
f 5218/3772/4161 5223/3777/4166 5219/3773/4162
f 5221/3775/4164 5219/3773/4162 5223/3777/4166
f 5182/3736/4128 5183/3737/4129 5218/3772/4161
f 5223/3777/4166 5218/3772/4161 5183/3737/4129
f 5222/3776/4165 5221/3775/4164 5224/3778/4167
f 5222/3776/4165 5224/3778/4167 5225/3779/4168
f 5223/3777/4166 5226/3780/4169 5221/3775/4164
f 5224/3778/4167 5221/3775/4164 5226/3780/4169
f 5226/3780/4169 5223/3777/4166 5185/3739/4131
f 5183/3737/4129 5185/3739/4131 5223/3777/4166
f 5226/3780/4169 5227/3781/4170 5224/3778/4167
f 5185/3739/4131 5188/3742/4134 5226/3780/4169
f 5227/3781/4170 5226/3780/4169 5188/3742/4134
f 5188/3742/4134 5228/3782/4171 5227/3781/4170
f 5189/3743/4135 5193/3747/4139 5228/3782/4171
f 5228/3782/4171 5188/3742/4134 5189/3743/4135
f 5231/3783/4172 5229/3784/4173 5230/3785/4174
f 5230/3785/4174 5232/3786/4175 5231/3783/4172
f 5233/3787/2824 5231/3783/4172 5232/3786/4175
f 5232/3786/4175 5234/3788/4176 5233/3787/2824
f 5235/3789/4177 5233/3787/2824 5234/3788/4176
f 5234/3788/4176 5236/3790/4178 5235/3789/4177
f 5237/3791/4179 5235/3789/4177 5236/3790/4178
f 5237/3791/4179 5238/3792/2819 5235/3789/4177
f 5239/3793/4180 5238/3792/2819 5237/3791/4179
f 5239/3793/4180 5240/3794/4181 5238/3792/2819
f 5241/3795/4182 5240/3794/4181 5239/3793/4180
f 5241/3795/4182 5242/3796/4183 5240/3794/4181
f 5245/3797/4184 5243/3798/4185 5244/3799/3904
f 5244/3799/3904 5246/3800/4186 5245/3797/4184
f 5247/3801/4187 5245/3797/4184 5246/3800/4186
f 5246/3800/4186 5248/3802/4188 5247/3801/4187
f 5249/3803/4189 5247/3801/4187 5248/3802/4188
f 5248/3802/4188 5250/3804/3902 5249/3803/4189
f 5251/3805/4190 5249/3803/4189 5250/3804/3902
f 5250/3804/3902 5252/3806/273 5251/3805/4190
f 5253/3807/4191 5251/3805/4190 5252/3806/273
f 5252/3806/273 5254/3808/4192 5253/3807/4191
f 5255/3809/4193 5253/3807/4191 5254/3808/4192
f 5254/3808/4192 5256/3810/4194 5255/3809/4193
f 5257/3811/4195 5255/3809/4193 5256/3810/4194
f 5256/3810/4194 5258/3812/4196 5257/3811/4195
f 5259/3813/4197 5257/3811/4195 5258/3812/4196
f 5258/3812/4196 5260/3814/4198 5259/3813/4197
f 5262/3443/4199 5261/3442/2852 5263/3436/2851
f 5263/3436/2851 5265/3445/2917 5262/3443/4199
f 5264/3444/4200 5262/3443/4199 5265/3445/2917
f 5265/3445/2917 5267/3447/4201 5264/3444/4200
f 5266/3446/4202 5264/3444/4200 5267/3447/4201
f 5268/3460/2867 5265/3445/2917 5263/3436/2851
f 5267/3447/4201 5269/3448/4203 5266/3446/4202
f 5271/3450/3085 5270/3449/4204 5269/3448/4203
f 5269/3448/4203 5272/3451/4205 5271/3450/3085
f 5272/3451/4205 5269/3448/4203 5267/3447/4201
f 5263/3436/2851 5273/3439/4206 5268/3460/2867
f 5267/3447/4201 5274/3453/4207 5272/3451/4205
f 5274/3453/4207 5267/3447/4201 5265/3445/2917
f 5265/3445/2917 5268/3460/2867 5274/3453/4207
f 5275/3454/4208 5272/3451/4205 5274/3453/4207
f 5274/3453/4207 5276/3457/4209 5275/3454/4208
f 5276/3457/4209 5274/3453/4207 5268/3460/2867
f 5277/3456/4210 5275/3454/4208 5276/3457/4209
f 5278/3459/2872 5268/3460/2867 5273/3439/4206
f 5268/3460/2867 5278/3459/2872 5276/3457/4209
f 5273/3439/4206 5279/3470/4211 5278/3459/2872
f 5276/3457/4209 5280/3458/4212 5277/3456/4210
f 5280/3458/4212 5276/3457/4209 5278/3459/2872
f 5281/3541/4213 5277/3456/4210 5280/3458/4212
f 5282/3469/4214 5278/3459/2872 5279/3470/4211
f 5278/3459/2872 5282/3469/4214 5280/3458/4212
f 5279/3470/4211 5283/3464/4215 5282/3469/4214
f 5284/3544/4216 5282/3469/4214 5283/3464/4215
f 5285/3543/4217 5280/3458/4212 5282/3469/4214
f 5282/3469/4214 5284/3544/4216 5285/3543/4217
f 5280/3458/4212 5285/3543/4217 5281/3541/4213
f 5286/3539/4218 5285/3543/4217 5284/3544/4216
f 5287/3537/4219 5281/3541/4213 5285/3543/4217
f 5285/3543/4217 5286/3539/4218 5287/3537/4219
f 5288/3471/4220 5290/3473/4221 5289/3472/4044
f 5291/3540/4222 5284/3544/4216 5292/3461/4223
f 5284/3544/4216 5291/3540/4222 5286/3539/4218
f 5293/3462/4224 5292/3461/4223 5283/3464/4215
f 5283/3464/4215 5292/3461/4223 5284/3544/4216
f 5294/3466/4225 5293/3462/4224 5295/3468/4226
f 5283/3464/4215 5295/3468/4226 5293/3462/4224
f 5288/3471/4220 5294/3466/4225 5296/3474/4227
f 5295/3468/4226 5296/3474/4227 5294/3466/4225
f 5290/3473/4221 5288/3471/4220 5297/3475/4228
f 5296/3474/4227 5297/3475/4228 5288/3471/4220
f 5297/3475/4228 5298/3476/4052 5290/3473/4221
f 5298/3476/4052 5297/3475/4228 5299/3479/4229
f 5299/3479/4229 5300/3480/4230 5298/3476/4052
f 5297/3475/4228 5296/3474/4227 5301/3478/4231
f 5301/3478/4231 5299/3479/4229 5297/3475/4228
f 5296/3474/4227 5295/3468/4226 5302/3477/4232
f 5302/3477/4232 5301/3478/4231 5296/3474/4227
f 5279/3470/4211 5302/3477/4232 5295/3468/4226
f 5295/3468/4226 5283/3464/4215 5279/3470/4211
f 5300/3480/4230 5299/3479/4229 5303/3482/4233
f 5303/3482/4233 5304/3483/4060 5300/3480/4230
f 5299/3479/4229 5301/3478/4231 5305/3481/4234
f 5305/3481/4234 5303/3482/4233 5299/3479/4229
f 5301/3478/4231 5302/3477/4232 5306/3438/2864
f 5306/3438/2864 5305/3481/4234 5301/3478/4231
f 5302/3477/4232 5279/3470/4211 5273/3439/4206
f 5273/3439/4206 5306/3438/2864 5302/3477/4232
f 5304/3483/4060 5303/3482/4233 5307/3484/3955
f 5307/3484/3955 5308/3485/4235 5304/3483/4060
f 5309/3486/4236 5307/3484/3955 5303/3482/4233
f 5303/3482/4233 5305/3481/4234 5309/3486/4236
f 5310/3487/3956 5307/3484/3955 5309/3486/4236
f 5311/3437/2849 5309/3486/4236 5305/3481/4234
f 5305/3481/4234 5306/3438/2864 5311/3437/2849
f 5309/3486/4236 5312/3441/4237 5310/3487/3956
f 5312/3441/4237 5309/3486/4236 5311/3437/2849
f 5263/3436/2851 5311/3437/2849 5306/3438/2864
f 5306/3438/2864 5273/3439/4206 5263/3436/2851
f 5311/3437/2849 5313/3440/4238 5312/3441/4237
f 5313/3440/4238 5311/3437/2849 5263/3436/2851
f 5263/3436/2851 5261/3442/2852 5313/3440/4238
f 5314/3815/4109 5316/3816/4239 5315/3817/4240
f 5316/3816/4239 5317/3818/4241 5315/3817/4240
f 5318/3819/4242 5314/3815/4109 5315/3817/4240
f 5315/3817/4240 5319/3820/4243 5318/3819/4242
f 5319/3820/4243 5320/3821/4244 5318/3819/4242
f 5318/3819/4242 5321/3822/4245 5314/3815/4109
f 5318/3819/4242 5322/3823/4246 5321/3822/4245
f 5314/3815/4109 5323/3824/4096 5316/3816/4239
f 5314/3815/4109 5324/3825/4097 5323/3824/4096
f 5316/3816/4239 5323/3824/4096 5325/3826/4247
f 5326/3827/4248 5316/3816/4239 5325/3826/4247
f 5326/3827/4248 5327/3828/4249 5316/3816/4239
f 5326/3827/4248 5328/3829/4250 5327/3828/4249
f 5325/3826/4247 5329/3830/4251 5326/3827/4248
f 5329/3830/4251 5330/3831/4252 5326/3827/4248
f 5331/3832/4253 5332/3833/4254 5325/3826/4247
f 5331/3832/4253 5325/3826/4247 5323/3824/4096
f 5331/3832/4253 5323/3824/4096 5333/3834/4191
f 5334/3835/4255 5333/3834/4191 5323/3824/4096
f 5334/3835/4255 5335/3836/4190 5333/3834/4191
f 5336/3837/4256 5331/3832/4253 5333/3834/4191
f 5333/3834/4191 5337/3838/4257 5336/3837/4256
f 5337/3838/4257 5338/3839/4258 5336/3837/4256
f 5336/3837/4256 5339/3840/4259 5331/3832/4253
f 5336/3837/4256 5340/3841/4260 5339/3840/4259
f 5334/3835/4255 5323/3824/4096 5341/3842/4102
f 5341/3842/4102 5323/3824/4096 5342/3843/4261
f 5342/3843/4261 5343/3844/4101 5341/3842/4102
f 5341/3842/4102 5344/3845/4262 5334/3835/4255
f 5341/3842/4102 5345/3846/4263 5344/3845/4262
f 5346/3452/4264 5271/3450/3085 5272/3451/4205
f 5347/3455/4265 5346/3452/4264 5275/3454/4208
f 5272/3451/4205 5275/3454/4208 5346/3452/4264
f 5275/3454/4208 5277/3456/4210 5347/3455/4265
f 5348/3542/4266 5347/3455/4265 5277/3456/4210
f 5350/3536/4267 5349/3538/4268 5287/3537/4219
f 5350/3536/4267 5287/3537/4219 5352/3535/4269
f 5287/3537/4219 5349/3538/4268 5281/3541/4213
f 5349/3538/4268 5348/3542/4266 5281/3541/4213
f 5281/3541/4213 5348/3542/4266 5277/3456/4210
f 5351/3533/4174 5352/3535/4269 5354/3534/4270
f 5354/3534/4270 5353/3527/4271 5351/3533/4174
f 5286/3539/4218 5354/3534/4270 5352/3535/4269
f 5352/3535/4269 5287/3537/4219 5286/3539/4218
f 5353/3527/4271 5354/3534/4270 5356/3526/4272
f 5356/3526/4272 5355/3523/4273 5353/3527/4271
f 5291/3540/4222 5356/3526/4272 5354/3534/4270
f 5354/3534/4270 5286/3539/4218 5291/3540/4222
f 5355/3523/4273 5356/3526/4272 5358/3522/4274
f 5358/3522/4274 5357/3521/4275 5355/3523/4273
f 5359/3520/4179 5357/3521/4275 5358/3522/4274
f 5360/3847/4276 5358/3522/4274 5356/3526/4272
f 5356/3526/4272 5291/3540/4222 5360/3847/4276
f 5358/3522/4274 5361/3525/4277 5359/3520/4179
f 5361/3525/4277 5358/3522/4274 5360/3847/4276
f 5362/3524/4180 5359/3520/4179 5361/3525/4277
f 5363/3530/4182 5362/3524/4180 5364/3529/4278
f 5361/3525/4277 5364/3529/4278 5362/3524/4180
f 5364/3529/4278 5365/3531/4030 5363/3530/4182
f 5364/3529/4278 5361/3525/4277 5367/3463/4279
f 5360/3847/4276 5367/3463/4279 5361/3525/4277
f 5365/3531/4030 5364/3529/4278 5368/3465/4280
f 5367/3463/4279 5368/3465/4280 5364/3529/4278
f 5366/3532/4281 5365/3531/4030 5369/3467/4282
f 5368/3465/4280 5369/3467/4282 5365/3531/4030
f 5369/3467/4282 5289/3472/4044 5366/3532/4281
f 5367/3463/4279 5360/3847/4276 5292/3461/4223
f 5292/3461/4223 5360/3847/4276 5291/3540/4222
f 5368/3465/4280 5367/3463/4279 5293/3462/4224
f 5292/3461/4223 5293/3462/4224 5367/3463/4279
f 5369/3467/4282 5368/3465/4280 5294/3466/4225
f 5293/3462/4224 5294/3466/4225 5368/3465/4280
f 5289/3472/4044 5369/3467/4282 5288/3471/4220
f 5294/3466/4225 5288/3471/4220 5369/3467/4282
f 5373/3848/4142 5372/3849/4283 5374/3850/4284
f 5374/3850/4284 5375/3851/4285 5373/3848/4142
f 5375/3851/4285 5374/3850/4284 5376/3852/3856
f 5376/3852/3856 5377/3853/4286 5375/3851/4285
f 5385/3854/4287 5384/3855/4288 5386/3856/4289
f 5386/3856/4289 5387/3857/4290 5385/3854/4287
f 5387/3857/4290 5386/3856/4289 5388/3858/4203
f 5388/3858/4203 5389/3859/4291 5387/3857/4290
f 5393/3860/4292 5392/3861/4293 5391/3862/4167
f 5391/3862/4167 5394/3863/4294 5393/3860/4292
f 5395/3864/4295 5393/3860/4292 5394/3863/4294
f 5394/3863/4294 5391/3862/4167 5396/3865/4170
f 5394/3863/4294 5397/3866/3042 5395/3864/4295
f 5398/3867/4296 5395/3864/4295 5397/3866/3042
f 5396/3865/4170 5399/3868/4297 5394/3863/4294
f 5397/3866/3042 5394/3863/4294 5399/3868/4297
f 5397/3866/3042 5400/3869/4298 5398/3867/4296
f 5401/3870/4299 5398/3867/4296 5400/3869/4298
f 5399/3868/4297 5402/3871/4300 5397/3866/3042
f 5400/3869/4298 5397/3866/3042 5402/3871/4300
f 5399/3868/4297 5396/3865/4170 5403/3872/4301
f 5402/3871/4300 5399/3868/4297 5404/3873/4302
f 5403/3872/4301 5404/3873/4302 5399/3868/4297
f 5402/3871/4300 5405/3874/4303 5400/3869/4298
f 5406/3870/4299 5400/3869/4298 5405/3874/4303
f 5404/3873/4302 5407/3875/4304 5402/3871/4300
f 5405/3874/4303 5402/3871/4300 5407/3875/4304
f 5407/3875/4304 5408/3876/4305 5405/3874/4303
f 5409/3870/4306 5405/3874/4303 5408/3876/4305
f 5407/3875/4304 5404/3873/4302 5410/3877/4307
f 5404/3873/4302 5403/3872/4301 5370/3878/4139
f 5370/3878/4139 5410/3877/4307 5404/3873/4302
f 5410/3877/4307 5411/3879/4308 5407/3875/4304
f 5407/3875/4304 5411/3879/4308 5408/3876/4305
f 5410/3877/4307 5370/3878/4139 5371/3880/4140
f 5412/3881/4309 5408/3876/4305 5411/3879/4308
f 5413/3870/4299 5408/3876/4305 5412/3881/4309
f 5411/3879/4308 5410/3877/4307 5414/3882/4310
f 5371/3880/4140 5414/3882/4310 5410/3877/4307
f 5412/3881/4309 5411/3879/4308 5415/3883/4311
f 5414/3882/4310 5415/3883/4311 5411/3879/4308
f 5415/3883/4311 5416/3884/4312 5412/3881/4309
f 5417/3870/4306 5412/3881/4309 5416/3884/4312
f 5415/3883/4311 5414/3882/4310 5418/3885/4313
f 5414/3882/4310 5371/3880/4140 5373/3848/4142
f 5373/3848/4142 5418/3885/4313 5414/3882/4310
f 5418/3885/4313 5419/3886/4314 5415/3883/4311
f 5416/3884/4312 5415/3883/4311 5419/3886/4314
f 5418/3885/4313 5373/3848/4142 5375/3851/4285
f 5419/3886/4314 5420/3887/4315 5416/3884/4312
f 5421/3870/4306 5416/3884/4312 5420/3887/4315
f 5419/3886/4314 5418/3885/4313 5422/3888/4316
f 5375/3851/4285 5422/3888/4316 5418/3885/4313
f 5420/3887/4315 5419/3886/4314 5423/3889/4317
f 5422/3888/4316 5423/3889/4317 5419/3886/4314
f 5423/3889/4317 5424/3890/4318 5420/3887/4315
f 5425/3870/4299 5420/3887/4315 5424/3890/4318
f 5423/3889/4317 5422/3888/4316 5426/3891/4319
f 5422/3888/4316 5375/3851/4285 5377/3853/4286
f 5377/3853/4286 5426/3891/4319 5422/3888/4316
f 5426/3891/4319 5427/3892/4320 5423/3889/4317
f 5424/3890/4318 5423/3889/4317 5427/3892/4320
f 5427/3892/4320 5428/3893/4321 5424/3890/4318
f 5429/3870/4306 5424/3890/4318 5428/3893/4321
f 5428/3893/4321 5427/3892/4320 5430/3894/4322
f 5431/3870/4306 5428/3893/4321 5430/3894/4322
f 5427/3892/4320 5426/3891/4319 5432/3895/4323
f 5430/3894/4322 5427/3892/4320 5432/3895/4323
f 5426/3891/4319 5377/3853/4286 5433/3896/4324
f 5432/3895/4323 5426/3891/4319 5433/3896/4324
f 5432/3895/4323 5434/3897/4325 5430/3894/4322
f 5435/3870/4306 5430/3894/4322 5434/3897/4325
f 5433/3896/4324 5436/3898/4326 5432/3895/4323
f 5434/3897/4325 5432/3895/4323 5436/3898/4326
f 5433/3896/4324 5377/3853/4286 5378/3899/3858
f 5436/3898/4326 5437/3900/4327 5434/3897/4325
f 5438/3870/4306 5434/3897/4325 5437/3900/4327
f 5436/3898/4326 5433/3896/4324 5439/3901/4328
f 5378/3899/3858 5439/3901/4328 5433/3896/4324
f 5437/3900/4327 5436/3898/4326 5440/3902/4329
f 5439/3901/4328 5440/3902/4329 5436/3898/4326
f 5440/3902/4329 5441/3903/4330 5437/3900/4327
f 5442/3870/4306 5437/3900/4327 5441/3903/4330
f 5440/3902/4329 5439/3901/4328 5443/3904/4331
f 5439/3901/4328 5378/3899/3858 5379/3905/4332
f 5379/3905/4332 5443/3904/4331 5439/3901/4328
f 5443/3904/4331 5444/3906/4333 5440/3902/4329
f 5441/3903/4330 5440/3902/4329 5444/3906/4333
f 5443/3904/4331 5379/3905/4332 5380/3907/4334
f 5444/3906/4333 5445/3908/4335 5441/3903/4330
f 5446/3870/4306 5441/3903/4330 5445/3908/4335
f 5444/3906/4333 5443/3904/4331 5447/3909/4336
f 5380/3907/4334 5447/3909/4336 5443/3904/4331
f 5445/3908/4335 5444/3906/4333 5448/3910/4337
f 5447/3909/4336 5448/3910/4337 5444/3906/4333
f 5448/3910/4337 5449/3911/4338 5445/3908/4335
f 5450/3870/4306 5445/3908/4335 5449/3911/4338
f 5448/3910/4337 5447/3909/4336 5451/3912/4339
f 5447/3909/4336 5380/3907/4334 5452/3913/4340
f 5452/3913/4340 5451/3912/4339 5447/3909/4336
f 5451/3912/4339 5453/3914/4341 5448/3910/4337
f 5449/3911/4338 5448/3910/4337 5453/3914/4341
f 5451/3912/4339 5452/3913/4340 5454/3915/3943
f 5453/3914/4341 5455/3916/4342 5449/3911/4338
f 5456/3870/4306 5449/3911/4338 5455/3916/4342
f 5453/3914/4341 5451/3912/4339 5457/3917/4343
f 5454/3915/3943 5457/3917/4343 5451/3912/4339
f 5453/3914/4341 5458/3918/4344 5455/3916/4342
f 5457/3917/4343 5458/3918/4344 5453/3914/4341
f 5459/3919/4345 5455/3916/4342 5458/3918/4344
f 5460/3870/4306 5455/3916/4342 5459/3919/4345
f 5459/3919/4345 5458/3918/4344 5461/3920/4346
f 5461/3920/4346 5458/3918/4344 5462/3921/4347
f 5457/3917/4343 5462/3921/4347 5458/3918/4344
f 5461/3920/4346 5462/3921/4347 5463/3922/4348
f 5457/3917/4343 5454/3915/3943 5464/3923/3941
f 5464/3923/3941 5462/3921/4347 5457/3917/4343
f 5463/3922/4348 5462/3921/4347 5465/3924/4349
f 5462/3921/4347 5464/3923/3941 5465/3924/4349
f 5463/3922/4348 5465/3924/4349 5466/3925/4350
f 5467/3926/4351 5466/3925/4350 5465/3924/4349
f 5465/3924/4349 5468/3927/4352 5467/3926/4351
f 5465/3924/4349 5469/3928/3940 5468/3927/4352
f 5469/3928/3940 5465/3924/4349 5464/3923/3941
f 5470/3929/4353 5472/3930/3015 5471/3931/4354
f 5473/3932/4355 5471/3931/4354 5472/3930/3015
f 5474/3933/4356 5475/3934/4357 5470/3929/4353
f 5472/3930/3015 5470/3929/4353 5475/3934/4357
f 5472/3930/3015 5476/3935/4358 5473/3932/4355
f 5477/3936/4359 5473/3932/4355 5476/3935/4358
f 5475/3934/4357 5478/3937/4360 5472/3930/3015
f 5476/3935/4358 5472/3930/3015 5478/3937/4360
f 5475/3934/4357 5474/3933/4356 5381/3938/4361
f 5478/3937/4360 5475/3934/4357 5479/3939/4362
f 5381/3938/4361 5479/3939/4362 5475/3934/4357
f 5478/3937/4360 5480/3940/4363 5476/3935/4358
f 5481/3936/4364 5476/3935/4358 5480/3940/4363
f 5479/3939/4362 5482/3941/4365 5478/3937/4360
f 5480/3940/4363 5478/3937/4360 5482/3941/4365
f 5482/3941/4365 5483/3942/4366 5480/3940/4363
f 5484/3936/4359 5480/3940/4363 5483/3942/4366
f 5482/3941/4365 5479/3939/4362 5485/3943/4367
f 5479/3939/4362 5381/3938/4361 5382/3944/4368
f 5382/3944/4368 5485/3943/4367 5479/3939/4362
f 5485/3943/4367 5486/3945/4369 5482/3941/4365
f 5483/3942/4366 5482/3941/4365 5486/3945/4369
f 5485/3943/4367 5382/3944/4368 5383/3946/4370
f 5486/3945/4369 5487/3947/4371 5483/3942/4366
f 5488/3936/4359 5483/3942/4366 5487/3947/4371
f 5486/3945/4369 5485/3943/4367 5489/3948/4372
f 5383/3946/4370 5489/3948/4372 5485/3943/4367
f 5487/3947/4371 5486/3945/4369 5490/3949/4373
f 5489/3948/4372 5490/3949/4373 5486/3945/4369
f 5490/3949/4373 5491/3950/4374 5487/3947/4371
f 5492/3936/4359 5487/3947/4371 5491/3950/4374
f 5490/3949/4373 5489/3948/4372 5493/3951/4375
f 5489/3948/4372 5383/3946/4370 5385/3854/4287
f 5385/3854/4287 5493/3951/4375 5489/3948/4372
f 5493/3951/4375 5494/3952/4376 5490/3949/4373
f 5491/3950/4374 5490/3949/4373 5494/3952/4376
f 5493/3951/4375 5385/3854/4287 5387/3857/4290
f 5494/3952/4376 5495/3953/4377 5491/3950/4374
f 5496/3936/4359 5491/3950/4374 5495/3953/4377
f 5494/3952/4376 5493/3951/4375 5497/3954/4378
f 5387/3857/4290 5497/3954/4378 5493/3951/4375
f 5495/3953/4377 5494/3952/4376 5498/3955/4379
f 5497/3954/4378 5498/3955/4379 5494/3952/4376
f 5498/3955/4379 5499/3956/4380 5495/3953/4377
f 5500/3936/4364 5495/3953/4377 5499/3956/4380
f 5498/3955/4379 5497/3954/4378 5501/3957/4381
f 5497/3954/4378 5387/3857/4290 5389/3859/4291
f 5389/3859/4291 5501/3957/4381 5497/3954/4378
f 5501/3957/4381 5502/3958/4382 5498/3955/4379
f 5499/3956/4380 5498/3955/4379 5502/3958/4382
f 5502/3958/4382 5503/3959/4383 5499/3956/4380
f 5504/3936/4359 5499/3956/4380 5503/3959/4383
f 5505/3960/4384 5503/3959/4383 5502/3958/4382
f 5506/3936/4359 5503/3959/4383 5505/3960/4384
f 5507/3961/4385 5502/3958/4382 5501/3957/4381
f 5507/3961/4385 5505/3960/4384 5502/3958/4382
f 5508/3962/4386 5501/3957/4381 5389/3859/4291
f 5501/3957/4381 5508/3962/4386 5507/3961/4385
f 5509/3963/4387 5505/3960/4384 5507/3961/4385
f 5510/3936/4359 5505/3960/4384 5509/3963/4387
f 5511/3964/4388 5507/3961/4385 5508/3962/4386
f 5511/3964/4388 5509/3963/4387 5507/3961/4385
f 5389/3859/4291 5390/3965/3085 5508/3962/4386
f 5511/3964/4388 5512/3966/4389 5509/3963/4387
f 5513/3936/4359 5509/3963/4387 5512/3966/4389
f 5514/3967/4390 5511/3964/4388 5508/3962/4386
f 5514/3967/4390 5508/3962/4386 5390/3965/3085
f 5512/3966/4389 5511/3964/4388 5515/3968/4391
f 5515/3968/4391 5511/3964/4388 5514/3967/4390
f 5515/3968/4391 5516/3969/4392 5512/3966/4389
f 5517/3936/4359 5512/3966/4389 5516/3969/4392
f 5518/3970/4393 5515/3968/4391 5514/3967/4390
f 5516/3969/4392 5515/3968/4391 5519/3971/4394
f 5519/3971/4394 5515/3968/4391 5518/3970/4393
f 5519/3971/4394 5520/3972/4395 5516/3969/4392
f 5521/3936/4359 5516/3969/4392 5520/3972/4395
f 5519/3971/4394 5518/3970/4393 5522/3973/4396
f 5518/3970/4393 5514/3967/4390 5523/3974/4397
f 5390/3965/3085 5523/3974/4397 5514/3967/4390
f 5520/3972/4395 5519/3971/4394 5524/3975/4398
f 5522/3973/4396 5524/3975/4398 5519/3971/4394
f 5524/3975/4398 5525/3976/4399 5520/3972/4395
f 5526/3936/4359 5520/3972/4395 5525/3976/4399
f 5527/3977/4400 5518/3970/4393 5523/3974/4397
f 5522/3973/4396 5518/3970/4393 5527/3977/4400
f 5524/3975/4398 5522/3973/4396 5528/3978/4401
f 5529/3979/4402 5522/3973/4396 5527/3977/4400
f 5528/3978/4401 5522/3973/4396 5529/3979/4402
f 5528/3978/4401 5530/3980/4403 5524/3975/4398
f 5525/3976/4399 5524/3975/4398 5530/3980/4403
f 5528/3978/4401 5529/3979/4402 5531/3981/4268
f 5530/3980/4403 5532/3982/4404 5525/3976/4399
f 5533/3936/4359 5525/3976/4399 5532/3982/4404
f 5530/3980/4403 5528/3978/4401 5534/3983/4405
f 5531/3981/4268 5534/3983/4405 5528/3978/4401
f 5532/3982/4404 5530/3980/4403 5535/3984/4406
f 5534/3983/4405 5535/3984/4406 5530/3980/4403
f 5535/3984/4406 5536/3985/4407 5532/3982/4404
f 5537/3936/4408 5532/3982/4404 5536/3985/4407
f 5536/3985/4407 5535/3984/4406 5538/3986/4409
f 5539/3987/4410 5538/3986/4409 5535/3984/4406
f 5535/3984/4406 5534/3983/4405 5539/3987/4410
f 5538/3986/4409 5539/3987/4410 5540/3988/4411
f 5541/3989/4412 5540/3988/4411 5539/3987/4410
f 5540/3988/4411 5541/3989/4412 5542/3990/4413
f 5543/3991/4267 5539/3987/4410 5534/3983/4405
f 5534/3983/4405 5531/3981/4268 5543/3991/4267
f 5539/3987/4410 5543/3991/4267 5541/3989/4412
f 5544/3992/4173 5542/3990/4413 5541/3989/4412
f 5541/3989/4412 5545/3993/4414 5544/3992/4173
f 5541/3989/4412 5543/3991/4267 5546/3994/4415
f 5541/3989/4412 5546/3994/4415 5545/3993/4414
f 5549/3995/4416 5548/3996/4417 5547/3997/4418
f 5547/3997/4418 5470/3929/4353 5549/3995/4416
f 5471/3931/4354 5549/3995/4416 5470/3929/4353
f 5470/3929/4353 5547/3997/4418 5474/3933/4356
f 5552/3998/4260 5550/3999/4419 5551/4000/3897
f 5551/4000/3897 5553/4001/4420 5552/3998/4260
f 5554/4002/4421 5552/3998/4260 5553/4001/4420
f 5553/4001/4420 5555/4003/3900 5554/4002/4421
f 5556/4004/4422 5554/4002/4421 5555/4003/3900
f 5555/4003/3900 5557/4005/4423 5556/4004/4422
f 5558/4006/4254 5556/4004/4422 5557/4005/4423
f 5557/4005/4423 5559/4007/3913 5558/4006/4254
f 5560/4008/4424 5558/4006/4254 5559/4007/3913
f 5559/4007/3913 5561/4009/4425 5560/4008/4424
f 5562/4010/4251 5560/4008/4424 5561/4009/4425
f 5561/4009/4425 5563/4011/4426 5562/4010/4251
f 5564/4012/4427 5562/4010/4251 5563/4011/4426
f 5563/4011/4426 5565/4013/4428 5564/4012/4427
f 5566/4014/4248 5564/4012/4427 5565/4013/4428
f 5565/4013/4428 5567/4015/4429 5566/4014/4248
f 5568/3726/4430 5570/3728/3109 5569/3725/4431
f 5571/3727/4432 5569/3725/4431 5570/3728/3109
f 5571/3727/4432 5573/3731/4433 5572/3724/4434
f 5574/3732/4435 5572/3724/4434 5573/3731/4433
f 5573/3731/4433 5575/3733/4436 5574/3732/4435
f 5573/3731/4433 5571/3727/4432 5576/3734/4437
f 5570/3728/3109 5576/3734/4437 5571/3727/4432
f 5575/3733/4436 5573/3731/4433 5577/3735/4438
f 5576/3734/4437 5577/3735/4438 5573/3731/4433
f 5577/3735/4438 5578/3736/4439 5575/3733/4436
f 5579/3737/4440 5578/3736/4439 5577/3735/4438
f 5577/3735/4438 5580/3738/4441 5579/3737/4440
f 5580/3738/4441 5577/3735/4438 5576/3734/4437
f 5581/3739/4442 5579/3737/4440 5580/3738/4441
f 5582/3740/4443 5576/3734/4437 5570/3728/3109
f 5576/3734/4437 5582/3740/4443 5580/3738/4441
f 5580/3738/4441 5583/3741/4444 5581/3739/4442
f 5583/3741/4444 5580/3738/4441 5582/3740/4443
f 5584/3742/4445 5581/3739/4442 5583/3741/4444
f 5570/3728/3109 5585/3729/4446 5582/3740/4443
f 5585/3729/4446 5570/3728/3109 5568/3726/4430
f 5582/3740/4443 5586/3744/4447 5583/3741/4444
f 5586/3744/4447 5582/3740/4443 5585/3729/4446
f 5583/3741/4444 5587/3743/4448 5584/3742/4445
f 5587/3743/4448 5583/3741/4444 5586/3744/4447
f 5588/3782/4449 5584/3742/4445 5587/3743/4448
f 5587/3743/4448 5589/3747/4368 5588/3782/4449
f 5589/3747/4368 5587/3743/4448 5590/3746/4450
f 5586/3744/4447 5590/3746/4450 5587/3743/4448
f 5590/3746/4450 5591/3748/4370 5589/3747/4368
f 5585/3729/4446 5592/3745/4451 5586/3744/4447
f 5590/3746/4450 5586/3744/4447 5592/3745/4451
f 5568/3726/4430 5593/3730/4452 5585/3729/4446
f 5592/3745/4451 5585/3729/4446 5593/3730/4452
f 5591/3748/4370 5590/3746/4450 5594/3749/4453
f 5592/3745/4451 5594/3749/4453 5590/3746/4450
f 5594/3749/4453 5595/3750/4287 5591/3748/4370
f 5593/3730/4452 5596/3751/4200 5592/3745/4451
f 5594/3749/4453 5592/3745/4451 5596/3751/4200
f 5596/3751/4200 5597/3752/4454 5594/3749/4453
f 5601/3714/4455 5598/3715/3956 5600/3713/4237
f 5602/3716/4080 5599/3717/3957 5601/3714/4455
f 5600/3713/4237 5604/3718/4456 5601/3714/4455
f 5604/3718/4456 5600/3713/4237 5603/3719/4238
f 5601/3714/4455 5605/3720/4457 5602/3716/4080
f 5605/3720/4457 5601/3714/4455 5604/3718/4456
f 5606/3721/4084 5602/3716/4080 5605/3720/4457
f 5605/3720/4457 5607/3722/4458 5606/3721/4084
f 5607/3722/4458 5605/3720/4457 5608/3723/4459
f 5604/3718/4456 5608/3723/4459 5605/3720/4457
f 5608/3723/4459 5572/3724/4434 5607/3722/4458
f 5603/3719/4238 5569/3725/4431 5604/3718/4456
f 5608/3723/4459 5604/3718/4456 5569/3725/4431
f 5569/3725/4431 5603/3719/4238 5568/3726/4430
f 5569/3725/4431 5571/3727/4432 5608/3723/4459
f 5572/3724/4434 5608/3723/4459 5571/3727/4432
f 5611/3794/4460 5610/3795/3935 5609/3796/4461
f 5611/3794/4460 5612/3793/4462 5610/3795/3935
f 5613/3792/4463 5612/3793/4462 5611/3794/4460
f 5613/3792/4463 5614/3791/4464 5612/3793/4462
f 5615/3789/4465 5614/3791/4464 5613/3792/4463
f 5615/3789/4465 5616/3790/3927 5614/3791/4464
f 5617/3788/4466 5616/3790/3927 5615/3789/4465
f 5615/3789/4465 5618/3787/4467 5617/3788/4466
f 5619/3786/4468 5617/3788/4466 5618/3787/4467
f 5618/3787/4467 5620/3783/4469 5619/3786/4468
f 5620/3783/4469 5621/3784/4470 5622/4016/3938
f 5622/4016/3938 5619/3786/4468 5620/3783/4469
f 5584/3742/4445 5588/3782/4449 5623/3781/4471
f 5628/3753/4472 5626/3754/4473 5625/3755/4474
f 5625/3755/4474 5629/3756/4475 5628/3753/4472
f 5630/3757/4476 5628/3753/4472 5629/3756/4475
f 5631/3758/4477 5625/3755/4474 5627/3759/4478
f 5631/3758/4477 5629/3756/4475 5625/3755/4474
f 5632/3760/4479 5627/3759/4478 5624/3761/4480
f 5632/3760/4479 5631/3758/4477 5627/3759/4478
f 5607/3722/4458 5632/3760/4479 5624/3761/4480
f 5607/3722/4458 5624/3761/4480 5606/3721/4084
f 5629/3756/4475 5633/3762/4481 5630/3757/4476
f 5634/3763/4482 5630/3757/4476 5633/3762/4481
f 5629/3756/4475 5631/3758/4477 5635/3764/4483
f 5635/3764/4483 5633/3762/4481 5629/3756/4475
f 5631/3758/4477 5632/3760/4479 5574/3732/4435
f 5574/3732/4435 5635/3764/4483 5631/3758/4477
f 5632/3760/4479 5607/3722/4458 5572/3724/4434
f 5572/3724/4434 5574/3732/4435 5632/3760/4479
f 5633/3762/4481 5636/3765/4484 5634/3763/4482
f 5637/3766/3130 5634/3763/4482 5636/3765/4484
f 5633/3762/4481 5635/3764/4483 5638/3767/4485
f 5638/3767/4485 5636/3765/4484 5633/3762/4481
f 5636/3765/4484 5639/3768/4486 5637/3766/3130
f 5575/3733/4436 5638/3767/4485 5635/3764/4483
f 5635/3764/4483 5574/3732/4435 5575/3733/4436
f 5636/3765/4484 5638/3767/4485 5640/3769/4487
f 5640/3769/4487 5639/3768/4486 5636/3765/4484
f 5641/3770/4488 5637/3766/3130 5639/3768/4486
f 5641/3770/4488 5639/3768/4486 5640/3769/4487
f 5641/3770/4488 5642/3771/4489 5637/3766/3130
f 5578/3736/4439 5640/3769/4487 5638/3767/4485
f 5638/3767/4485 5575/3733/4436 5578/3736/4439
f 5640/3769/4487 5643/3772/4490 5641/3770/4488
f 5643/3772/4490 5640/3769/4487 5578/3736/4439
f 5644/3773/4491 5642/3771/4489 5641/3770/4488
f 5644/3773/4491 5641/3770/4488 5643/3772/4490
f 5644/3773/4491 5645/3774/4492 5642/3771/4489
f 5646/3775/4493 5645/3774/4492 5644/3773/4491
f 5646/3775/4493 5647/3776/4494 5645/3774/4492
f 5643/3772/4490 5648/3777/4495 5644/3773/4491
f 5646/3775/4493 5644/3773/4491 5648/3777/4495
f 5578/3736/4439 5579/3737/4440 5643/3772/4490
f 5648/3777/4495 5643/3772/4490 5579/3737/4440
f 5649/3778/4418 5647/3776/4494 5646/3775/4493
f 5649/3778/4418 5650/3779/4496 5647/3776/4494
f 5648/3777/4495 5651/3780/4497 5646/3775/4493
f 5649/3778/4418 5646/3775/4493 5651/3780/4497
f 5651/3780/4497 5648/3777/4495 5581/3739/4442
f 5579/3737/4440 5581/3739/4442 5648/3777/4495
f 5651/3780/4497 5623/3781/4471 5649/3778/4418
f 5581/3739/4442 5584/3742/4445 5651/3780/4497
f 5623/3781/4471 5651/3780/4497 5584/3742/4445
f 5654/4017/4498 5652/4018/4499 5653/4019/3916
f 5653/4019/3916 5655/4020/4500 5654/4017/4498
f 5656/4021/4501 5654/4017/4498 5655/4020/4500
f 5655/4020/4500 5657/4022/3917 5656/4021/4501
f 5658/4023/4502 5656/4021/4501 5657/4022/3917
f 5657/4022/3917 5659/4024/3914 5658/4023/4502
f 5660/4025/4503 5658/4023/4502 5659/4024/3914
f 5659/4024/3914 5661/4026/3915 5660/4025/4503
f 5662/4027/4504 5660/4025/4503 5661/4026/3915
f 5661/4026/3915 5663/4028/4505 5662/4027/4504
f 5664/4029/4243 5662/4027/4504 5663/4028/4505
f 5663/4028/4505 5665/4030/3924 5664/4029/4243
f 5666/4031/4506 5664/4029/4243 5665/4030/3924
f 5665/4030/3924 5667/4032/4507 5666/4031/4506
f 5668/4033/4242 5666/4031/4506 5667/4032/4507
f 5667/4032/4507 5669/4034/3921 5668/4033/4242
f 5672/4035/4508 5670/4036/4509 5671/4037/4510
f 5671/4037/4510 5673/4038/4511 5672/4035/4508
f 5673/4038/4511 5671/4037/4510 5674/4039/4512
f 5674/4039/4512 5675/4040/4513 5673/4038/4511
f 5676/4041/4514 5675/4040/4513 5674/4039/4512
f 5674/4039/4512 5677/4042/4515 5676/4041/4514
f 5678/4043/4516 5676/4041/4514 5677/4042/4515
f 5677/4042/4515 5679/4044/4517 5678/4043/4516
f 5680/4045/4518 5678/4043/4516 5679/4044/4517
f 5679/4044/4517 5681/4046/4519 5680/4045/4518
f 5684/4047/4520 5686/4048/4521 5685/4049/4522
f 5687/4050/4523 5685/4049/4522 5686/4048/4521
f 5686/4048/4521 5688/4051/4524 5687/4050/4523
f 5689/4052/4525 5687/4050/4523 5688/4051/4524
f 5688/4051/4524 5690/4053/4526 5689/4052/4525
f 5694/4054/4527 5692/4055/4528 5693/4056/4529
f 5694/4054/4527 5695/4057/4530 5692/4055/4528
f 5696/4058/4531 5695/4057/4530 5694/4054/4527
f 5696/4058/4531 5697/4059/4532 5695/4057/4530
f 5698/4060/4533 5697/4059/4532 5696/4058/4531
f 5698/4060/4533 5699/4061/4534 5697/4059/4532
f 5700/4062/1850 5699/4061/4534 5698/4060/4533
f 5700/4062/1850 5701/4063/4535 5699/4061/4534
f 5702/4064/4536 5701/4063/4535 5700/4062/1850
f 5700/4062/1850 5703/4065/4537 5702/4064/4536
f 5699/4061/4534 5701/4063/4535 5704/4066/4538
f 5702/4064/4536 5704/4066/4538 5701/4063/4535
f 5697/4059/4532 5699/4061/4534 5705/4067/4539
f 5704/4066/4538 5705/4067/4539 5699/4061/4534
f 5706/4068/4540 5702/4064/4536 5703/4065/4537
f 5703/4065/4537 5707/4069/4541 5706/4068/4540
f 5704/4066/4538 5702/4064/4536 5708/4070/4542
f 5706/4068/4540 5708/4070/4542 5702/4064/4536
f 5705/4067/4539 5704/4066/4538 5709/4071/4543
f 5708/4070/4542 5709/4071/4543 5704/4066/4538
f 5705/4067/4539 5710/4072/4544 5697/4059/4532
f 5695/4057/4530 5697/4059/4532 5710/4072/4544
f 5709/4071/4543 5685/4049/4522 5705/4067/4539
f 5710/4072/4544 5705/4067/4539 5685/4049/4522
f 5710/4072/4544 5711/4073/4545 5695/4057/4530
f 5692/4055/4528 5695/4057/4530 5711/4073/4545
f 5685/4049/4522 5687/4050/4523 5710/4072/4544
f 5711/4073/4545 5710/4072/4544 5687/4050/4523
f 5711/4073/4545 5712/4074/4546 5692/4055/4528
f 5687/4050/4523 5689/4052/4525 5711/4073/4545
f 5712/4074/4546 5711/4073/4545 5689/4052/4525
f 5689/4052/4525 5691/4075/4547 5712/4074/4546
f 5717/4076/4548 5716/4077/4549 5715/4078/4550
f 5715/4078/4550 5718/4079/4551 5717/4076/4548
f 5707/4069/4541 5717/4076/4548 5718/4079/4551
f 5718/4079/4551 5706/4068/4540 5707/4069/4541
f 5715/4078/4550 5719/4080/4552 5718/4079/4551
f 5719/4080/4552 5715/4078/4550 5714/4081/4553
f 5718/4079/4551 5720/4082/4554 5706/4068/4540
f 5720/4082/4554 5718/4079/4551 5719/4080/4552
f 5708/4070/4542 5706/4068/4540 5720/4082/4554
f 5714/4081/4553 5721/4083/4555 5719/4080/4552
f 5721/4083/4555 5714/4081/4553 5713/4084/4556
f 5719/4080/4552 5722/4085/4557 5720/4082/4554
f 5722/4085/4557 5719/4080/4552 5721/4083/4555
f 5720/4082/4554 5723/4086/4558 5708/4070/4542
f 5723/4086/4558 5720/4082/4554 5722/4085/4557
f 5709/4071/4543 5708/4070/4542 5723/4086/4558
f 5721/4083/4555 5725/4087/4559 5722/4085/4557
f 5725/4087/4559 5721/4083/4555 5724/4088/4560
f 5722/4085/4557 5726/4089/4561 5723/4086/4558
f 5726/4089/4561 5722/4085/4557 5725/4087/4559
f 5723/4086/4558 5684/4047/4520 5709/4071/4543
f 5684/4047/4520 5723/4086/4558 5726/4089/4561
f 5685/4049/4522 5709/4071/4543 5684/4047/4520
f 5680/4045/4518 5682/4090/4562 5727/4091/4563
f 5732/4092/4564 5730/4093/4565 5729/4094/4566
f 5729/4094/4566 5733/4095/4567 5732/4092/4564
f 5734/4096/4568 5732/4092/4564 5733/4095/4567
f 5735/4097/4569 5729/4094/4566 5731/4098/4570
f 5735/4097/4569 5733/4095/4567 5729/4094/4566
f 5736/4099/4571 5731/4098/4570 5728/4100/4572
f 5736/4099/4571 5735/4097/4569 5731/4098/4570
f 5733/4095/4567 5737/4101/4573 5734/4096/4568
f 5738/4102/4574 5734/4096/4568 5737/4101/4573
f 5733/4095/4567 5735/4097/4569 5739/4103/4575
f 5739/4103/4575 5737/4101/4573 5733/4095/4567
f 5735/4097/4569 5736/4099/4571 5672/4035/4508
f 5672/4035/4508 5739/4103/4575 5735/4097/4569
f 5736/4099/4571 5683/4104/4576 5670/4036/4509
f 5670/4036/4509 5672/4035/4508 5736/4099/4571
f 5737/4101/4573 5740/4105/4577 5738/4102/4574
f 5741/4106/1797 5738/4102/4574 5740/4105/4577
f 5737/4101/4573 5739/4103/4575 5742/4107/4578
f 5742/4107/4578 5740/4105/4577 5737/4101/4573
f 5740/4105/4577 5743/4108/4579 5741/4106/1797
f 5673/4038/4511 5742/4107/4578 5739/4103/4575
f 5739/4103/4575 5672/4035/4508 5673/4038/4511
f 5740/4105/4577 5742/4107/4578 5744/4109/4580
f 5744/4109/4580 5743/4108/4579 5740/4105/4577
f 5745/4110/4581 5741/4106/1797 5743/4108/4579
f 5745/4110/4581 5743/4108/4579 5744/4109/4580
f 5745/4110/4581 5746/4111/4582 5741/4106/1797
f 5675/4040/4513 5744/4109/4580 5742/4107/4578
f 5742/4107/4578 5673/4038/4511 5675/4040/4513
f 5744/4109/4580 5747/4112/4583 5745/4110/4581
f 5747/4112/4583 5744/4109/4580 5675/4040/4513
f 5748/4113/4584 5746/4111/4582 5745/4110/4581
f 5748/4113/4584 5745/4110/4581 5747/4112/4583
f 5748/4113/4584 5749/4114/4585 5746/4111/4582
f 5750/4115/4586 5749/4114/4585 5748/4113/4584
f 5750/4115/4586 5751/4116/4587 5749/4114/4585
f 5747/4112/4583 5752/4117/4588 5748/4113/4584
f 5750/4115/4586 5748/4113/4584 5752/4117/4588
f 5675/4040/4513 5676/4041/4514 5747/4112/4583
f 5752/4117/4588 5747/4112/4583 5676/4041/4514
f 5753/4118/4589 5751/4116/4587 5750/4115/4586
f 5753/4118/4589 5754/4119/4590 5751/4116/4587
f 5752/4117/4588 5755/4120/4591 5750/4115/4586
f 5753/4118/4589 5750/4115/4586 5755/4120/4591
f 5755/4120/4591 5752/4117/4588 5678/4043/4516
f 5676/4041/4514 5678/4043/4516 5752/4117/4588
f 5755/4120/4591 5727/4091/4563 5753/4118/4589
f 5678/4043/4516 5680/4045/4518 5755/4120/4591
f 5727/4091/4563 5755/4120/4591 5680/4045/4518
f 5758/4121/4592 5756/4122/4593 5757/4123/4594
f 5757/4123/4594 5759/4124/4595 5758/4121/4592
f 5760/4125/4596 5758/4121/4592 5759/4124/4595
f 5759/4124/4595 5761/4126/4597 5760/4125/4596
f 5762/4127/4598 5760/4125/4596 5761/4126/4597
f 5761/4126/4597 5763/4128/4599 5762/4127/4598
f 5764/4129/4600 5762/4127/4598 5763/4128/4599
f 5763/4128/4599 5765/4130/4601 5764/4129/4600
f 5766/4131/4602 5764/4129/4600 5765/4130/4601
f 5765/4130/4601 5767/4132/4603 5766/4131/4602
f 5768/4133/4604 5766/4131/4602 5767/4132/4603
f 5767/4132/4603 5769/4134/4605 5768/4133/4604
f 5770/4135/4606 5768/4133/4604 5769/4134/4605
f 5769/4134/4605 5771/4136/4607 5770/4135/4606
f 5772/4137/4608 5770/4135/4606 5771/4136/4607
f 5771/4136/4607 5773/4138/4609 5772/4137/4608
f 5776/4139/4610 5777/4140/4611 5775/4141/4612
f 5777/4140/4611 5776/4139/4610 5778/4142/4613
f 5779/4143/4614 5781/4144/4615 5780/4145/4616
f 5781/4144/4615 5779/4143/4614 5782/4146/4617
f 5782/4146/4617 5783/4147/4618 5781/4144/4615
f 5791/4148/4619 5789/4149/4620 5790/4150/4621
f 5790/4150/4621 5792/4151/4576 5791/4148/4619
f 5795/4152/4622 5793/4153/4623 5794/4154/4526
f 5794/4154/4526 5796/4155/4624 5795/4152/4622
f 5796/4155/4624 5794/4154/4526 5797/4156/4625
f 5797/4156/4625 5798/4157/4626 5796/4155/4624
f 5803/4158/4627 5805/4159/4628 5804/4160/4629
f 5804/4160/4629 5806/4161/4630 5803/4158/4627
f 5807/4162/4631 5803/4158/4627 5806/4161/4630
f 5806/4161/4630 5808/4163/4632 5807/4162/4631
f 5809/4164/4633 5807/4162/4631 5808/4163/4632
f 5808/4163/4632 5810/4165/4634 5809/4164/4633
f 5809/4164/4633 5810/4165/4634 5811/4166/4635
f 5806/4161/4630 5804/4160/4629 5812/4167/4636
f 5812/4167/4636 5813/4168/4637 5806/4161/4630
f 5808/4163/4632 5806/4161/4630 5813/4168/4637
f 5813/4168/4637 5812/4167/4636 5795/4152/4622
f 5813/4168/4637 5814/4169/4638 5808/4163/4632
f 5810/4165/4634 5808/4163/4632 5814/4169/4638
f 5795/4152/4622 5815/4170/4639 5813/4168/4637
f 5814/4169/4638 5813/4168/4637 5815/4170/4639
f 5814/4169/4638 5816/4171/4640 5810/4165/4634
f 5810/4165/4634 5816/4171/4640 5817/4166/4635
f 5815/4170/4639 5818/4172/4641 5814/4169/4638
f 5816/4171/4640 5814/4169/4638 5818/4172/4641
f 5815/4170/4639 5795/4152/4622 5796/4155/4624
f 5818/4172/4641 5819/4173/4642 5816/4171/4640
f 5816/4171/4640 5819/4173/4642 5820/4166/4635
f 5818/4172/4641 5815/4170/4639 5821/4174/4643
f 5796/4155/4624 5821/4174/4643 5815/4170/4639
f 5819/4173/4642 5818/4172/4641 5822/4175/4644
f 5821/4174/4643 5822/4175/4644 5818/4172/4641
f 5822/4175/4644 5823/4176/4645 5819/4173/4642
f 5819/4173/4642 5823/4176/4645 5824/4166/4635
f 5822/4175/4644 5821/4174/4643 5825/4177/4646
f 5821/4174/4643 5796/4155/4624 5798/4157/4626
f 5798/4157/4626 5825/4177/4646 5821/4174/4643
f 5822/4175/4644 5826/4178/4647 5823/4176/4645
f 5825/4177/4646 5826/4178/4647 5822/4175/4644
f 5827/4179/4648 5823/4176/4645 5826/4178/4647
f 5823/4176/4645 5827/4179/4648 5828/4166/4635
f 5826/4178/4647 5825/4177/4646 5829/4180/4649
f 5825/4177/4646 5798/4157/4626 5799/4181/4650
f 5799/4181/4650 5829/4180/4649 5825/4177/4646
f 5827/4179/4648 5826/4178/4647 5830/4182/4651
f 5829/4180/4649 5830/4182/4651 5826/4178/4647
f 5830/4182/4651 5831/4183/4652 5827/4179/4648
f 5827/4179/4648 5831/4183/4652 5832/4166/4635
f 5830/4182/4651 5829/4180/4649 5833/4184/4653
f 5829/4180/4649 5799/4181/4650 5800/4185/2088
f 5800/4185/2088 5833/4184/4653 5829/4180/4649
f 5831/4183/4652 5830/4182/4651 5834/4186/4654
f 5833/4184/4653 5834/4186/4654 5830/4182/4651
f 5834/4186/4654 5835/4187/4655 5831/4183/4652
f 5831/4183/4652 5835/4187/4655 5836/4166/4635
f 5834/4186/4654 5833/4184/4653 5837/4188/4656
f 5833/4184/4653 5800/4185/2088 5801/4189/4657
f 5801/4189/4657 5837/4188/4656 5833/4184/4653
f 5835/4187/4655 5834/4186/4654 5838/4190/4658
f 5837/4188/4656 5838/4190/4658 5834/4186/4654
f 5838/4190/4658 5839/4191/4659 5835/4187/4655
f 5835/4187/4655 5839/4191/4659 5840/4166/4635
f 5838/4190/4658 5841/4192/4660 5839/4191/4659
f 5839/4191/4659 5841/4192/4660 5842/4166/4635
f 5837/4188/4656 5843/4193/4661 5838/4190/4658
f 5843/4193/4661 5841/4192/4660 5838/4190/4658
f 5801/4189/4657 5844/4194/4662 5837/4188/4656
f 5844/4194/4662 5843/4193/4661 5837/4188/4656
f 5843/4193/4661 5845/4195/4663 5841/4192/4660
f 5841/4192/4660 5845/4195/4663 5846/4166/4635
f 5844/4194/4662 5847/4196/4664 5843/4193/4661
f 5845/4195/4663 5843/4193/4661 5847/4196/4664
f 5802/4197/2076 5844/4194/4662 5801/4189/4657
f 5847/4196/4664 5848/4198/4665 5845/4195/4663
f 5845/4195/4663 5848/4198/4665 5849/4166/4635
f 5847/4196/4664 5844/4194/4662 5850/4199/4666
f 5802/4197/2076 5850/4199/4666 5844/4194/4662
f 5848/4198/4665 5847/4196/4664 5851/4200/4667
f 5850/4199/4666 5851/4200/4667 5847/4196/4664
f 5851/4200/4667 5852/4201/4668 5848/4198/4665
f 5848/4198/4665 5852/4201/4668 5853/4166/4635
f 5851/4200/4667 5850/4199/4666 5854/4202/4669
f 5774/4203/4670 5850/4199/4666 5802/4197/2076
f 5774/4203/4670 5854/4202/4669 5850/4199/4666
f 5852/4201/4668 5851/4200/4667 5855/4204/4671
f 5854/4202/4669 5855/4204/4671 5851/4200/4667
f 5855/4204/4671 5856/4205/4672 5852/4201/4668
f 5852/4201/4668 5856/4205/4672 5857/4166/4635
f 5855/4204/4671 5854/4202/4669 5858/4206/4673
f 5854/4202/4669 5774/4203/4670 5775/4141/4612
f 5775/4141/4612 5858/4206/4673 5854/4202/4669
f 5856/4205/4672 5855/4204/4671 5859/4207/4674
f 5858/4206/4673 5859/4207/4674 5855/4204/4671
f 5859/4207/4674 5860/4208/4675 5856/4205/4672
f 5856/4205/4672 5860/4208/4675 5861/4166/4635
f 5859/4207/4674 5858/4206/4673 5862/4209/4676
f 5858/4206/4673 5775/4141/4612 5777/4140/4611
f 5777/4140/4611 5862/4209/4676 5858/4206/4673
f 5860/4208/4675 5859/4207/4674 5863/4210/4677
f 5862/4209/4676 5863/4210/4677 5859/4207/4674
f 5863/4210/4677 5864/4211/4678 5860/4208/4675
f 5860/4208/4675 5864/4211/4678 5865/4166/4635
f 5863/4210/4677 5862/4209/4676 5866/4212/4679
f 5862/4209/4676 5777/4140/4611 5867/4213/4680
f 5867/4213/4680 5866/4212/4679 5862/4209/4676
f 5864/4211/4678 5863/4210/4677 5868/4214/4681
f 5866/4212/4679 5868/4214/4681 5863/4210/4677
f 5868/4214/4681 5869/4215/4682 5864/4211/4678
f 5864/4211/4678 5869/4215/4682 5870/4166/4635
f 5869/4215/4682 5868/4214/4681 5871/4216/4683
f 5872/4217/4684 5871/4216/4683 5868/4214/4681
f 5868/4214/4681 5866/4212/4679 5872/4217/4684
f 5871/4216/4683 5872/4217/4684 5873/4218/4685
f 5874/4219/4686 5873/4218/4685 5872/4217/4684
f 5873/4218/4685 5874/4219/4686 5875/4220/4687
f 5876/4221/4688 5872/4217/4684 5866/4212/4679
f 5866/4212/4679 5867/4213/4680 5876/4221/4688
f 5872/4217/4684 5876/4221/4688 5874/4219/4686
f 5867/4213/4680 5778/4142/4613 5877/4222/4689
f 5778/4142/4613 5867/4213/4680 5777/4140/4611
f 5780/4145/4616 5880/4223/4690 5779/4143/4614
f 5878/4224/4691 5882/4225/4692 5881/4226/4693
f 5881/4226/4693 5883/4227/4694 5878/4224/4691
f 5884/4228/4695 5881/4226/4693 5882/4225/4692
f 5882/4225/4692 5885/4229/4696 5884/4228/4695
f 5886/4230/4697 5884/4228/4695 5885/4229/4696
f 5882/4225/4692 5878/4224/4691 5879/4231/4698
f 5885/4229/4696 5887/4232/4699 5886/4230/4697
f 5886/4230/4697 5887/4232/4699 5888/4233/4700
f 5885/4229/4696 5882/4225/4692 5889/4234/4701
f 5879/4231/4698 5889/4234/4701 5882/4225/4692
f 5887/4232/4699 5885/4229/4696 5890/4235/4702
f 5889/4234/4701 5890/4235/4702 5885/4229/4696
f 5890/4235/4702 5891/4236/4703 5887/4232/4699
f 5887/4232/4699 5891/4236/4703 5892/4233/4700
f 5890/4235/4702 5889/4234/4701 5893/4237/4704
f 5889/4234/4701 5879/4231/4698 5780/4145/4616
f 5780/4145/4616 5893/4237/4704 5889/4234/4701
f 5890/4235/4702 5894/4238/4705 5891/4236/4703
f 5893/4237/4704 5894/4238/4705 5890/4235/4702
f 5895/4239/4706 5891/4236/4703 5894/4238/4705
f 5891/4236/4703 5895/4239/4706 5896/4233/4700
f 5894/4238/4705 5893/4237/4704 5897/4240/4707
f 5893/4237/4704 5780/4145/4616 5781/4144/4615
f 5781/4144/4615 5897/4240/4707 5893/4237/4704
f 5894/4238/4705 5898/4241/4708 5895/4239/4706
f 5897/4240/4707 5898/4241/4708 5894/4238/4705
f 5899/4242/4709 5895/4239/4706 5898/4241/4708
f 5895/4239/4706 5899/4242/4709 5900/4233/4700
f 5898/4241/4708 5897/4240/4707 5901/4243/4710
f 5897/4240/4707 5781/4144/4615 5783/4147/4618
f 5783/4147/4618 5901/4243/4710 5897/4240/4707
f 5899/4242/4709 5898/4241/4708 5902/4244/4711
f 5901/4243/4710 5902/4244/4711 5898/4241/4708
f 5902/4244/4711 5903/4245/4712 5899/4242/4709
f 5899/4242/4709 5903/4245/4712 5904/4233/4700
f 5902/4244/4711 5901/4243/4710 5905/4246/4713
f 5901/4243/4710 5783/4147/4618 5784/4247/4714
f 5784/4247/4714 5905/4246/4713 5901/4243/4710
f 5903/4245/4712 5902/4244/4711 5906/4248/4715
f 5905/4246/4713 5906/4248/4715 5902/4244/4711
f 5906/4248/4715 5907/4249/4716 5903/4245/4712
f 5903/4245/4712 5907/4249/4716 5908/4233/4700
f 5906/4248/4715 5905/4246/4713 5909/4250/4717
f 5905/4246/4713 5784/4247/4714 5785/4251/2443
f 5785/4251/2443 5909/4250/4717 5905/4246/4713
f 5907/4249/4716 5906/4248/4715 5910/4252/4718
f 5909/4250/4717 5910/4252/4718 5906/4248/4715
f 5910/4252/4718 5911/4253/4719 5907/4249/4716
f 5907/4249/4716 5911/4253/4719 5912/4233/4700
f 5910/4252/4718 5909/4250/4717 5913/4254/4720
f 5909/4250/4717 5785/4251/2443 5786/4255/4721
f 5786/4255/4721 5913/4254/4720 5909/4250/4717
f 5911/4253/4719 5910/4252/4718 5914/4256/4722
f 5913/4254/4720 5914/4256/4722 5910/4252/4718
f 5914/4256/4722 5915/4257/4723 5911/4253/4719
f 5911/4253/4719 5915/4257/4723 5916/4233/4700
f 5917/4258/4724 5915/4257/4723 5914/4256/4722
f 5915/4257/4723 5917/4258/4724 5918/4233/4700
f 5919/4259/4725 5914/4256/4722 5913/4254/4720
f 5914/4256/4722 5919/4259/4725 5917/4258/4724
f 5920/4260/4726 5913/4254/4720 5786/4255/4721
f 5913/4254/4720 5920/4260/4726 5919/4259/4725
f 5919/4259/4725 5921/4261/4727 5917/4258/4724
f 5917/4258/4724 5921/4261/4727 5922/4233/4700
f 5923/4262/4728 5919/4259/4725 5920/4260/4726
f 5919/4259/4725 5923/4262/4728 5921/4261/4727
f 5786/4255/4721 5787/4263/4729 5920/4260/4726
f 5923/4262/4728 5924/4264/4730 5921/4261/4727
f 5921/4261/4727 5924/4264/4730 5925/4233/4700
f 5920/4260/4726 5926/4265/4731 5923/4262/4728
f 5926/4265/4731 5920/4260/4726 5787/4263/4729
f 5924/4264/4730 5923/4262/4728 5927/4266/4732
f 5926/4265/4731 5927/4266/4732 5923/4262/4728
f 5927/4266/4732 5928/4267/4733 5924/4264/4730
f 5924/4264/4730 5928/4267/4733 5929/4233/4700
f 5926/4265/4731 5930/4268/4734 5927/4266/4732
f 5787/4263/4729 5788/4269/4735 5926/4265/4731
f 5930/4268/4734 5926/4265/4731 5788/4269/4735
f 5928/4267/4733 5927/4266/4732 5931/4270/4736
f 5930/4268/4734 5931/4270/4736 5927/4266/4732
f 5931/4270/4736 5932/4271/4737 5928/4267/4733
f 5928/4267/4733 5932/4271/4737 5933/4233/4700
f 5930/4268/4734 5934/4272/4738 5931/4270/4736
f 5788/4269/4735 5789/4149/4620 5930/4268/4734
f 5789/4149/4620 5934/4272/4738 5930/4268/4734
f 5932/4271/4737 5931/4270/4736 5935/4273/4739
f 5934/4272/4738 5935/4273/4739 5931/4270/4736
f 5935/4273/4739 5936/4274/4740 5932/4271/4737
f 5932/4271/4737 5936/4274/4740 5937/4233/4700
f 5935/4273/4739 5934/4272/4738 5938/4275/4741
f 5789/4149/4620 5791/4148/4619 5934/4272/4738
f 5791/4148/4619 5938/4275/4741 5934/4272/4738
f 5936/4274/4740 5935/4273/4739 5939/4276/4742
f 5938/4275/4741 5939/4276/4742 5935/4273/4739
f 5940/4277/4743 5936/4274/4740 5939/4276/4742
f 5936/4274/4740 5940/4277/4743 5941/4233/4700
f 5939/4276/4742 5938/4275/4741 5942/4278/4744
f 5791/4148/4619 5943/4279/4745 5938/4275/4741
f 5943/4279/4745 5942/4278/4744 5938/4275/4741
f 5940/4277/4743 5939/4276/4742 5944/4280/4746
f 5944/4280/4746 5939/4276/4742 5942/4278/4744
f 5945/4281/4747 5940/4277/4743 5944/4280/4746
f 5940/4277/4743 5945/4281/4747 5946/4233/4700
f 5944/4280/4746 5947/4282/4748 5945/4281/4747
f 5947/4282/4748 5944/4280/4746 5948/4283/4749
f 5944/4280/4746 5942/4278/4744 5948/4283/4749
f 5948/4283/4749 5949/4284/4750 5947/4282/4748
f 5949/4284/4750 5948/4283/4749 5950/4285/4751
f 5950/4285/4751 5951/4286/4565 5949/4284/4750
f 5952/4287/4752 5948/4283/4749 5942/4278/4744
f 5948/4283/4749 5952/4287/4752 5950/4285/4751
f 5942/4278/4744 5943/4279/4745 5952/4287/4752
f 5792/4151/4576 5953/4288/4753 5943/4279/4745
f 5792/4151/4576 5943/4279/4745 5791/4148/4619
f 5954/4289/4754 5956/4290/4755 5955/4291/4756
f 5955/4291/4756 5957/4292/4757 5954/4289/4754
f 5958/4293/4758 5954/4289/4754 5957/4292/4757
f 5957/4292/4757 5959/4294/4759 5958/4293/4758
f 5960/4295/4760 5958/4293/4758 5959/4294/4759
f 5959/4294/4759 5961/4296/4761 5960/4295/4760
f 5962/4297/4762 5960/4295/4760 5961/4296/4761
f 5961/4296/4761 5963/4298/4763 5962/4297/4762
f 5966/4299/4764 5964/4300/4608 5965/4301/4609
f 5965/4301/4609 5967/4302/4765 5966/4299/4764
f 5968/4303/4766 5966/4299/4764 5967/4302/4765
f 5967/4302/4765 5969/4304/4767 5968/4303/4766
f 5970/4305/4768 5968/4303/4766 5969/4304/4767
f 5969/4304/4767 5971/4306/4769 5970/4305/4768
f 5972/4290/4755 5970/4305/4768 5971/4306/4769
f 5971/4306/4769 5973/4291/4756 5972/4290/4755
f 5974/4307/4770 5976/4308/4670 5975/4309/4771
f 5977/4310/4772 5974/4307/4770 5975/4309/4771
f 5974/4307/4770 5978/4311/4773 5976/4308/4670
f 5979/4312/2049 5981/4313/2044 5980/4314/4774
f 5980/4314/4774 5982/4315/4775 5979/4312/2049
f 5983/4316/4776 5977/4310/4772 5981/4313/2044
f 5979/4312/2049 5983/4316/4776 5981/4313/2044
f 5984/4317/4777 5974/4307/4770 5977/4310/4772
f 5983/4316/4776 5984/4317/4777 5977/4310/4772
f 5978/4311/4773 5974/4307/4770 5985/4318/4778
f 5984/4317/4777 5985/4318/4778 5974/4307/4770
f 5987/4319/4779 5986/4320/4613 5985/4318/4778
f 5987/4319/4779 5985/4318/4778 5984/4317/4777
f 5986/4320/4613 5987/4319/4779 5988/4321/4780
f 5989/4322/4781 5984/4317/4777 5983/4316/4776
f 5989/4322/4781 5987/4319/4779 5984/4317/4777
f 5990/4323/4782 5989/4322/4781 5983/4316/4776
f 5990/4323/4782 5983/4316/4776 5979/4312/2049
f 5991/4324/4783 5987/4319/4779 5989/4322/4781
f 5991/4324/4783 5988/4321/4780 5987/4319/4779
f 5992/4325/2104 5989/4322/4781 5990/4323/4782
f 5992/4325/2104 5991/4324/4783 5989/4322/4781
f 5993/4326/4784 5990/4323/4782 5979/4312/2049
f 5994/4327/2108 5992/4325/2104 5990/4323/4782
f 5990/4323/4782 5993/4326/4784 5994/4327/2108
f 5995/4328/4785 5988/4321/4780 5991/4324/4783
f 5996/4329/4786 5995/4328/4785 5991/4324/4783
f 5996/4329/4786 5991/4324/4783 5992/4325/2104
f 5997/4330/4787 5995/4328/4785 5996/4329/4786
f 5998/4331/4788 5997/4330/4787 5996/4329/4786
f 5999/4332/4789 5996/4329/4786 5992/4325/2104
f 5996/4329/4786 5999/4332/4789 5998/4331/4788
f 5992/4325/2104 5994/4327/2108 5999/4332/4789
f 6000/4333/4790 5998/4331/4788 5999/4332/4789
f 5999/4332/4789 6002/4334/4791 6000/4333/4790
f 6002/4334/4791 5999/4332/4789 5994/4327/2108
f 6001/4335/4792 6000/4333/4790 6002/4334/4791
f 5994/4327/2108 6003/4336/4793 6002/4334/4791
f 6002/4334/4791 6004/4337/4794 6001/4335/4792
f 6004/4337/4794 6002/4334/4791 6003/4336/4793
f 6003/4336/4793 5994/4327/2108 5993/4326/4784
f 6005/4338/4795 6004/4337/4794 6006/4339/4796
f 6003/4336/4793 6006/4339/4796 6004/4337/4794
f 6006/4339/4796 6007/4340/4797 6005/4338/4795
f 5993/4326/4784 6008/4341/4798 6003/4336/4793
f 6006/4339/4796 6003/4336/4793 6008/4341/4798
f 6007/4340/4797 6006/4339/4796 6009/4342/4799
f 6008/4341/4798 6009/4342/4799 6006/4339/4796
f 6009/4342/4799 6010/4343/4800 6007/4340/4797
f 6008/4341/4798 5993/4326/4784 6011/4344/2111
f 5979/4312/2049 6011/4344/2111 5993/4326/4784
f 6009/4342/4799 6008/4341/4798 6012/4345/4801
f 6011/4344/2111 6012/4345/4801 6008/4341/4798
f 6010/4343/4800 6009/4342/4799 6013/4346/4802
f 6012/4345/4801 6013/4346/4802 6009/4342/4799
f 6013/4346/4802 6014/4347/4803 6010/4343/4800
f 6014/4347/4803 6013/4346/4802 6015/4348/4804
f 6015/4348/4804 6013/4346/4802 6016/4349/4805
f 6013/4346/4802 6012/4345/4801 6016/4349/4805
f 6015/4348/4804 6016/4349/4805 6017/4350/4806
f 6012/4345/4801 6011/4344/2111 6018/4351/4807
f 6016/4349/4805 6012/4345/4801 6018/4351/4807
f 6017/4350/4806 6016/4349/4805 6019/4352/4808
f 6016/4349/4805 6018/4351/4807 6019/4352/4808
f 6019/4352/4808 6020/4353/4809 6017/4350/4806
f 6020/4353/4809 6019/4352/4808 6021/4354/4810
f 6019/4352/4808 6022/4355/4811 6021/4354/4810
f 6019/4352/4808 6018/4351/4807 6022/4355/4811
f 6021/4354/4810 6022/4355/4811 6023/4356/4812
f 6022/4355/4811 6024/4357/4813 6023/4356/4812
f 6018/4351/4807 6025/4358/4814 6022/4355/4811
f 6022/4355/4811 6025/4358/4814 6024/4357/4813
f 6018/4351/4807 6011/4344/2111 6025/4358/4814
f 6025/4358/4814 5982/4315/4775 6024/4357/4813
f 6011/4344/2111 5979/4312/2049 6025/4358/4814
f 6025/4358/4814 5979/4312/2049 5982/4315/4775
f 6027/4359/4815 6026/4360/4520 6028/4361/4816
f 6028/4361/4816 6030/4362/4817 6027/4359/4815
f 6029/4363/4818 6027/4359/4815 6030/4362/4817
f 6031/4364/4819 6032/4365/2070 6028/4361/4816
f 6030/4362/4817 6028/4361/4816 6032/4365/2070
f 6024/4357/4813 6032/4365/2070 6031/4364/4819
f 6023/4356/4812 6024/4357/4813 6031/4364/4819
f 6033/4366/4526 6029/4363/4818 6034/4367/4820
f 6030/4362/4817 6034/4367/4820 6029/4363/4818
f 6034/4367/4820 6035/4368/4821 6033/4366/4526
f 6034/4367/4820 6030/4362/4817 6037/4369/2055
f 6032/4365/2070 6037/4369/2055 6030/4362/4817
f 6035/4368/4821 6034/4367/4820 6038/4370/4822
f 6037/4369/2055 6038/4370/4822 6034/4367/4820
f 6036/4371/4823 6035/4368/4821 6039/4372/4824
f 6038/4370/4822 6039/4372/4824 6035/4368/4821
f 6039/4372/4824 6040/4373/4650 6036/4371/4823
f 6037/4369/2055 6032/4365/2070 5982/4315/4775
f 6024/4357/4813 5982/4315/4775 6032/4365/2070
f 6038/4370/4822 6037/4369/2055 5980/4314/4774
f 5982/4315/4775 5980/4314/4774 6037/4369/2055
f 6039/4372/4824 6038/4370/4822 6041/4374/4825
f 5980/4314/4774 6041/4374/4825 6038/4370/4822
f 6040/4373/4650 6039/4372/4824 6042/4375/4826
f 6041/4374/4825 6042/4375/4826 6039/4372/4824
f 6042/4375/4826 6043/4376/4827 6040/4373/4650
f 6043/4376/4827 6042/4375/4826 6044/4377/4828
f 6044/4377/4828 6045/4378/4657 6043/4376/4827
f 6044/4377/4828 6046/4379/2035 6045/4378/4657
f 6047/4380/4829 6044/4377/4828 6042/4375/4826
f 6042/4375/4826 6041/4374/4825 6047/4380/4829
f 5975/4309/4771 6046/4379/2035 6044/4377/4828
f 6047/4380/4829 5975/4309/4771 6044/4377/4828
f 5975/4309/4771 5976/4308/4670 6046/4379/2035
f 5981/4313/2044 6047/4380/4829 6041/4374/4825
f 6041/4374/4825 5980/4314/4774 5981/4313/2044
f 5977/4310/4772 5975/4309/4771 6047/4380/4829
f 5981/4313/2044 5977/4310/4772 6047/4380/4829
f 6048/4381/4830 6050/4382/4831 6049/4383/4832
f 6049/4383/4832 6051/4384/4833 6048/4381/4830
f 6049/4383/4832 6052/4385/4834 6051/4384/4833
f 6053/4386/4835 6054/4387/4836 6049/4383/4832
f 6049/4383/4832 6050/4382/4831 6053/4386/4835
f 6048/4381/4830 6056/4388/4837 6055/4389/4838
f 6048/4381/4830 6055/4389/4838 6050/4382/4831
f 6055/4389/4838 6057/4390/4839 6050/4382/4831
f 6058/4391/4840 6057/4390/4839 6055/4389/4838
f 6055/4389/4838 6059/4392/4841 6058/4391/4840
f 6059/4392/4841 6060/4393/4842 6058/4391/4840
f 6058/4391/4840 6061/4394/4759 6057/4390/4839
f 6058/4391/4840 6062/4395/4843 6061/4394/4759
f 6057/4390/4839 6063/4396/4603 6050/4382/4831
f 6057/4390/4839 6065/4397/4844 6064/4398/4769
f 6063/4396/4603 6057/4390/4839 6064/4398/4769
f 6066/4399/4845 6067/4400/4846 6050/4382/4831
f 6066/4399/4845 6050/4382/4831 6063/4396/4603
f 6066/4399/4845 6063/4396/4603 6068/4401/4599
f 6063/4396/4603 6069/4402/4847 6068/4401/4599
f 6070/4403/4848 6066/4399/4845 6068/4401/4599
f 6068/4401/4599 6071/4404/4597 6070/4403/4848
f 6071/4404/4597 6072/4405/4595 6070/4403/4848
f 6070/4403/4848 6073/4406/4849 6066/4399/4845
f 6070/4403/4848 6074/4407/4850 6073/4406/4849
f 6075/4408/4851 6063/4396/4603 6064/4398/4769
f 6064/4398/4769 6076/4409/4852 6075/4408/4851
f 6076/4409/4852 6077/4410/4765 6075/4408/4851
f 6075/4408/4851 6078/4411/4605 6063/4396/4603
f 6075/4408/4851 6079/4412/4607 6078/4411/4605
f 6080/4413/4853 6023/4356/4812 6081/4414/4854
f 6023/4356/4812 6080/4413/4853 6021/4354/4810
f 6081/4414/4854 6031/4364/4819 6082/4415/4855
f 6031/4364/4819 6081/4414/4854 6023/4356/4812
f 6082/4415/4855 6028/4361/4816 6026/4360/4520
f 6031/4364/4819 6028/4361/4816 6082/4415/4855
f 6085/4037/4856 6086/4035/4857 6084/4036/4780
f 6086/4035/4857 6085/4037/4856 6087/4038/4858
f 6088/4039/4787 6087/4038/4858 6085/4037/4856
f 6087/4038/4858 6088/4039/4787 6089/4040/4859
f 6090/4041/4860 6089/4040/4859 6088/4039/4787
f 6088/4039/4787 6091/4042/4861 6090/4041/4860
f 6092/4043/4862 6090/4041/4860 6091/4042/4861
f 6091/4042/4861 6093/4044/4863 6092/4043/4862
f 6094/4045/4864 6092/4043/4862 6093/4044/4863
f 6093/4044/4863 6095/4046/4792 6094/4045/4864
f 6099/4085/4865 6098/4087/4866 6097/4089/4867
f 6100/4083/4868 6096/4088/4869 6098/4087/4866
f 6098/4087/4866 6099/4085/4865 6100/4083/4868
f 6103/4086/4870 6097/4089/4867 6104/4047/4871
f 6097/4089/4867 6103/4086/4870 6099/4085/4865
f 6111/4092/4872 6109/4093/4873 6108/4094/4874
f 6108/4094/4874 6112/4095/4875 6111/4092/4872
f 6113/4096/4876 6111/4092/4872 6112/4095/4875
f 6114/4097/4877 6108/4094/4874 6110/4098/4878
f 6108/4094/4874 6114/4097/4877 6112/4095/4875
f 6115/4099/4879 6110/4098/4878 6107/4100/4680
f 6110/4098/4878 6115/4099/4879 6114/4097/4877
f 6112/4095/4875 6116/4101/4880 6113/4096/4876
f 6117/4416/4881 6113/4096/4876 6116/4101/4880
f 6118/4103/4882 6112/4095/4875 6114/4097/4877
f 6112/4095/4875 6118/4103/4882 6116/4101/4880
f 6086/4035/4857 6114/4097/4877 6115/4099/4879
f 6114/4097/4877 6086/4035/4857 6118/4103/4882
f 6084/4036/4780 6115/4099/4879 6083/4104/4613
f 6115/4099/4879 6084/4036/4780 6086/4035/4857
f 6116/4101/4880 6119/4105/4883 6117/4416/4881
f 6120/4106/2165 6117/4416/4881 6119/4105/4883
f 6121/4107/4884 6116/4101/4880 6118/4103/4882
f 6116/4101/4880 6121/4107/4884 6119/4105/4883
f 6119/4105/4883 6122/4108/4885 6120/4106/2165
f 6118/4103/4882 6087/4038/4858 6121/4107/4884
f 6087/4038/4858 6118/4103/4882 6086/4035/4857
f 6123/4109/4886 6119/4105/4883 6121/4107/4884
f 6119/4105/4883 6123/4109/4886 6122/4108/4885
f 6120/4106/2165 6122/4108/4885 6124/4110/4887
f 6124/4110/4887 6122/4108/4885 6123/4109/4886
f 6120/4106/2165 6124/4110/4887 6125/4417/2163
f 6121/4107/4884 6089/4040/4859 6123/4109/4886
f 6089/4040/4859 6121/4107/4884 6087/4038/4858
f 6123/4109/4886 6126/4112/4888 6124/4110/4887
f 6126/4112/4888 6123/4109/4886 6089/4040/4859
f 6125/4417/2163 6124/4110/4887 6127/4113/4889
f 6127/4113/4889 6124/4110/4887 6126/4112/4888
f 6125/4417/2163 6127/4113/4889 6128/4114/4890
f 6128/4114/4890 6127/4113/4889 6129/4115/4891
f 6128/4114/4890 6129/4115/4891 6130/4116/4892
f 6126/4112/4888 6131/4117/4893 6127/4113/4889
f 6129/4115/4891 6127/4113/4889 6131/4117/4893
f 6089/4040/4859 6090/4041/4860 6126/4112/4888
f 6131/4117/4893 6126/4112/4888 6090/4041/4860
f 6130/4116/4892 6129/4115/4891 6132/4118/4894
f 6130/4116/4892 6132/4118/4894 6133/4119/4895
f 6131/4117/4893 6134/4120/4896 6129/4115/4891
f 6132/4118/4894 6129/4115/4891 6134/4120/4896
f 6134/4120/4896 6131/4117/4893 6092/4043/4862
f 6090/4041/4860 6092/4043/4862 6131/4117/4893
f 6134/4120/4896 6135/4091/4897 6132/4118/4894
f 6092/4043/4862 6094/4045/4864 6134/4120/4896
f 6135/4091/4897 6134/4120/4896 6094/4045/4864
f 6094/4045/4864 6136/4090/4898 6135/4091/4897
f 6141/4076/4899 6139/4077/4900 6138/4078/4901
f 6138/4078/4901 6142/4079/4902 6141/4076/4899
f 6143/4069/4903 6141/4076/4899 6142/4079/4902
f 6138/4078/4901 6140/4081/4904 6144/4080/4905
f 6138/4078/4901 6144/4080/4905 6142/4079/4902
f 6140/4081/4904 6137/4084/4906 6100/4083/4868
f 6140/4081/4904 6100/4083/4868 6144/4080/4905
f 6142/4079/4902 6145/4418/4907 6143/4069/4903
f 6146/4065/2200 6143/4069/4903 6145/4418/4907
f 6142/4079/4902 6144/4080/4905 6147/4082/4908
f 6147/4082/4908 6145/4418/4907 6142/4079/4902
f 6145/4418/4907 6148/4064/4909 6146/4065/2200
f 6099/4085/4865 6147/4082/4908 6144/4080/4905
f 6144/4080/4905 6100/4083/4868 6099/4085/4865
f 6145/4418/4907 6147/4082/4908 6149/4070/4910
f 6149/4070/4910 6148/4064/4909 6145/4418/4907
f 6150/4062/2196 6146/4065/2200 6148/4064/4909
f 6103/4086/4870 6149/4070/4910 6147/4082/4908
f 6147/4082/4908 6099/4085/4865 6103/4086/4870
f 6148/4064/4909 6151/4063/4911 6150/4062/2196
f 6148/4064/4909 6149/4070/4910 6152/4066/4912
f 6152/4066/4912 6151/4063/4911 6148/4064/4909
f 6153/4061/4913 6150/4062/2196 6151/4063/4911
f 6153/4061/4913 6151/4063/4911 6152/4066/4912
f 6153/4061/4913 6154/4060/4914 6150/4062/2196
f 6155/4071/4915 6152/4066/4912 6149/4070/4910
f 6149/4070/4910 6103/4086/4870 6155/4071/4915
f 6152/4066/4912 6156/4067/4916 6153/4061/4913
f 6156/4067/4916 6152/4066/4912 6155/4071/4915
f 6157/4419/4917 6154/4060/4914 6153/4061/4913
f 6157/4419/4917 6153/4061/4913 6156/4067/4916
f 6157/4419/4917 6158/4058/4918 6154/4060/4914
f 6159/4057/4919 6158/4058/4918 6157/4419/4917
f 6159/4057/4919 6160/4054/4920 6158/4058/4918
f 6161/4055/4921 6160/4054/4920 6159/4057/4919
f 6159/4057/4919 6157/4419/4917 6162/4072/4922
f 6156/4067/4916 6162/4072/4922 6157/4419/4917
f 6161/4055/4921 6159/4057/4919 6163/4073/4923
f 6162/4072/4922 6163/4073/4923 6159/4057/4919
f 6163/4073/4923 6164/4074/4698 6161/4055/4921
f 6162/4072/4922 6156/4067/4916 6165/4049/4924
f 6155/4071/4915 6165/4049/4924 6156/4067/4916
f 6163/4073/4923 6162/4072/4922 6166/4050/4925
f 6165/4049/4924 6166/4050/4925 6162/4072/4922
f 6164/4074/4698 6163/4073/4923 6167/4052/4926
f 6166/4050/4925 6167/4052/4926 6163/4073/4923
f 6167/4052/4926 6102/4075/4616 6164/4074/4698
f 6165/4049/4924 6155/4071/4915 6104/4047/4871
f 6104/4047/4871 6155/4071/4915 6103/4086/4870
f 6166/4050/4925 6165/4049/4924 6105/4048/4927
f 6104/4047/4871 6105/4048/4927 6165/4049/4924
f 6167/4052/4926 6166/4050/4925 6106/4051/4928
f 6105/4048/4927 6106/4051/4928 6166/4050/4925
f 6106/4051/4928 6101/4053/4614 6167/4052/4926
f 6161/4055/4921 6168/4056/4929 6160/4054/4920
f 6171/4136/4930 6169/4138/4762 6170/4137/4763
f 6170/4137/4763 6172/4135/4842 6171/4136/4930
f 6173/4420/4931 6171/4136/4930 6172/4135/4842
f 6172/4135/4842 6174/4421/4841 6173/4420/4931
f 6175/4132/4932 6173/4420/4931 6174/4421/4841
f 6174/4421/4841 6176/4131/4838 6175/4132/4932
f 6177/4130/4933 6175/4132/4932 6176/4131/4838
f 6176/4131/4838 6178/4129/4934 6177/4130/4933
f 6179/4128/4935 6177/4130/4933 6178/4129/4934
f 6178/4129/4934 6180/4127/4830 6179/4128/4935
f 6181/4422/4936 6179/4128/4935 6180/4127/4830
f 6180/4127/4830 6182/4423/4833 6181/4422/4936
f 6183/4124/4937 6181/4422/4936 6182/4423/4833
f 6182/4423/4833 6184/4121/4834 6183/4124/4937
f 6185/4123/4938 6183/4124/4937 6184/4121/4834
f 6184/4121/4834 6186/4122/4939 6185/4123/4938
f 6190/4424/4940 6188/4425/4792 6189/4426/4941
f 6189/4426/4941 6191/4427/4942 6190/4424/4940
f 6201/4428/4943 6199/4429/4944 6200/4430/4519
f 6200/4430/4519 6202/4431/4945 6201/4428/4943
f 6202/4431/4945 6200/4430/4519 6203/4432/4946
f 6203/4432/4946 6204/4433/4947 6202/4431/4945
f 6214/4434/4948 6213/4435/4949 6212/4436/4950
f 6212/4436/4950 6215/4437/4951 6214/4434/4948
f 6216/4438/4952 6214/4434/4948 6215/4437/4951
f 6215/4437/4951 6212/4436/4950 6217/4439/4953
f 6215/4437/4951 6218/4440/4954 6216/4438/4952
f 6219/4441/4955 6216/4438/4952 6218/4440/4954
f 6217/4439/4953 6220/4442/4956 6215/4437/4951
f 6218/4440/4954 6215/4437/4951 6220/4442/4956
f 6218/4440/4954 6221/4443/4957 6219/4441/4955
f 6222/4444/4958 6219/4441/4955 6221/4443/4957
f 6220/4442/4956 6223/4445/4959 6218/4440/4954
f 6221/4443/4957 6218/4440/4954 6223/4445/4959
f 6220/4442/4956 6217/4439/4953 6224/4446/4898
f 6223/4445/4959 6220/4442/4956 6225/4447/4960
f 6224/4446/4898 6225/4447/4960 6220/4442/4956
f 6223/4445/4959 6226/4448/4961 6221/4443/4957
f 6227/4444/4958 6221/4443/4957 6226/4448/4961
f 6225/4447/4960 6228/4449/4962 6223/4445/4959
f 6226/4448/4961 6223/4445/4959 6228/4449/4962
f 6228/4449/4962 6229/4450/4963 6226/4448/4961
f 6230/4444/4958 6226/4448/4961 6229/4450/4963
f 6228/4449/4962 6225/4447/4960 6231/4451/4964
f 6225/4447/4960 6224/4446/4898 6190/4424/4940
f 6190/4424/4940 6231/4451/4964 6225/4447/4960
f 6231/4451/4964 6232/4452/4965 6228/4449/4962
f 6228/4449/4962 6232/4452/4965 6229/4450/4963
f 6231/4451/4964 6190/4424/4940 6191/4427/4942
f 6188/4425/4792 6190/4424/4940 6224/4446/4898
f 6224/4446/4898 6187/4453/4864 6188/4425/4792
f 6233/4454/4966 6229/4450/4963 6232/4452/4965
f 6234/4444/4958 6229/4450/4963 6233/4454/4966
f 6232/4452/4965 6231/4451/4964 6235/4455/4967
f 6191/4427/4942 6235/4455/4967 6231/4451/4964
f 6233/4454/4966 6232/4452/4965 6236/4456/4968
f 6235/4455/4967 6236/4456/4968 6232/4452/4965
f 6236/4456/4968 6237/4457/4969 6233/4454/4966
f 6238/4444/4958 6233/4454/4966 6237/4457/4969
f 6236/4456/4968 6235/4455/4967 6239/4458/4970
f 6235/4455/4967 6191/4427/4942 6192/4459/4971
f 6192/4459/4971 6239/4458/4970 6235/4455/4967
f 6239/4458/4970 6240/4460/4972 6236/4456/4968
f 6237/4457/4969 6236/4456/4968 6240/4460/4972
f 6239/4458/4970 6192/4459/4971 6193/4461/4973
f 6240/4460/4972 6241/4462/4974 6237/4457/4969
f 6242/4444/4958 6237/4457/4969 6241/4462/4974
f 6240/4460/4972 6239/4458/4970 6243/4463/4975
f 6193/4461/4973 6243/4463/4975 6239/4458/4970
f 6241/4462/4974 6240/4460/4972 6244/4464/4976
f 6243/4463/4975 6244/4464/4976 6240/4460/4972
f 6244/4464/4976 6245/4465/4977 6241/4462/4974
f 6246/4444/4958 6241/4462/4974 6245/4465/4977
f 6244/4464/4976 6243/4463/4975 6247/4466/4978
f 6243/4463/4975 6193/4461/4973 6194/4467/4803
f 6194/4467/4803 6247/4466/4978 6243/4463/4975
f 6247/4466/4978 6248/4468/4979 6244/4464/4976
f 6245/4465/4977 6244/4464/4976 6248/4468/4979
f 6248/4468/4979 6249/4469/4980 6245/4465/4977
f 6250/4444/4958 6245/4465/4977 6249/4469/4980
f 6249/4469/4980 6248/4468/4979 6251/4470/4981
f 6252/4444/4958 6249/4469/4980 6251/4470/4981
f 6248/4468/4979 6247/4466/4978 6253/4471/4982
f 6251/4470/4981 6248/4468/4979 6253/4471/4982
f 6247/4466/4978 6194/4467/4803 6254/4472/4983
f 6253/4471/4982 6247/4466/4978 6254/4472/4983
f 6253/4471/4982 6255/4473/4984 6251/4470/4981
f 6256/4444/4958 6251/4470/4981 6255/4473/4984
f 6254/4472/4983 6257/4474/4985 6253/4471/4982
f 6255/4473/4984 6253/4471/4982 6257/4474/4985
f 6254/4472/4983 6194/4467/4803 6195/4475/4986
f 6257/4474/4985 6258/4476/4987 6255/4473/4984
f 6259/4444/4958 6255/4473/4984 6258/4476/4987
f 6257/4474/4985 6254/4472/4983 6260/4477/4988
f 6195/4475/4986 6260/4477/4988 6254/4472/4983
f 6258/4476/4987 6257/4474/4985 6261/4478/4989
f 6260/4477/4988 6261/4478/4989 6257/4474/4985
f 6261/4478/4989 6262/4479/4990 6258/4476/4987
f 6263/4444/4958 6258/4476/4987 6262/4479/4990
f 6261/4478/4989 6260/4477/4988 6264/4480/4991
f 6260/4477/4988 6195/4475/4986 6196/4481/4806
f 6196/4481/4806 6264/4480/4991 6260/4477/4988
f 6264/4480/4991 6265/4482/4992 6261/4478/4989
f 6262/4479/4990 6261/4478/4989 6265/4482/4992
f 6264/4480/4991 6196/4481/4806 6197/4483/4993
f 6265/4482/4992 6266/4484/4994 6262/4479/4990
f 6267/4444/4958 6262/4479/4990 6266/4484/4994
f 6265/4482/4992 6264/4480/4991 6268/4485/4995
f 6197/4483/4993 6268/4485/4995 6264/4480/4991
f 6266/4484/4994 6265/4482/4992 6269/4486/4996
f 6268/4485/4995 6269/4486/4996 6265/4482/4992
f 6269/4486/4996 6270/4487/4997 6266/4484/4994
f 6271/4444/4958 6266/4484/4994 6270/4487/4997
f 6269/4486/4996 6268/4485/4995 6272/4488/4998
f 6268/4485/4995 6197/4483/4993 6273/4489/4999
f 6273/4489/4999 6272/4488/4998 6268/4485/4995
f 6272/4488/4998 6274/4490/5000 6269/4486/4996
f 6270/4487/4997 6269/4486/4996 6274/4490/5000
f 6272/4488/4998 6273/4489/4999 6275/4491/5001
f 6274/4490/5000 6276/4492/5002 6270/4487/4997
f 6277/4444/4958 6270/4487/4997 6276/4492/5002
f 6274/4490/5000 6272/4488/4998 6278/4493/5003
f 6275/4491/5001 6278/4493/5003 6272/4488/4998
f 6274/4490/5000 6279/4494/5004 6276/4492/5002
f 6278/4493/5003 6279/4494/5004 6274/4490/5000
f 6280/4495/5005 6276/4492/5002 6279/4494/5004
f 6281/4444/4958 6276/4492/5002 6280/4495/5005
f 6280/4495/5005 6279/4494/5004 6282/4496/5006
f 6282/4496/5006 6279/4494/5004 6283/4497/5007
f 6278/4493/5003 6283/4497/5007 6279/4494/5004
f 6282/4496/5006 6283/4497/5007 6284/4498/5008
f 6278/4493/5003 6275/4491/5001 6285/4499/5009
f 6285/4499/5009 6283/4497/5007 6278/4493/5003
f 6284/4498/5008 6283/4497/5007 6286/4500/5010
f 6283/4497/5007 6285/4499/5009 6286/4500/5010
f 6284/4498/5008 6286/4500/5010 6287/4501/5011
f 6275/4491/5001 6289/4502/4853 6288/4503/5012
f 6289/4502/4853 6275/4491/5001 6273/4489/4999
f 6273/4489/4999 6198/4504/5013 6289/4502/4853
f 6198/4504/5013 6273/4489/4999 6197/4483/4993
f 6290/4505/5014 6292/4506/5015 6291/4507/5016
f 6293/4508/5017 6291/4507/5016 6292/4506/5015
f 6294/4509/5018 6295/4510/5019 6290/4505/5014
f 6292/4506/5015 6290/4505/5014 6295/4510/5019
f 6292/4506/5015 6296/4511/5020 6293/4508/5017
f 6297/4512/5021 6293/4508/5017 6296/4511/5020
f 6295/4510/5019 6298/4513/5022 6292/4506/5015
f 6296/4511/5020 6292/4506/5015 6298/4513/5022
f 6295/4510/5019 6294/4509/5018 6201/4428/4943
f 6298/4513/5022 6295/4510/5019 6299/4514/5023
f 6201/4428/4943 6299/4514/5023 6295/4510/5019
f 6298/4513/5022 6300/4515/5024 6296/4511/5020
f 6301/4512/5021 6296/4511/5020 6300/4515/5024
f 6299/4514/5023 6302/4516/5025 6298/4513/5022
f 6300/4515/5024 6298/4513/5022 6302/4516/5025
f 6302/4516/5025 6303/4517/5026 6300/4515/5024
f 6304/4512/5021 6300/4515/5024 6303/4517/5026
f 6302/4516/5025 6299/4514/5023 6305/4518/5027
f 6299/4514/5023 6201/4428/4943 6202/4431/4945
f 6202/4431/4945 6305/4518/5027 6299/4514/5023
f 6305/4518/5027 6306/4519/5028 6302/4516/5025
f 6303/4517/5026 6302/4516/5025 6306/4519/5028
f 6305/4518/5027 6202/4431/4945 6204/4433/4947
f 6306/4519/5028 6307/4520/5029 6303/4517/5026
f 6308/4512/5021 6303/4517/5026 6307/4520/5029
f 6306/4519/5028 6305/4518/5027 6309/4521/5030
f 6204/4433/4947 6309/4521/5030 6305/4518/5027
f 6307/4520/5029 6306/4519/5028 6310/4522/5031
f 6309/4521/5030 6310/4522/5031 6306/4519/5028
f 6310/4522/5031 6311/4523/5032 6307/4520/5029
f 6312/4512/5021 6307/4520/5029 6311/4523/5032
f 6310/4522/5031 6309/4521/5030 6313/4524/5033
f 6309/4521/5030 6204/4433/4947 6205/4525/5034
f 6205/4525/5034 6313/4524/5033 6309/4521/5030
f 6313/4524/5033 6314/4526/5035 6310/4522/5031
f 6311/4523/5032 6310/4522/5031 6314/4526/5035
f 6313/4524/5033 6205/4525/5034 6206/4527/5036
f 6314/4526/5035 6315/4528/5037 6311/4523/5032
f 6316/4512/5021 6311/4523/5032 6315/4528/5037
f 6314/4526/5035 6313/4524/5033 6317/4529/5038
f 6206/4527/5036 6317/4529/5038 6313/4524/5033
f 6315/4528/5037 6314/4526/5035 6318/4530/5039
f 6317/4529/5038 6318/4530/5039 6314/4526/5035
f 6318/4530/5039 6319/4531/5040 6315/4528/5037
f 6320/4512/5021 6315/4528/5037 6319/4531/5040
f 6318/4530/5039 6317/4529/5038 6321/4532/5041
f 6317/4529/5038 6206/4527/5036 6207/4533/5042
f 6207/4533/5042 6321/4532/5041 6317/4529/5038
f 6321/4532/5041 6322/4534/5043 6318/4530/5039
f 6319/4531/5040 6318/4530/5039 6322/4534/5043
f 6322/4534/5043 6323/4535/5044 6319/4531/5040
f 6324/4512/5021 6319/4531/5040 6323/4535/5044
f 6325/4536/5045 6323/4535/5044 6322/4534/5043
f 6326/4512/5021 6323/4535/5044 6325/4536/5045
f 6327/4537/5046 6322/4534/5043 6321/4532/5041
f 6327/4537/5046 6325/4536/5045 6322/4534/5043
f 6328/4538/5047 6321/4532/5041 6207/4533/5042
f 6321/4532/5041 6328/4538/5047 6327/4537/5046
f 6329/4539/5048 6325/4536/5045 6327/4537/5046
f 6330/4512/5021 6325/4536/5045 6329/4539/5048
f 6331/4540/5049 6327/4537/5046 6328/4538/5047
f 6331/4540/5049 6329/4539/5048 6327/4537/5046
f 6207/4533/5042 6208/4541/5050 6328/4538/5047
f 6331/4540/5049 6332/4542/5051 6329/4539/5048
f 6333/4512/5021 6329/4539/5048 6332/4542/5051
f 6334/4543/5052 6331/4540/5049 6328/4538/5047
f 6334/4543/5052 6328/4538/5047 6208/4541/5050
f 6332/4542/5051 6331/4540/5049 6335/4544/5053
f 6335/4544/5053 6331/4540/5049 6334/4543/5052
f 6335/4544/5053 6336/4545/5054 6332/4542/5051
f 6337/4512/5021 6332/4542/5051 6336/4545/5054
f 6338/4546/5055 6335/4544/5053 6334/4543/5052
f 6336/4545/5054 6335/4544/5053 6339/4547/5056
f 6339/4547/5056 6335/4544/5053 6338/4546/5055
f 6339/4547/5056 6340/4548/5057 6336/4545/5054
f 6341/4512/5021 6336/4545/5054 6340/4548/5057
f 6339/4547/5056 6338/4546/5055 6342/4549/5058
f 6338/4546/5055 6334/4543/5052 6343/4550/5059
f 6208/4541/5050 6343/4550/5059 6334/4543/5052
f 6340/4548/5057 6339/4547/5056 6344/4551/5060
f 6342/4549/5058 6344/4551/5060 6339/4547/5056
f 6344/4551/5060 6345/4552/5061 6340/4548/5057
f 6346/4512/5021 6340/4548/5057 6345/4552/5061
f 6347/4553/5062 6338/4546/5055 6343/4550/5059
f 6342/4549/5058 6338/4546/5055 6347/4553/5062
f 6344/4551/5060 6342/4549/5058 6348/4554/5063
f 6349/4555/5064 6342/4549/5058 6347/4553/5062
f 6348/4554/5063 6342/4549/5058 6349/4555/5064
f 6349/4555/5064 6347/4553/5062 6209/4556/5065
f 6348/4554/5063 6350/4557/5066 6344/4551/5060
f 6345/4552/5061 6344/4551/5060 6350/4557/5066
f 6348/4554/5063 6349/4555/5064 6351/4558/4906
f 6350/4557/5066 6352/4559/5067 6345/4552/5061
f 6353/4512/5021 6345/4552/5061 6352/4559/5067
f 6350/4557/5066 6348/4554/5063 6354/4560/5068
f 6351/4558/4906 6354/4560/5068 6348/4554/5063
f 6352/4559/5067 6350/4557/5066 6355/4561/5069
f 6354/4560/5068 6355/4561/5069 6350/4557/5066
f 6355/4561/5069 6356/4562/5070 6352/4559/5067
f 6357/4512/5071 6352/4559/5067 6356/4562/5070
f 6356/4562/5070 6355/4561/5069 6358/4563/5072
f 6359/4564/5073 6358/4563/5072 6355/4561/5069
f 6355/4561/5069 6354/4560/5068 6359/4564/5073
f 6358/4563/5072 6359/4564/5073 6360/4565/5074
f 6361/4566/5075 6360/4565/5074 6359/4564/5073
f 6360/4565/5074 6361/4566/5075 6362/4567/5076
f 6363/4568/4904 6359/4564/5073 6354/4560/5068
f 6354/4560/5068 6351/4558/4906 6363/4568/4904
f 6359/4564/5073 6363/4568/4904 6361/4566/5075
f 6211/4569/4868 6351/4558/4906 6210/4570/4869
f 6351/4558/4906 6349/4555/5064 6210/4570/4869
f 6210/4570/4869 6349/4555/5064 6209/4556/5065
f 6366/4571/5077 6365/4572/4590 6364/4573/5078
f 6364/4573/5078 6290/4505/5014 6366/4571/5077
f 6291/4507/5016 6366/4571/5077 6290/4505/5014
f 6290/4505/5014 6364/4573/5078 6294/4509/5018
f 6369/4574/5079 6367/4575/4938 6368/4576/4939
f 6368/4576/4939 6370/4577/5080 6369/4574/5079
f 6371/4578/5081 6369/4574/5079 6370/4577/5080
f 6370/4577/5080 6372/4579/4835 6371/4578/5081
f 6373/4580/5082 6371/4578/5081 6372/4579/4835
f 6372/4579/4835 6374/4581/4831 6373/4580/5082
f 6375/4582/5083 6373/4580/5082 6374/4581/4831
f 6374/4581/4831 6376/4583/5084 6375/4582/5083
f 6377/4584/5085 6375/4582/5083 6376/4583/5084
f 6376/4583/5084 6378/4585/4845 6377/4584/5085
f 6379/4586/5086 6377/4584/5085 6378/4585/4845
f 6378/4585/4845 6380/4587/4849 6379/4586/5086
f 6381/4588/5087 6379/4586/5086 6380/4587/4849
f 6380/4587/4849 6382/4589/5088 6381/4588/5087
f 6383/4590/4593 6381/4588/5087 6382/4589/5088
f 6382/4589/5088 6384/4591/4594 6383/4590/4593
f 6385/4592/5089 6387/4593/2468 6386/4594/2464
f 6388/4595/5090 6386/4594/2464 6387/4593/2468
f 6388/4595/5090 6390/4596/4510 6389/4597/5091
f 6390/4596/4510 6388/4595/5090 6391/4598/5092
f 6387/4593/2468 6391/4598/5092 6388/4595/5090
f 6391/4598/5092 6392/4599/4512 6390/4596/4510
f 6393/4600/5093 6392/4599/4512 6391/4598/5092
f 6394/4601/5094 6391/4598/5092 6387/4593/2468
f 6391/4598/5092 6394/4601/5094 6393/4600/5093
f 6395/4602/5095 6393/4600/5093 6394/4601/5094
f 6387/4593/2468 6396/4603/5096 6394/4601/5094
f 6396/4603/5096 6387/4593/2468 6385/4592/5089
f 6394/4601/5094 6397/4604/5097 6395/4602/5095
f 6397/4604/5097 6394/4601/5094 6396/4603/5096
f 6398/4605/5098 6395/4602/5095 6397/4604/5097
f 6397/4604/5097 6399/4606/5099 6398/4605/5098
f 6396/4603/5096 6401/4607/5100 6397/4604/5097
f 6399/4606/5099 6397/4604/5097 6401/4607/5100
f 6385/4592/5089 6402/4608/5101 6396/4603/5096
f 6401/4607/5100 6396/4603/5096 6402/4608/5101
f 6402/4608/5101 6385/4592/5089 6403/4609/2396
f 6400/4610/5102 6399/4606/5099 6404/4611/5103
f 6401/4607/5100 6404/4611/5103 6399/4606/5099
f 6404/4611/5103 6405/4612/5104 6400/4610/5102
f 6402/4608/5101 6406/4613/5105 6401/4607/5100
f 6404/4611/5103 6401/4607/5100 6406/4613/5105
f 6403/4609/2396 6407/4614/2397 6402/4608/5101
f 6406/4613/5105 6402/4608/5101 6407/4614/2397
f 6405/4612/5104 6404/4611/5103 6408/4615/5106
f 6406/4613/5105 6408/4615/5106 6404/4611/5103
f 6408/4615/5106 6409/4616/5036 6405/4612/5104
f 6407/4614/2397 6410/4617/5107 6406/4613/5105
f 6408/4615/5106 6406/4613/5105 6410/4617/5107
f 6411/4618/5108 6407/4614/2397 6403/4609/2396
f 6409/4616/5036 6408/4615/5106 6412/4619/5109
f 6410/4617/5107 6412/4619/5109 6408/4615/5106
f 6412/4619/5109 6413/4620/5042 6409/4616/5036
f 6414/4621/5110 6413/4620/5042 6412/4619/5109
f 6412/4619/5109 6415/4622/5111 6414/4621/5110
f 6415/4622/5111 6412/4619/5109 6410/4617/5107
f 6403/4609/2396 6416/4623/5112 6411/4618/5108
f 6410/4617/5107 6417/4624/5113 6415/4622/5111
f 6417/4624/5113 6410/4617/5107 6407/4614/2397
f 6407/4614/2397 6411/4618/5108 6417/4624/5113
f 6418/4625/5114 6415/4622/5111 6417/4624/5113
f 6417/4624/5113 6419/4626/5115 6418/4625/5114
f 6419/4626/5115 6417/4624/5113 6411/4618/5108
f 6420/4627/5116 6418/4625/5114 6419/4626/5115
f 6421/4628/2390 6411/4618/5108 6416/4623/5112
f 6411/4618/5108 6421/4628/2390 6419/4626/5115
f 6416/4623/5112 6422/4629/2389 6421/4628/2390
f 6419/4626/5115 6423/4630/5117 6420/4627/5116
f 6423/4630/5117 6419/4626/5115 6421/4628/2390
f 6424/4631/4869 6420/4627/5116 6423/4630/5117
f 6425/4632/5118 6421/4628/2390 6422/4629/2389
f 6421/4628/2390 6425/4632/5118 6423/4630/5117
f 6422/4629/2389 6426/4633/5119 6425/4632/5118
f 6427/4634/4867 6425/4632/5118 6426/4633/5119
f 6428/4635/5120 6423/4630/5117 6425/4632/5118
f 6425/4632/5118 6427/4634/4867 6428/4635/5120
f 6423/4630/5117 6428/4635/5120 6424/4631/4869
f 6431/4636/4927 6430/4637/4871 6426/4633/5119
f 6426/4633/5119 6430/4637/4871 6427/4634/4867
f 6432/4638/5121 6431/4636/4927 6433/4639/5122
f 6426/4633/5119 6433/4639/5122 6431/4636/4927
f 6429/4640/4614 6432/4638/5121 6434/4641/5123
f 6433/4639/5122 6434/4641/5123 6432/4638/5121
f 6434/4641/5123 6435/4642/5124 6429/4640/4614
f 6436/4643/5125 6435/4642/5124 6437/4644/5126
f 6437/4644/5126 6438/4645/5127 6436/4643/5125
f 6435/4642/5124 6434/4641/5123 6439/4646/5128
f 6439/4646/5128 6437/4644/5126 6435/4642/5124
f 6434/4641/5123 6433/4639/5122 6440/4647/2391
f 6440/4647/2391 6439/4646/5128 6434/4641/5123
f 6422/4629/2389 6440/4647/2391 6433/4639/5122
f 6433/4639/5122 6426/4633/5119 6422/4629/2389
f 6438/4645/5127 6437/4644/5126 6441/4648/5129
f 6441/4648/5129 6442/4649/2036 6438/4645/5127
f 6437/4644/5126 6439/4646/5128 6443/4650/5130
f 6443/4650/5130 6441/4648/5129 6437/4644/5126
f 6439/4646/5128 6440/4647/2391 6444/4651/5131
f 6444/4651/5131 6443/4650/5130 6439/4646/5128
f 6440/4647/2391 6422/4629/2389 6416/4623/5112
f 6416/4623/5112 6444/4651/5131 6440/4647/2391
f 6442/4649/2036 6441/4648/5129 6445/4652/5132
f 6445/4652/5132 6446/4653/4721 6442/4649/2036
f 6447/4654/2022 6446/4653/4721 6445/4652/5132
f 6448/4655/5133 6445/4652/5132 6441/4648/5129
f 6441/4648/5129 6443/4650/5130 6448/4655/5133
f 6445/4652/5132 6449/4656/5134 6447/4654/2022
f 6449/4656/5134 6445/4652/5132 6448/4655/5133
f 6450/4657/5135 6447/4654/2022 6449/4656/5134
f 6451/4658/2403 6448/4655/5133 6443/4650/5130
f 6443/4650/5130 6444/4651/5131 6451/4658/2403
f 6448/4655/5133 6452/4659/5136 6449/4656/5134
f 6452/4659/5136 6448/4655/5133 6451/4658/2403
f 6449/4656/5134 6453/4660/5137 6450/4657/5135
f 6453/4660/5137 6449/4656/5134 6452/4659/5136
f 6454/4661/5138 6450/4657/5135 6453/4660/5137
f 6403/4609/2396 6451/4658/2403 6444/4651/5131
f 6444/4651/5131 6416/4623/5112 6403/4609/2396
f 6451/4658/2403 6455/4662/5139 6452/4659/5136
f 6455/4662/5139 6451/4658/2403 6403/4609/2396
f 6452/4659/5136 6456/4663/5140 6453/4660/5137
f 6456/4663/5140 6452/4659/5136 6455/4662/5139
f 6453/4660/5137 6457/4664/5141 6454/4661/5138
f 6457/4664/5141 6453/4660/5137 6456/4663/5140
f 6458/4665/4576 6457/4664/5141 6459/4666/5142
f 6456/4663/5140 6459/4666/5142 6457/4664/5141
f 6459/4666/5142 6389/4597/5091 6458/4665/4576
f 6455/4662/5139 6386/4594/2464 6456/4663/5140
f 6459/4666/5142 6456/4663/5140 6386/4594/2464
f 6386/4594/2464 6455/4662/5139 6385/4592/5089
f 6403/4609/2396 6385/4592/5089 6455/4662/5139
f 6386/4594/2464 6388/4595/5090 6459/4666/5142
f 6389/4597/5091 6459/4666/5142 6388/4595/5090
f 6460/4667/4768 6462/4668/4598 6461/4669/4602
f 6462/4668/4598 6463/4670/4600 6461/4669/4602
f 6464/4671/5143 6460/4667/4768 6461/4669/4602
f 6461/4669/4602 6465/4672/5144 6464/4671/5143
f 6465/4672/5144 6466/4673/4606 6464/4671/5143
f 6464/4671/5143 6467/4674/4766 6460/4667/4768
f 6464/4671/5143 6468/4675/4764 6467/4674/4766
f 6460/4667/4768 6469/4676/5145 6462/4668/4598
f 6460/4667/4768 6470/4677/5146 6469/4676/5145
f 6462/4668/4598 6469/4676/5145 6471/4678/5147
f 6472/4679/5148 6462/4668/4598 6471/4678/5147
f 6472/4679/5148 6473/4680/4596 6462/4668/4598
f 6472/4679/5148 6474/4681/5149 6473/4680/4596
f 6471/4678/5147 6475/4682/5086 6472/4679/5148
f 6475/4682/5086 6476/4683/5087 6472/4679/5148
f 6477/4684/5082 6478/4685/5150 6471/4678/5147
f 6477/4684/5082 6471/4678/5147 6469/4676/5145
f 6477/4684/5082 6469/4676/5145 6479/4686/4935
f 6480/4687/4932 6479/4686/4935 6469/4676/5145
f 6480/4687/4932 6481/4688/4933 6479/4686/4935
f 6482/4689/5151 6477/4684/5082 6479/4686/4935
f 6479/4686/4935 6483/4690/4936 6482/4689/5151
f 6483/4690/4936 6484/4691/4937 6482/4689/5151
f 6482/4689/5151 6485/4692/5081 6477/4684/5082
f 6482/4689/5151 6486/4693/5079 6485/4692/5081
f 6480/4687/4932 6469/4676/5145 6487/4694/5152
f 6487/4694/5152 6469/4676/5145 6488/4695/4758
f 6488/4695/4758 6489/4696/5153 6487/4694/5152
f 6487/4694/5152 6490/4697/5154 6480/4687/4932
f 6487/4694/5152 6491/4698/4930 6490/4697/5154
f 6492/4699/5155 6414/4621/5110 6415/4622/5111
f 6493/4700/5062 6492/4699/5155 6418/4625/5114
f 6415/4622/5111 6418/4625/5114 6492/4699/5155
f 6418/4625/5114 6420/4627/5116 6493/4700/5062
